test_name,client_name,target_opcode,source_label,nobs,intercept_runtime_ms,intercept_pvalue,rsquared,rsquared_adj,target_coef_runtime_ms,target_coef_pvalue,target_coef_conf_int_low,target_coef_conf_int_high,param_mod_bits,param_opcode,param_calldata_size,param_returned_size,param_mem_size,param_return_size,param_copy_size,msg_words_runtime_ms,msg_words_pvalue,msg_words_conf_int_low,msg_words_conf_int_high,size_words_runtime_ms,size_words_pvalue,size_words_conf_int_low,size_words_conf_int_high,num_rounds_runtime_ms,num_rounds_pvalue,num_rounds_conf_int_low,num_rounds_conf_int_high,param_bn128,num_pairs_runtime_ms,num_pairs_pvalue,num_pairs_conf_int_low,num_pairs_conf_int_high
test_alt_bn128,besu,ECADD,presets[precompile_bn128_add],3773,150.98888341272482,0.001,0.8854904301271169,0.8854600642905025,0.0006191779322695188,0.001,0.0006122256829192018,0.0006265063249492333,,,,,,,,,,,,,,,,,,,,add,,,,
test_alt_bn128,erigon,ECADD,presets[precompile_bn128_add],253,43.13313737501475,0.001,0.9285082837329663,0.9282234561781176,0.0007153682823234776,0.001,0.0006938984373915282,0.0007369396497567118,,,,,,,,,,,,,,,,,,,,add,,,,
test_alt_bn128,ethrex,ECADD,presets[precompile_bn128_add],1606,135.53477693554882,0.001,0.8262529756453569,0.826144654557854,0.0005760683166322168,0.001,0.0005631987373612991,0.0005895856402265684,,,,,,,,,,,,,,,,,,,,add,,,,
test_alt_bn128,geth,ECADD,presets[precompile_bn128_add],4224,80.38359800636425,0.001,0.8806789281323479,0.8806506663910245,0.00038894973171132606,0.001,0.0003847386273975359,0.00039330678208029756,,,,,,,,,,,,,,,,,,,,add,,,,
test_alt_bn128,nethermind,ECADD,presets[precompile_bn128_add],1177,77.6281389765946,0.001,0.9159654862980711,0.9158939675630056,0.00043845821435475044,0.001,0.0004305795316664616,0.000445734929477784,,,,,,,,,,,,,,,,,,,,add,,,,
test_alt_bn128,reth,ECADD,presets[precompile_bn128_add],99,133.01291617893452,0.001,0.866972872388394,0.8656014587016765,0.0005894571294320979,0.001,0.0005412395135143171,0.0006379114505940006,,,,,,,,,,,,,,,,,,,,add,,,,
test_alt_bn128,besu,ECADD,presets[precompile_bn128_add],3773,77.79081433318471,0.001,0.8908261323111893,0.890797181404881,0.00036559456959101775,0.001,0.000361190586072659,0.00037002236244739064,,,,,,,,,,,,,,,,,,,,add_infinities,,,,
test_alt_bn128,erigon,ECADD,presets[precompile_bn128_add],253,23.647465738584255,0.001,0.9182209338638728,0.9178951208513783,0.0005725270626452671,0.001,0.0005576969742953087,0.0005858495480259705,,,,,,,,,,,,,,,,,,,,add_infinities,,,,
test_alt_bn128,ethrex,ECADD,presets[precompile_bn128_add],1606,26.829744559298543,0.001,0.8416116773107898,0.8415129314737018,0.0001401847194862074,0.001,0.00013681090690081498,0.00014338254221989136,,,,,,,,,,,,,,,,,,,,add_infinities,,,,
test_alt_bn128,geth,ECADD,presets[precompile_bn128_add],4224,12.573800753907703,0.001,0.7893857992367914,0.7893359143005614,0.00010972109253768527,0.001,0.00010817641468542112,0.00011129420013518812,,,,,,,,,,,,,,,,,,,,add_infinities,,,,
test_alt_bn128,nethermind,ECADD,presets[precompile_bn128_add],1177,15.90255085048753,0.001,0.9190347714708094,0.9189658648933378,0.00020059715072069217,0.001,0.00019772324985532094,0.0002033627635370219,,,,,,,,,,,,,,,,,,,,add_infinities,,,,
test_alt_bn128,reth,ECADD,presets[precompile_bn128_add],99,7.54682666200581,0.016,0.9867329306379399,0.9865961567269907,0.00037723475011993004,0.001,0.0003692129445052179,0.0003853780083738233,,,,,,,,,,,,,,,,,,,,add_infinities,,,,
test_alt_bn128,besu,ECADD,presets[precompile_bn128_add],3773,83.31144041057681,0.001,0.8863541066313585,0.8863239698259041,0.00038387291484406167,0.001,0.0003793879110354154,0.00038899269511654495,,,,,,,,,,,,,,,,,,,,add_negative,,,,
test_alt_bn128,erigon,ECADD,presets[precompile_bn128_add],253,28.95038954451997,0.001,0.8495046325372192,0.8489050493999173,0.0005786171252335112,0.001,0.0005583855735297322,0.0005957170806689037,,,,,,,,,,,,,,,,,,,,add_negative,,,,
test_alt_bn128,ethrex,ECADD,presets[precompile_bn128_add],1606,46.46449242856205,0.001,0.8412918796126057,0.8411929344003941,0.0002003961160159422,0.001,0.00019603277566517828,0.00020532282795506028,,,,,,,,,,,,,,,,,,,,add_negative,,,,
test_alt_bn128,geth,ECADD,presets[precompile_bn128_add],4224,17.197088771837343,0.001,0.8743324671843867,0.8743027022547762,0.0001692868526464808,0.001,0.00016751108762417939,0.00017118270297630453,,,,,,,,,,,,,,,,,,,,add_negative,,,,
test_alt_bn128,nethermind,ECADD,presets[precompile_bn128_add],1177,27.089950319586396,0.001,0.9102353701028776,0.910158974673178,0.0002672908080591588,0.001,0.00026229083476785,0.0002719811099344955,,,,,,,,,,,,,,,,,,,,add_negative,,,,
test_alt_bn128,reth,ECADD,presets[precompile_bn128_add],99,25.16188194287541,0.001,0.9774056659131221,0.9771727346338759,0.00035350383405987414,0.001,0.00034478536727449094,0.00036273855142081817,,,,,,,,,,,,,,,,,,,,add_negative,,,,
test_alt_bn128,besu,ECADD,presets[precompile_bn128_add],3773,127.52945895528629,0.001,0.882417544919814,0.8823863642104318,0.0006551432544075234,0.001,0.0006460707859305157,0.000663184309979086,,,,,,,,,,,,,,,,,,,,double,,,,
test_alt_bn128,erigon,ECADD,presets[precompile_bn128_add],253,55.41511926075681,0.001,0.8591574357226426,0.8585963099685495,0.0007102167500508184,0.001,0.0006839807109518864,0.0007342660173220315,,,,,,,,,,,,,,,,,,,,double,,,,
test_alt_bn128,ethrex,ECADD,presets[precompile_bn128_add],1606,133.91703026077042,0.001,0.8270375838295388,0.826929751899258,0.0005871569436618022,0.001,0.0005731006843854007,0.0006010672600915186,,,,,,,,,,,,,,,,,,,,double,,,,
test_alt_bn128,geth,ECADD,presets[precompile_bn128_add],4224,73.40203748822718,0.001,0.879465600114109,0.879437050990498,0.00040468728373137903,0.001,0.0003995862826716939,0.0004094858542807321,,,,,,,,,,,,,,,,,,,,double,,,,
test_alt_bn128,nethermind,ECADD,presets[precompile_bn128_add],1177,48.56637200979483,0.001,0.9289630178252364,0.9289025608191301,0.0004718004285278287,0.001,0.00046401527161776183,0.0004790823259129946,,,,,,,,,,,,,,,,,,,,double,,,,
test_alt_bn128,reth,ECADD,presets[precompile_bn128_add],99,122.70381916577745,0.001,0.8590920595485124,0.8576394003686002,0.0006084142430731078,0.001,0.0005562365113441235,0.0006597934069602788,,,,,,,,,,,,,,,,,,,,double,,,,
test_alt_bn128,besu,ECMUL,presets[precompile_bn128_mul],11319,29.81584159362673,0.001,0.038620543678492436,0.038535593651425004,0.0029642184642197857,0.001,0.0027082417261359714,0.0032170232132807263,,,,,,,,,,,,,,,,,,,,,,,,
test_alt_bn128,erigon,ECMUL,presets[precompile_bn128_mul],759,19.628754275663354,0.065,0.14090770593540847,0.1397728416103562,0.005046421576189073,0.001,0.0041158267486055295,0.005799527616894401,,,,,,,,,,,,,,,,,,,,,,,,
test_alt_bn128,ethrex,ECMUL,presets[precompile_bn128_mul],4818,43.85601475802468,0.001,0.03176709443776815,0.031566049399237794,0.004336334732643252,0.001,0.003670456807235021,0.005026865667060554,,,,,,,,,,,,,,,,,,,,,,,,
test_alt_bn128,geth,ECMUL,presets[precompile_bn128_mul],12672,47.85886383360669,0.001,0.22917678066058722,0.22911594220602216,0.0050260293702400075,0.001,0.004872068105086917,0.005174827351562569,,,,,,,,,,,,,,,,,,,,,,,,
test_alt_bn128,nethermind,ECMUL,presets[precompile_bn128_mul],3531,19.881189613400878,0.009,0.05190356742848956,0.0516349087624165,0.003760845899707873,0.001,0.003224853960518603,0.004315931780048018,,,,,,,,,,,,,,,,,,,,,,,,
test_alt_bn128,reth,ECMUL,presets[precompile_bn128_mul],297,42.599184749577994,0.153,0.03511375588290799,0.031842955055392475,0.00458292494466127,0.001,0.0019561119884143334,0.006465703100751383,,,,,,,,,,,,,,,,,,,,,,,,
test_alt_bn128_benchmark,besu,ECPAIRING,presets[precompile_bn128_pairing],18865,52.68429282389553,0.001,0.8814016799591007,0.8813891045885099,0.04590503085976372,0.001,0.045588416921859554,0.0462544915233811,,,,,,,,,,,,,,,,,,,,,0.02621009199115501,0.001,0.026049349606831577,0.026375325463024745
test_alt_bn128_benchmark,erigon,ECPAIRING,presets[precompile_bn128_pairing],1265,25.868094512326486,0.001,0.7730103547899358,0.7726506247658311,0.05038200573970709,0.001,0.0483965816316235,0.052081338998043146,,,,,,,,,,,,,,,,,,,,,0.029838268378582822,0.001,0.028546694972274564,0.031207767848305933
test_alt_bn128_benchmark,ethrex,ECPAIRING,presets[precompile_bn128_pairing],8030,110.65610412535318,0.001,0.8118809561443311,0.8118340845749139,0.047574221167375114,0.001,0.04627101703158914,0.04883558679339655,,,,,,,,,,,,,,,,,,,,,0.058890533668481536,0.001,0.05822522168965378,0.05957948074412646
test_alt_bn128_benchmark,geth,ECPAIRING,presets[precompile_bn128_pairing],21120,52.73197427669001,0.001,0.8181266812673958,0.8181094559684677,0.04432850072387884,0.001,0.04393329530241179,0.04472835939538135,,,,,,,,,,,,,,,,,,,,,0.026477196590392552,0.001,0.026284340631285125,0.026662891876528483
test_alt_bn128_benchmark,nethermind,ECPAIRING,presets[precompile_bn128_pairing],5885,79.70455180883914,0.001,0.9345438439038208,0.9345215874753624,0.06650304536854049,0.001,0.06515309611318479,0.06787051565568984,,,,,,,,,,,,,,,,,,,,,0.10238708264106014,0.001,0.10164411169972945,0.10317855927879395
test_alt_bn128_benchmark,reth,ECPAIRING,presets[precompile_bn128_pairing],495,112.0218090441449,0.001,0.8172489560331186,0.816506065610489,0.046879652338244655,0.001,0.04256768495387685,0.05163995791061906,,,,,,,,,,,,,,,,,,,,,0.057951030273978126,0.001,0.05546203904486338,0.06053192985472489
test_alt_bn128_uncachable,besu,ECADD,presets[precompile_bn128_add_uncachable],3773,173.859578909496,0.001,0.8778011155645773,0.8777687106628442,0.0008980850927259728,0.001,0.0008869074434738386,0.0009088410970462007,,,,,,,,,,,,,,,,,,,,,,,,
test_alt_bn128_uncachable,erigon,ECADD,presets[precompile_bn128_add_uncachable],253,65.93179798816315,0.001,0.935644591736809,0.9353881956879517,0.0010753805466295868,0.001,0.0010415507574385804,0.0011050606937056807,,,,,,,,,,,,,,,,,,,,,,,,
test_alt_bn128_uncachable,ethrex,ECADD,presets[precompile_bn128_add_uncachable],1606,187.1474675106326,0.001,0.815445309455576,0.8153302504215708,0.0009037533886959886,0.001,0.0008822401101115564,0.0009273776608078604,,,,,,,,,,,,,,,,,,,,,,,,
test_alt_bn128_uncachable,geth,ECADD,presets[precompile_bn128_add_uncachable],4224,107.40865510311635,0.001,0.8612502436454363,0.8612173801313779,0.0006025561506139454,0.001,0.0005947134922272968,0.0006097704775049706,,,,,,,,,,,,,,,,,,,,,,,,
test_alt_bn128_uncachable,nethermind,ECADD,presets[precompile_bn128_add_uncachable],1177,70.22416410380363,0.001,0.9444476464586072,0.9444003678598486,0.0007572542519124407,0.001,0.0007465017307191877,0.0007677317672102703,,,,,,,,,,,,,,,,,,,,,,,,
test_alt_bn128_uncachable,reth,ECADD,presets[precompile_bn128_add_uncachable],99,186.49746395532725,0.001,0.8362217911059633,0.8345333559627258,0.0009582113312329893,0.001,0.0008699639836177624,0.0010438372640293083,,,,,,,,,,,,,,,,,,,,,,,,
test_alt_bn128_uncachable,besu,ECMUL,presets[precompile_bn128_mul_uncachable],7546,48.93437124315391,0.001,0.07795579014765452,0.07783356795652885,0.005301751018540986,0.001,0.004942125557443381,0.005726949711139505,,,,,,,,,,,,,,,,,,,,,,,,
test_alt_bn128_uncachable,erigon,ECMUL,presets[precompile_bn128_mul_uncachable],506,27.726586860859367,0.138,0.09823253218619188,0.09644331101989467,0.005819901250523358,0.001,0.004335908542387296,0.0070531825075177594,,,,,,,,,,,,,,,,,,,,,,,,
test_alt_bn128_uncachable,ethrex,ECMUL,presets[precompile_bn128_mul_uncachable],3212,83.39999785680625,0.001,0.06480231280227289,0.06451097395890903,0.008228172976429592,0.001,0.007152241122225885,0.009275061262449112,,,,,,,,,,,,,,,,,,,,,,,,
test_alt_bn128_uncachable,geth,ECMUL,presets[precompile_bn128_mul_uncachable],8448,65.8655601334876,0.001,0.1739004809462219,0.17380267138914707,0.006424478475231047,0.001,0.0061117454874166244,0.0067289069044098445,,,,,,,,,,,,,,,,,,,,,,,,
test_alt_bn128_uncachable,nethermind,ECMUL,presets[precompile_bn128_mul_uncachable],2354,27.759506089635167,0.003,0.08926968018016124,0.08888246490812901,0.005583582663386661,0.001,0.004888221905080738,0.006348358505941125,,,,,,,,,,,,,,,,,,,,,,,,
test_alt_bn128_uncachable,reth,ECMUL,presets[precompile_bn128_mul_uncachable],198,84.37327939479061,0.094,0.06619513038552749,0.06143081982626997,0.008392124919152158,0.001,0.004190118504351761,0.011790248969122343,,,,,,,,,,,,,,,,,,,,,,,,
test_arithmetic,besu,ADD,presets[arithmetic_add],3773,116.91710623832225,0.001,0.6825481290846339,0.68246394667389,1.0047238380601524e-05,0.001,9.840614917653291e-06,1.0271589645859954e-05,,,,,,,,,,,,,,,,,,,,,,,,
test_arithmetic,erigon,ADD,presets[arithmetic_add],253,15.01972832588623,0.001,0.9356288029258019,0.935372343973315,3.0070750829481712e-06,0.001,2.903040403380674e-06,3.096343808626937e-06,,,,,,,,,,,,,,,,,,,,,,,,
test_arithmetic,ethrex,ADD,presets[arithmetic_add],1606,10.172083177164223,0.001,0.7930188352021369,0.7928897945757043,1.1100209671882229e-06,0.001,1.081861283848848e-06,1.1384698810983502e-06,,,,,,,,,,,,,,,,,,,,,,,,
test_arithmetic,geth,ADD,presets[arithmetic_add],4224,45.124790623884024,0.001,0.7352957394594837,0.7352330430453339,4.162001057595128e-06,0.001,4.087884463207534e-06,4.24117983854267e-06,,,,,,,,,,,,,,,,,,,,,,,,
test_arithmetic,nethermind,ADD,presets[arithmetic_add],1177,17.548559455303725,0.001,0.8412676969180726,0.8411326055963007,2.4652828729229056e-06,0.001,2.389314309157179e-06,2.528197955981344e-06,,,,,,,,,,,,,,,,,,,,,,,,
test_arithmetic,reth,ADD,presets[arithmetic_add],99,7.675872865891811,0.001,0.7828222732701811,0.7805833276337912,9.686822233807503e-07,0.001,8.822483795712267e-07,1.0558362417235224e-06,,,,,,,,,,,,,,,,,,,,,,,,
test_arithmetic,besu,ADDMOD,presets[arithmetic_addmod],3773,70.48261162071925,0.001,0.6573624237176836,0.6572715625200484,1.1646514979949648e-05,0.001,1.140050847260953e-05,1.188574033266701e-05,,,,,,,,,,,,,,,,,,,,,,,,
test_arithmetic,erigon,ADDMOD,presets[arithmetic_addmod],253,14.461838706459798,0.001,0.9381698350969825,0.9379234997786438,4.367133959759705e-06,0.001,4.211060003980008e-06,4.511748629931628e-06,,,,,,,,,,,,,,,,,,,,,,,,
test_arithmetic,ethrex,ADDMOD,presets[arithmetic_addmod],1606,7.991660068242183,0.001,0.7901725859695611,0.7900417708735321,1.7472839758959144e-06,0.001,1.7020245158814272e-06,1.794714926512306e-06,,,,,,,,,,,,,,,,,,,,,,,,
test_arithmetic,geth,ADDMOD,presets[arithmetic_addmod],4224,20.026712751495634,0.001,0.7182877078292003,0.7182209829850101,5.953030192005624e-06,0.001,5.837438419041905e-06,6.067483516750622e-06,,,,,,,,,,,,,,,,,,,,,,,,
test_arithmetic,nethermind,ADDMOD,presets[arithmetic_addmod],1177,61.792319066270146,0.001,0.0,-0.0008510638297871687,0.0,1.0,0.0,0.0,,,,,,,,,,,,,,,,,,,,,,,,
test_arithmetic,reth,ADDMOD,presets[arithmetic_addmod],99,6.012881995572546,0.001,0.7774300238418542,0.7751354880051723,1.5455571127603325e-06,0.001,1.3950750472559812e-06,1.7151351900348008e-06,,,,,,,,,,,,,,,,,,,,,,,,
test_arithmetic,besu,DIV,presets[arithmetic_div],3773,141.60812573770954,0.001,0.7098163528506661,0.7097394014724775,1.5153297943120834e-05,0.001,1.4873473279463773e-05,1.545158114950236e-05,,,,,,,,,,,,,,,,,,,,,,,,
test_arithmetic,erigon,DIV,presets[arithmetic_div],253,23.43416327741572,0.001,0.8970377827872208,0.8966275747505165,1.0150480195280743e-05,0.001,9.731974564589143e-06,1.054178888049814e-05,,,,,,,,,,,,,,,,,,,,,,,,
test_arithmetic,ethrex,DIV,presets[arithmetic_div],1606,72.43634931247936,0.001,0.8401171679629161,0.8400174903868332,9.333352673135192e-06,0.001,9.110872689607811e-06,9.564482564485401e-06,,,,,,,,,,,,,,,,,,,,,,,,
test_arithmetic,geth,DIV,presets[arithmetic_div],4224,75.53364832978498,0.001,0.7985939745390157,0.7985462706011993,9.499419336149214e-06,0.001,9.351716939233044e-06,9.64042557407133e-06,,,,,,,,,,,,,,,,,,,,,,,,
test_arithmetic,nethermind,DIV,presets[arithmetic_div],1177,129.03308112273606,0.001,0.6413473685889589,0.6410421323069069,7.754418948873749e-06,0.001,7.340270844481897e-06,8.189935024083964e-06,,,,,,,,,,,,,,,,,,,,,,,,
test_arithmetic,reth,DIV,presets[arithmetic_div],99,55.02105159161568,0.001,0.8304835378327459,0.8287359454392691,7.010365467593827e-06,0.001,6.316799161608305e-06,7.706012556388655e-06,,,,,,,,,,,,,,,,,,,,,,,,
test_arithmetic,besu,EXP,presets[arithmetic_exp],3773,95.68951221738644,0.001,0.7568253340788774,0.7567608486198689,0.0010938695063995223,0.001,0.001072943285799203,0.0011143764864250355,,,,,,,,,,,,,,,,,,,,,,,,
test_arithmetic,erigon,EXP,presets[arithmetic_exp],253,0.9511692772335971,0.391,0.18062966379227852,0.17736524014204846,0.0004819393969527773,0.001,0.000360877128856777,0.0005438356922127204,,,,,,,,,,,,,,,,,,,,,,,,
test_arithmetic,ethrex,EXP,presets[arithmetic_exp],1606,35.476965288453584,0.001,0.8278020064161179,0.8276946510585219,0.000921052278813977,0.001,0.0008999580899030482,0.0009418711634287018,,,,,,,,,,,,,,,,,,,,,,,,
test_arithmetic,geth,EXP,presets[arithmetic_exp],4224,13.61553910150367,0.001,0.6931693902838026,0.6930967160512786,0.00034889181553391177,0.001,0.00034077523390814874,0.000356672423827114,,,,,,,,,,,,,,,,,,,,,,,,
test_arithmetic,nethermind,EXP,presets[arithmetic_exp],1177,108.55242979354293,0.001,0.0,-0.0008510638297871687,0.0,1.0,0.0,2.1822904945036965e-05,,,,,,,,,,,,,,,,,,,,,,,,
test_arithmetic,reth,EXP,presets[arithmetic_exp],99,21.430972145004812,0.001,0.8145883274478829,0.8126768669061085,0.0003363691576049573,0.001,0.00030534147657156546,0.00036858353172009874,,,,,,,,,,,,,,,,,,,,,,,,
test_arithmetic,besu,MOD,presets[arithmetic_mod],3773,84.6681587463199,0.001,0.5991147674173274,0.5990084600101191,8.305266217848929e-06,0.001,8.10298566056886e-06,8.511967528881616e-06,,,,,,,,,,,,,,,,,,,,,,,,
test_arithmetic,erigon,MOD,presets[arithmetic_mod],253,20.549106852904334,0.012,0.2935720113698531,0.29075755723188434,2.779189941721292e-06,0.001,1.907084110487279e-06,3.5736516062426887e-06,,,,,,,,,,,,,,,,,,,,,,,,
test_arithmetic,ethrex,MOD,presets[arithmetic_mod],1606,7.900287668587498,0.001,0.8031772243866256,0.8030545169205325,1.144358267874121e-06,0.001,1.1141741309582014e-06,1.173970752265176e-06,,,,,,,,,,,,,,,,,,,,,,,,
test_arithmetic,geth,MOD,presets[arithmetic_mod],4224,26.585600697578894,0.001,0.7059044587893534,0.7058348009160207,3.7015280999467974e-06,0.001,3.6213242411873985e-06,3.7783725085985655e-06,,,,,,,,,,,,,,,,,,,,,,,,
test_arithmetic,nethermind,MOD,presets[arithmetic_mod],1177,11.76890356497641,0.001,0.7372016954974052,0.7369780373659136,1.7436120185927222e-06,0.001,1.6830267627026148e-06,1.8065684481555558e-06,,,,,,,,,,,,,,,,,,,,,,,,
test_arithmetic,reth,MOD,presets[arithmetic_mod],99,6.706194096640313,0.001,0.7528794545782901,0.7503318200894065,1.0616487004879164e-06,0.001,9.63968397169285e-07,1.1642347521619689e-06,,,,,,,,,,,,,,,,,,,,,,,,
test_arithmetic,besu,MUL,presets[arithmetic_mul],3773,111.43684062847498,0.001,0.5171028706081461,0.5169748151508691,9.880714279903596e-06,0.001,9.583765247670523e-06,1.0174285656804834e-05,,,,,,,,,,,,,,,,,,,,,,,,
test_arithmetic,erigon,MUL,presets[arithmetic_mul],253,26.654422045553464,0.001,0.4417276417046476,0.43950344904211636,3.232101057205567e-06,0.001,2.362027456184554e-06,3.658427232021626e-06,,,,,,,,,,,,,,,,,,,,,,,,
test_arithmetic,ethrex,MUL,presets[arithmetic_mul],1606,12.667183628518652,0.001,0.8153234066247649,0.8152082715914886,1.6176350094610161e-06,0.001,1.5769181427930111e-06,1.658851923077214e-06,,,,,,,,,,,,,,,,,,,,,,,,
test_arithmetic,geth,MUL,presets[arithmetic_mul],4224,38.23327932662958,0.001,0.8009489832484756,0.8009018371052374,4.722878623728169e-06,0.001,4.646693608873346e-06,4.79199229944726e-06,,,,,,,,,,,,,,,,,,,,,,,,
test_arithmetic,nethermind,MUL,presets[arithmetic_mul],1177,26.53035057400354,0.001,0.851229504554625,0.8511028913670119,5.535172622468097e-06,0.001,5.404270106725154e-06,5.66443022731223e-06,,,,,,,,,,,,,,,,,,,,,,,,
test_arithmetic,reth,MUL,presets[arithmetic_mul],99,10.401197684521762,0.001,0.809891950702306,0.8079320739054225,1.1125969508238263e-06,0.001,1.0118453115969843e-06,1.2283766724505983e-06,,,,,,,,,,,,,,,,,,,,,,,,
test_arithmetic,besu,MULMOD,presets[arithmetic_mulmod],3773,79.91733174069225,0.001,0.6356305867821787,0.6355339627001797,1.0892910956317229e-05,0.001,1.0632051396096535e-05,1.1129018326135897e-05,,,,,,,,,,,,,,,,,,,,,,,,
test_arithmetic,erigon,MULMOD,presets[arithmetic_mulmod],253,27.450889000002967,0.001,0.31394211384757864,0.3112088154963737,4.138111215364267e-06,0.001,2.916219966362098e-06,4.7709472150896646e-06,,,,,,,,,,,,,,,,,,,,,,,,
test_arithmetic,ethrex,MULMOD,presets[arithmetic_mulmod],1606,7.477108567910918,0.001,0.792028680859938,0.7918990229302996,1.722559988265437e-06,0.001,1.675093798018099e-06,1.7680776840866877e-06,,,,,,,,,,,,,,,,,,,,,,,,
test_arithmetic,geth,MULMOD,presets[arithmetic_mulmod],4224,25.262968575121505,0.001,0.7766287098715068,0.7765758033603443,6.3841965472536526e-06,0.001,6.2810896753448566e-06,6.488054392502811e-06,,,,,,,,,,,,,,,,,,,,,,,,
test_arithmetic,nethermind,MULMOD,presets[arithmetic_mulmod],1177,53.76744355819878,0.001,0.0,-0.0008510638297871687,0.0,1.0,0.0,0.0,,,,,,,,,,,,,,,,,,,,,,,,
test_arithmetic,reth,MULMOD,presets[arithmetic_mulmod],99,5.009129509921782,0.001,0.8500690415110451,0.8485233615266229,1.9648268353317488e-06,0.001,1.7921691839080647e-06,2.1494145836407853e-06,,,,,,,,,,,,,,,,,,,,,,,,
test_arithmetic,besu,SDIV,presets[arithmetic_sdiv],3773,133.0047160494691,0.001,0.7850771764140139,0.7850201828251552,1.6546109013629162e-05,0.001,1.6262160670216323e-05,1.683342267384481e-05,,,,,,,,,,,,,,,,,,,,,,,,
test_arithmetic,erigon,SDIV,presets[arithmetic_sdiv],253,40.09342545905901,0.001,0.8278622105627889,0.8271764026367442,1.1078904982601254e-05,0.001,1.0292923936562792e-05,1.1663189818331507e-05,,,,,,,,,,,,,,,,,,,,,,,,
test_arithmetic,ethrex,SDIV,presets[arithmetic_sdiv],1606,75.06130874190725,0.001,0.8413724526918067,0.8412735577121881,9.44191069130727e-06,0.001,9.226753138616102e-06,9.66946613469175e-06,,,,,,,,,,,,,,,,,,,,,,,,
test_arithmetic,geth,SDIV,presets[arithmetic_sdiv],4224,79.2158815912013,0.001,0.8299391826646254,0.8298989029826417,1.0152908483376201e-05,0.001,1.000237678315752e-05,1.0305562591851342e-05,,,,,,,,,,,,,,,,,,,,,,,,
test_arithmetic,nethermind,SDIV,presets[arithmetic_sdiv],1177,67.53662273445596,0.001,0.865844754340769,0.8657305796636122,1.3237830624578506e-05,0.001,1.2939393995900385e-05,1.3534454856894725e-05,,,,,,,,,,,,,,,,,,,,,,,,
test_arithmetic,reth,SDIV,presets[arithmetic_sdiv],99,76.16545433061846,0.001,0.8430593257140675,0.8414413806183363,8.961858597858148e-06,0.001,8.17847926142177e-06,9.825966899200113e-06,,,,,,,,,,,,,,,,,,,,,,,,
test_arithmetic,besu,SIGNEXTEND,presets[arithmetic_signextend],3773,167.79010027306757,0.001,0.2451381383671718,0.24493796285361225,2.203435182773129e-05,0.001,2.082424595400992e-05,2.3239686975241306e-05,,,,,,,,,,,,,,,,,,,,,,,,
test_arithmetic,erigon,SIGNEXTEND,presets[arithmetic_signextend],253,21.849838351822484,0.001,0.5845135023165469,0.5828581776245809,3.0122218516938236e-06,0.001,2.673748728137393e-06,3.2293250066923563e-06,,,,,,,,,,,,,,,,,,,,,,,,
test_arithmetic,ethrex,SIGNEXTEND,presets[arithmetic_signextend],1606,20.528579145826388,0.001,0.8187025513675689,0.81858952303301,3.0228521485105787e-06,0.001,2.952532347283961e-06,3.096806974940262e-06,,,,,,,,,,,,,,,,,,,,,,,,
test_arithmetic,geth,SIGNEXTEND,presets[arithmetic_signextend],4224,27.727542742348888,0.001,0.7400632381346066,0.7400016709243116,4.168146458639765e-06,0.001,4.090791325345522e-06,4.2480718530998045e-06,,,,,,,,,,,,,,,,,,,,,,,,
test_arithmetic,nethermind,SIGNEXTEND,presets[arithmetic_signextend],1177,16.09831714299315,0.001,0.7660094507457101,0.7658103098527278,2.172553937098132e-06,0.001,2.099982441150651e-06,2.2390056157919057e-06,,,,,,,,,,,,,,,,,,,,,,,,
test_arithmetic,reth,SIGNEXTEND,presets[arithmetic_signextend],99,26.797339187934615,0.001,0.8441908519587824,0.8425845720820688,3.7513983468845437e-06,0.001,3.4336223446912168e-06,4.050898509475537e-06,,,,,,,,,,,,,,,,,,,,,,,,
test_arithmetic,besu,SMOD,presets[arithmetic_smod],3773,73.14619833208666,0.001,0.6306351411417028,0.6305371923591894,8.07481500637926e-06,0.001,7.891653085774892e-06,8.276453825559457e-06,,,,,,,,,,,,,,,,,,,,,,,,
test_arithmetic,erigon,SMOD,presets[arithmetic_smod],253,18.743939376838945,0.001,0.6163550386849886,0.6148265727036539,3.505144208248199e-06,0.001,3.3180125950771358e-06,3.6530784643624704e-06,,,,,,,,,,,,,,,,,,,,,,,,
test_arithmetic,ethrex,SMOD,presets[arithmetic_smod],1606,10.069801864687497,0.001,0.8043487437910661,0.8042267666986666,1.2732287812126337e-06,0.001,1.242423943357319e-06,1.3056580193367135e-06,,,,,,,,,,,,,,,,,,,,,,,,
test_arithmetic,geth,SMOD,presets[arithmetic_smod],4224,35.90004767476185,0.001,0.7667446096124186,0.7666893620069266,4.461980933041763e-06,0.001,4.383330796412935e-06,4.546767810433046e-06,,,,,,,,,,,,,,,,,,,,,,,,
test_arithmetic,nethermind,SMOD,presets[arithmetic_smod],1177,67.45619443840273,0.001,0.0,-0.0008510638297871687,0.0,1.0,0.0,0.0,,,,,,,,,,,,,,,,,,,,,,,,
test_arithmetic,reth,SMOD,presets[arithmetic_smod],99,14.961495823238266,0.001,0.8078130066548013,0.805831697445057,1.6220633776235828e-06,0.001,1.452503088772344e-06,1.7925454262811356e-06,,,,,,,,,,,,,,,,,,,,,,,,
test_arithmetic,besu,SUB,presets[arithmetic_sub],3773,110.44504112361982,0.001,0.6460323993546953,0.6459385336425114,1.062650457246921e-05,0.001,1.0403966506518563e-05,1.086992852604636e-05,,,,,,,,,,,,,,,,,,,,,,,,
test_arithmetic,erigon,SUB,presets[arithmetic_sub],253,15.19565260061359,0.001,0.9292261733959132,0.9289442059592435,3.0271410118658583e-06,0.001,2.923317201759792e-06,3.121426659950884e-06,,,,,,,,,,,,,,,,,,,,,,,,
test_arithmetic,ethrex,SUB,presets[arithmetic_sub],1606,10.88478175060368,0.001,0.8006141937610152,0.8004898883955295,1.1111322561511058e-06,0.001,1.0821752348616548e-06,1.1400766062593528e-06,,,,,,,,,,,,,,,,,,,,,,,,
test_arithmetic,geth,SUB,presets[arithmetic_sub],4224,47.69060095153864,0.001,0.7276778967205754,0.7276133959855495,3.980619071397023e-06,0.001,3.904945892758895e-06,4.054370922731655e-06,,,,,,,,,,,,,,,,,,,,,,,,
test_arithmetic,nethermind,SUB,presets[arithmetic_sub],1177,16.80801294117774,0.001,0.8293433642814284,0.8291981245914551,2.477365762529695e-06,0.001,2.4143093207498468e-06,2.5434516891819006e-06,,,,,,,,,,,,,,,,,,,,,,,,
test_arithmetic,reth,SUB,presets[arithmetic_sub],99,10.139388846407915,0.001,0.7796901731256269,0.7774189377970251,9.512717905571003e-07,0.001,8.632240759392888e-07,1.0526370635501127e-06,,,,,,,,,,,,,,,,,,,,,,,,
test_bitwise,besu,AND,presets[bitwise_and],3773,84.2969376818002,0.001,0.5548833538801916,0.5547653171137849,8.465927754256519e-06,0.001,8.221734140950693e-06,8.718785025551754e-06,,,,,,,,,,,,,,,,,,,,,,,,
test_bitwise,erigon,AND,presets[bitwise_and],253,59.3106270403638,0.001,0.09128117430931104,0.08766078058145976,1.910840460279167e-06,0.001,9.452242331777514e-07,2.6613380173942155e-06,,,,,,,,,,,,,,,,,,,,,,,,
test_bitwise,ethrex,AND,presets[bitwise_and],1606,15.747251332687528,0.001,0.3723878240083274,0.37199654459686127,1.09131367795951e-06,0.001,1.021120371254157e-06,1.1598383040401247e-06,,,,,,,,,,,,,,,,,,,,,,,,
test_bitwise,geth,AND,presets[bitwise_and],4224,45.307937879361916,0.001,0.7160673570197196,0.7160001062752903,3.845955036156001e-06,0.001,3.7753862180735725e-06,3.919077357011109e-06,,,,,,,,,,,,,,,,,,,,,,,,
test_bitwise,nethermind,AND,presets[bitwise_and],1177,15.338547342861219,0.001,0.665534625776914,0.6652499743945965,1.1977898416170483e-06,0.001,1.1444277461693325e-06,1.245495024146961e-06,,,,,,,,,,,,,,,,,,,,,,,,
test_bitwise,reth,AND,presets[bitwise_and],99,9.234604321540786,0.001,0.7872000317057768,0.7850062175996508,8.99318471005884e-07,0.001,7.998894546073916e-07,1.0086719880428486e-06,,,,,,,,,,,,,,,,,,,,,,,,
test_bitwise,besu,BYTE,presets[bitwise_byte],3773,102.20423910486132,0.001,0.6704362836334825,0.6703488893835843,9.566795177506436e-06,0.001,9.368226990032067e-06,9.798898617901724e-06,,,,,,,,,,,,,,,,,,,,,,,,
test_bitwise,erigon,BYTE,presets[bitwise_byte],253,14.2355319423195,0.001,0.9309447530680475,0.9306696325623425,3.1637652281131706e-06,0.001,3.0595974799097665e-06,3.265080776316844e-06,,,,,,,,,,,,,,,,,,,,,,,,
test_bitwise,ethrex,BYTE,presets[bitwise_byte],1606,16.678296220713314,0.001,0.785629408958123,0.7854957614574736,1.4766092578721214e-06,0.001,1.433651193700846e-06,1.5176060390576358e-06,,,,,,,,,,,,,,,,,,,,,,,,
test_bitwise,geth,BYTE,presets[bitwise_byte],4224,36.551420036748674,0.001,0.7013149347172789,0.7012441897941897,3.6765339495455215e-06,0.001,3.598817014427914e-06,3.7559834260099576e-06,,,,,,,,,,,,,,,,,,,,,,,,
test_bitwise,nethermind,BYTE,presets[bitwise_byte],1177,22.007161389697636,0.001,0.485393676761236,0.4849557139329477,1.457730914029197e-06,0.001,1.387801848348248e-06,1.5341165365907279e-06,,,,,,,,,,,,,,,,,,,,,,,,
test_bitwise,reth,BYTE,presets[bitwise_byte],99,8.865961487161341,0.001,0.7770455392839738,0.7747470396889632,1.013676368641077e-06,0.001,9.0219630499171e-07,1.1241942830613661e-06,,,,,,,,,,,,,,,,,,,,,,,,
test_bitwise,besu,OR,presets[bitwise_or],3773,84.83945745389269,0.001,0.553491447331124,0.5533730414566427,8.524172240014657e-06,0.001,8.279180887017872e-06,8.770403613837538e-06,,,,,,,,,,,,,,,,,,,,,,,,
test_bitwise,erigon,OR,presets[bitwise_or],253,18.269306312258777,0.001,0.5675574669788677,0.5658345883612536,2.8953432076068358e-06,0.001,2.7903041962115784e-06,2.995163008285617e-06,,,,,,,,,,,,,,,,,,,,,,,,
test_bitwise,ethrex,OR,presets[bitwise_or],1606,19.46323985271949,0.001,0.3273140848816751,0.326894704635342,9.999211156544623e-07,0.001,9.310589638580993e-07,1.0679702766195683e-06,,,,,,,,,,,,,,,,,,,,,,,,
test_bitwise,geth,OR,presets[bitwise_or],4224,48.442112836365325,0.001,0.7023111456973059,0.7022406367313412,3.834109213050848e-06,0.001,3.7646015071141495e-06,3.907825528977393e-06,,,,,,,,,,,,,,,,,,,,,,,,
test_bitwise,nethermind,OR,presets[bitwise_or],1177,9.974489789539033,0.001,0.7287272075439339,0.7284963370822692,1.3366236061708206e-06,0.001,1.2950640970540794e-06,1.3793952705496122e-06,,,,,,,,,,,,,,,,,,,,,,,,
test_bitwise,reth,OR,presets[bitwise_or],99,9.044257302702787,0.001,0.8496700480780727,0.8481202547592899,9.071201411707004e-07,0.001,8.399571493437373e-07,9.777455119753108e-07,,,,,,,,,,,,,,,,,,,,,,,,
test_bitwise,besu,SAR,presets[bitwise_sar],3773,224.54013706598997,0.001,0.1529195573953691,0.15269492720639943,1.981376210885392e-05,0.001,1.821976064991522e-05,2.1316028452542575e-05,,,,,,,,,,,,,,,,,,,,,,,,
test_bitwise,erigon,SAR,presets[bitwise_sar],253,17.267021937866033,0.001,0.6465355125692965,0.6451272875197718,3.6309179560266927e-06,0.001,3.500018068274369e-06,3.739036137116555e-06,,,,,,,,,,,,,,,,,,,,,,,,
test_bitwise,ethrex,SAR,presets[bitwise_sar],1606,21.3067874353277,0.001,0.8218999077228034,0.8217888727525557,2.499099761889236e-06,0.001,2.4337376560809906e-06,2.561039041727487e-06,,,,,,,,,,,,,,,,,,,,,,,,
test_bitwise,geth,SAR,presets[bitwise_sar],4224,43.67911157178331,0.001,0.7333858614040785,0.7333227126265807,3.915224698014781e-06,0.001,3.836599574480608e-06,3.991826448270347e-06,,,,,,,,,,,,,,,,,,,,,,,,
test_bitwise,nethermind,SAR,presets[bitwise_sar],1177,120.19146884171371,0.001,0.22268385172420546,0.2220223060660984,2.2340203943172835e-06,0.001,1.9226392349307705e-06,2.576603463374624e-06,,,,,,,,,,,,,,,,,,,,,,,,
test_bitwise,reth,SAR,presets[bitwise_sar],99,29.319657032725775,0.001,0.8397710743836561,0.8381192297896731,2.6525859622234705e-06,0.001,2.4087803895108083e-06,2.9219637513634462e-06,,,,,,,,,,,,,,,,,,,,,,,,
test_bitwise,besu,SHL,presets[bitwise_shl],3773,102.43773839843202,0.001,0.33299732679960126,0.3328204499305478,5.303862689664328e-06,0.001,5.07093993065002e-06,5.539988687649421e-06,,,,,,,,,,,,,,,,,,,,,,,,
test_bitwise,erigon,SHL,presets[bitwise_shl],253,16.505488348042935,0.001,0.9310034793210792,0.9307285927845098,3.5164170265775253e-06,0.001,3.403444414877454e-06,3.625056166855891e-06,,,,,,,,,,,,,,,,,,,,,,,,
test_bitwise,ethrex,SHL,presets[bitwise_shl],1606,18.41262082746139,0.001,0.8229599636283959,0.8228495895408824,2.083049962433506e-06,0.001,2.0331021694255974e-06,2.1348202565358454e-06,,,,,,,,,,,,,,,,,,,,,,,,
test_bitwise,geth,SHL,presets[bitwise_shl],4224,39.894596290370174,0.001,0.7329918803659807,0.7329286382722731,3.820017439344335e-06,0.001,3.745159611990934e-06,3.896049507111745e-06,,,,,,,,,,,,,,,,,,,,,,,,
test_bitwise,nethermind,SHL,presets[bitwise_shl],1177,30.039605399122216,0.001,0.9081843063044395,0.9081061652885284,4.20260329160194e-06,0.001,4.1287483930467576e-06,4.2711825067175594e-06,,,,,,,,,,,,,,,,,,,,,,,,
test_bitwise,reth,SHL,presets[bitwise_shl],99,20.997016622920057,0.001,0.8153820141935282,0.8134787359893377,1.566587676112335e-06,0.001,1.413662953071577e-06,1.7199890499716849e-06,,,,,,,,,,,,,,,,,,,,,,,,
test_bitwise,besu,SHR,presets[bitwise_shr],3773,101.1859334939958,0.001,0.3219433275179602,0.32176351933114455,5.0245210599395715e-06,0.001,4.807939634773085e-06,5.2462622969515175e-06,,,,,,,,,,,,,,,,,,,,,,,,
test_bitwise,erigon,SHR,presets[bitwise_shr],253,19.01743086406219,0.001,0.4110802732948672,0.4087339795629743,3.5238091111503286e-06,0.001,3.360813672249848e-06,3.707775708752706e-06,,,,,,,,,,,,,,,,,,,,,,,,
test_bitwise,ethrex,SHR,presets[bitwise_shr],1606,17.19301945253276,0.001,0.8071774537332702,0.8070572401757473,1.6962726950292755e-06,0.001,1.6509469105858117e-06,1.7422720513902859e-06,,,,,,,,,,,,,,,,,,,,,,,,
test_bitwise,geth,SHR,presets[bitwise_shr],4224,35.62909076410196,0.001,0.6183716875277042,0.6182812971173601,4.176441075505167e-06,0.001,4.069216404452402e-06,4.2826978658486735e-06,,,,,,,,,,,,,,,,,,,,,,,,
test_bitwise,nethermind,SHR,presets[bitwise_shr],1177,28.475384959488775,0.001,0.9255577491928898,0.9254943940858199,4.011701734316612e-06,0.001,3.946225291185877e-06,4.073222805707692e-06,,,,,,,,,,,,,,,,,,,,,,,,
test_bitwise,reth,SHR,presets[bitwise_shr],99,16.32524984399545,0.001,0.8370162895919412,0.8353360451547447,1.8034925131439863e-06,0.001,1.644957928922298e-06,1.9729649900569467e-06,,,,,,,,,,,,,,,,,,,,,,,,
test_bitwise,besu,XOR,presets[bitwise_xor],3773,79.57850561587003,0.001,0.5773276309583583,0.5772155460023674,7.5112086619203514e-06,0.001,7.311383183211305e-06,7.718207251354651e-06,,,,,,,,,,,,,,,,,,,,,,,,
test_bitwise,erigon,XOR,presets[bitwise_xor],253,15.251835372551701,0.001,0.6557361752492228,0.6543646062263113,2.9642407389015926e-06,0.001,2.8537136654475165e-06,3.099840303497331e-06,,,,,,,,,,,,,,,,,,,,,,,,
test_bitwise,ethrex,XOR,presets[bitwise_xor],1606,17.026515209642035,0.001,0.3203879510868296,0.31996425280197105,1.0400197089715243e-06,0.001,9.597595720708854e-07,1.1151346126505305e-06,,,,,,,,,,,,,,,,,,,,,,,,
test_bitwise,geth,XOR,presets[bitwise_xor],4224,46.88498432320568,0.001,0.6870132540655023,0.6869391217239735,3.7142878073613714e-06,0.001,3.6450809194328952e-06,3.7904643527558916e-06,,,,,,,,,,,,,,,,,,,,,,,,
test_bitwise,nethermind,XOR,presets[bitwise_xor],1177,13.730410074698003,0.001,0.679902502663679,0.6796300792616907,1.2658625157386404e-06,0.001,1.2144567408302695e-06,1.317951919572395e-06,,,,,,,,,,,,,,,,,,,,,,,,
test_bitwise,reth,XOR,presets[bitwise_xor],99,6.054469413197243,0.001,0.8653199064369432,0.8639314518641282,9.857252025796199e-07,0.001,9.069408475620995e-07,1.0599684948608987e-06,,,,,,,,,,,,,,,,,,,,,,,,
test_blake2f_benchmark,besu,BLAKE2F,presets[precompile_blake2f],15092,164.8539412049482,0.001,0.8693546882211043,0.8693373715915359,0.0003376866825289625,0.001,0.0003354591942683454,0.00034006189415363444,,,,,,,,,,,,,,,,2.037117282850447e-06,0.001,1.964225086439082e-06,2.1112643087597315e-06,,,,,
test_blake2f_benchmark,erigon,BLAKE2F,presets[precompile_blake2f],1012,24.614207041228322,0.001,0.9496834878065649,0.9495837524008296,0.0005872898897712577,0.001,0.0005774023315245735,0.0005967307022269611,,,,,,,,,,,,,,,,3.9109663563511533e-07,0.022,1.683745535275427e-08,7.403524329947653e-07,,,,,
test_blake2f_benchmark,ethrex,BLAKE2F,presets[precompile_blake2f],6424,28.08929698889958,0.001,0.8703544860398914,0.8703141043192996,4.528205826975763e-05,0.001,4.455434063899806e-05,4.604528655322465e-05,,,,,,,,,,,,,,,,1.928127436886704e-06,0.001,1.8992925981662158e-06,1.9569281735909277e-06,,,,,
test_blake2f_benchmark,geth,BLAKE2F,presets[precompile_blake2f],16896,34.82362260902295,0.001,0.930338093041224,0.9303298456124713,0.0001040048724845984,0.001,0.000103472519640365,0.0001045316683908393,,,,,,,,,,,,,,,,2.0487421693016216e-06,0.001,2.0291318206124328e-06,2.0667181989779468e-06,,,,,
test_blake2f_benchmark,nethermind,BLAKE2F,presets[precompile_blake2f],4708,28.856320623363278,0.001,0.9523525169666347,0.9523322629887246,0.00015603216736405367,0.001,0.00015488864857190132,0.0001570865194580809,,,,,,,,,,,,,,,,1.4504462186946044e-06,0.001,1.4059282128503332e-06,1.496847680792488e-06,,,,,
test_blake2f_benchmark,reth,BLAKE2F,presets[precompile_blake2f],396,11.685685425573793,0.001,0.9895501049449208,0.989496924817414,0.00038149624884231453,0.001,0.0003779172748981216,0.0003851960805659633,,,,,,,,,,,,,,,,0.0,1.0,0.0,0.0,,,,,
test_blake2f_uncachable,besu,BLAKE2F,presets[precompile_blake2f_uncachable],15092,156.0422570853807,0.001,0.8527359812822619,0.8527164618947984,0.0004008709424238975,0.001,0.0003978827863652211,0.00040381639390610515,,,,,,,,,,,,,,,,2.2209551847594964e-06,0.001,2.1193209046094726e-06,2.3160004178384945e-06,,,,,
test_blake2f_uncachable,erigon,BLAKE2F,presets[precompile_blake2f_uncachable],1012,46.2101260609211,0.001,0.9600126650267476,0.9599334037086639,0.0009380582892892442,0.001,0.0009247217474387791,0.0009495655358955394,,,,,,,,,,,,,,,,1.3963225032944854e-07,0.23,0.0,5.686225682507103e-07,,,,,
test_blake2f_uncachable,ethrex,BLAKE2F,presets[precompile_blake2f_uncachable],6424,24.019719728636506,0.001,0.8690794872972266,0.8690387084426237,5.1340278845477666e-05,0.001,5.049355142938797e-05,5.2183701023046604e-05,,,,,,,,,,,,,,,,1.9149134630973596e-06,0.001,1.8838031752606221e-06,1.9464952200287944e-06,,,,,
test_blake2f_uncachable,geth,BLAKE2F,presets[precompile_blake2f_uncachable],16896,23.929302117390574,0.001,0.9234087959149851,0.9233997281112694,0.00013548200560188406,0.001,0.00013469204070357178,0.00013621479638546065,,,,,,,,,,,,,,,,1.9373699803373857e-06,0.001,1.91035197540746e-06,1.968044461498462e-06,,,,,
test_blake2f_uncachable,nethermind,BLAKE2F,presets[precompile_blake2f_uncachable],4708,26.51361425470353,0.001,0.9331399692635084,0.9331115484215375,0.0001651425521114261,0.001,0.00016387669692505909,0.000166297860945188,,,,,,,,,,,,,,,,1.5427628868308363e-06,0.001,1.4857296644054387e-06,1.610934778494758e-06,,,,,
test_blake2f_uncachable,reth,BLAKE2F,presets[precompile_blake2f_uncachable],396,16.468217513682553,0.001,0.9875168593302562,0.9874533318968224,0.0003755610517650803,0.001,0.0003718168858407587,0.00037892648988894877,,,,,,,,,,,,,,,,0.0,1.0,0.0,0.0,,,,,
test_block_context_ops,besu,BASEFEE,presets[block_basefee],3773,105.73256959779701,0.001,0.5364374252441056,0.5363144969559179,3.5695604233639813e-06,0.001,3.453238508300724e-06,3.6745097363382913e-06,,,,,,,,,,,,,,,,,,,,,,,,
test_block_context_ops,erigon,BASEFEE,presets[block_basefee],253,33.784924744429965,0.001,0.5156459100787465,0.5137162125093391,1.6282010072338996e-06,0.001,1.5352772959892585e-06,1.7086961221127854e-06,,,,,,,,,,,,,,,,,,,,,,,,
test_block_context_ops,ethrex,BASEFEE,presets[block_basefee],1606,14.704942479431246,0.001,0.8268665801651927,0.8267586416241486,5.639751836864583e-07,0.001,5.503874451165085e-07,5.763893051170744e-07,,,,,,,,,,,,,,,,,,,,,,,,
test_block_context_ops,geth,BASEFEE,presets[block_basefee],4224,42.14387320265289,0.001,0.8447633494567078,0.8447265809463944,1.9524622226794203e-06,0.001,1.925539429534838e-06,1.9790883381369725e-06,,,,,,,,,,,,,,,,,,,,,,,,
test_block_context_ops,nethermind,BASEFEE,presets[block_basefee],1177,24.42978975865909,0.001,0.6077261939606168,0.6073923439129236,8.194714588351306e-07,0.001,7.779009236343418e-07,8.618423196574542e-07,,,,,,,,,,,,,,,,,,,,,,,,
test_block_context_ops,reth,BASEFEE,presets[block_basefee],99,11.136274055601909,0.001,0.8364833913885625,0.834797653155455,5.034978560713408e-07,0.001,4.5943120257783455e-07,5.495372289598066e-07,,,,,,,,,,,,,,,,,,,,,,,,
test_block_context_ops,besu,BLOBBASEFEE,presets[block_blobbasefee],3773,100.30431418771359,0.001,0.5200745368638318,0.5199472694379139,3.5326723437737055e-06,0.001,3.4228492744095043e-06,3.640611661654553e-06,,,,,,,,,,,,,,,,,,,,,,,,
test_block_context_ops,erigon,BLOBBASEFEE,presets[block_blobbasefee],253,22.158838315271275,0.001,0.6681127101202664,0.6667904500012236,1.7051157299840951e-06,0.001,1.6386360537891474e-06,1.7818210223893443e-06,,,,,,,,,,,,,,,,,,,,,,,,
test_block_context_ops,ethrex,BLOBBASEFEE,presets[block_blobbasefee],1606,14.616097610993128,0.001,0.8290014515670254,0.8288948439931894,5.654781725195976e-07,0.001,5.511158188908362e-07,5.785136314109208e-07,,,,,,,,,,,,,,,,,,,,,,,,
test_block_context_ops,geth,BLOBBASEFEE,presets[block_blobbasefee],4224,47.39837947178736,0.001,0.8485648330240388,0.8485289649124861,1.8904498625439834e-06,0.001,1.8635103583218421e-06,1.914982900278256e-06,,,,,,,,,,,,,,,,,,,,,,,,
test_block_context_ops,nethermind,BLOBBASEFEE,presets[block_blobbasefee],1177,23.120210499243093,0.001,0.7918244915865496,0.7916473209410912,8.349364065790879e-07,0.001,8.077079329533771e-07,8.635732823312229e-07,,,,,,,,,,,,,,,,,,,,,,,,
test_block_context_ops,reth,BLOBBASEFEE,presets[block_blobbasefee],99,15.033818551719694,0.001,0.8031257582353721,0.801096126876974,4.72207705992507e-07,0.001,4.297492931168018e-07,5.24280299554203e-07,,,,,,,,,,,,,,,,,,,,,,,,
test_block_context_ops,besu,CHAINID,presets[block_chainid],3773,98.82325117268222,0.001,0.535474916208234,0.5353517326803126,3.541721958635796e-06,0.001,3.437990669233878e-06,3.6467051857912213e-06,,,,,,,,,,,,,,,,,,,,,,,,
test_block_context_ops,erigon,CHAINID,presets[block_chainid],253,21.317036484373627,0.001,0.9352375494831429,0.934979531752,1.6219163398367834e-06,0.001,1.5728633077306597e-06,1.6707372758321124e-06,,,,,,,,,,,,,,,,,,,,,,,,
test_block_context_ops,ethrex,CHAINID,presets[block_chainid],1606,14.99547183175285,0.001,0.8274454677707156,0.8273378901321686,5.623367206192421e-07,0.001,5.496864574680339e-07,5.758967861190326e-07,,,,,,,,,,,,,,,,,,,,,,,,
test_block_context_ops,geth,CHAINID,presets[block_chainid],4224,48.68837689699184,0.001,0.8339279297614067,0.8338885948324066,1.951048156368638e-06,0.001,1.924191281620973e-06,1.9794589162490996e-06,,,,,,,,,,,,,,,,,,,,,,,,
test_block_context_ops,nethermind,CHAINID,presets[block_chainid],1177,20.225725005396214,0.001,0.7646274562647418,0.7644271392062437,8.475832678820222e-07,0.001,8.221838441767598e-07,8.752311066565216e-07,,,,,,,,,,,,,,,,,,,,,,,,
test_block_context_ops,reth,CHAINID,presets[block_chainid],99,11.947693865263298,0.001,0.8025861305637532,0.8005509360334826,4.920973034531627e-07,0.001,4.348355273042059e-07,5.55168267250414e-07,,,,,,,,,,,,,,,,,,,,,,,,
test_block_context_ops,besu,COINBASE,presets[block_coinbase],3773,95.42379210318288,0.001,0.5585355914392319,0.5584185231792052,3.596120560067856e-06,0.001,3.4936931941844243e-06,3.688439090289008e-06,,,,,,,,,,,,,,,,,,,,,,,,
test_block_context_ops,erigon,COINBASE,presets[block_coinbase],253,50.07643352085131,0.001,0.8602236067447149,0.8596667286839368,5.586026426249474e-06,0.001,5.353504706474608e-06,5.818157051362027e-06,,,,,,,,,,,,,,,,,,,,,,,,
test_block_context_ops,ethrex,COINBASE,presets[block_coinbase],1606,15.032640001074727,0.001,0.8294810800856621,0.8293747715320996,5.639218418342115e-07,0.001,5.504462473584489e-07,5.774369293024145e-07,,,,,,,,,,,,,,,,,,,,,,,,
test_block_context_ops,geth,COINBASE,presets[block_coinbase],4224,50.4858159691009,0.001,0.8616092808055575,0.8615765023310917,1.9697512360352996e-06,0.001,1.947670685791171e-06,1.994290421881168e-06,,,,,,,,,,,,,,,,,,,,,,,,
test_block_context_ops,nethermind,COINBASE,presets[block_coinbase],1177,22.436167622876326,0.001,0.8774863178843797,0.8773820509208771,8.770189244672111e-07,0.001,8.56993819142395e-07,8.961801804871339e-07,,,,,,,,,,,,,,,,,,,,,,,,
test_block_context_ops,reth,COINBASE,presets[block_coinbase],99,9.260343497471753,0.001,0.8728932769055364,0.8715828983169337,5.219853963743219e-07,0.001,4.81304219058224e-07,5.614140117624577e-07,,,,,,,,,,,,,,,,,,,,,,,,
test_block_context_ops,besu,GASLIMIT,presets[block_gaslimit],3773,104.7716212793899,0.001,0.5932026784222547,0.593094803237535,3.8046841394206644e-06,0.001,3.70105903006087e-06,3.907104172431872e-06,,,,,,,,,,,,,,,,,,,,,,,,
test_block_context_ops,erigon,GASLIMIT,presets[block_gaslimit],253,20.650931312061616,0.001,0.8611555610751902,0.8606023959798722,1.5305100466853875e-06,0.001,1.4451581578014758e-06,1.6080622377501813e-06,,,,,,,,,,,,,,,,,,,,,,,,
test_block_context_ops,ethrex,GASLIMIT,presets[block_gaslimit],1606,15.052682705446442,0.001,0.8184730872083766,0.8183599158163619,5.641882648713223e-07,0.001,5.508727352149023e-07,5.781400926342616e-07,,,,,,,,,,,,,,,,,,,,,,,,
test_block_context_ops,geth,GASLIMIT,presets[block_gaslimit],4224,42.51041271577529,0.001,0.8141248694404379,0.8140808440660752,1.630309444925173e-06,0.001,1.6041145123230138e-06,1.6552476532535443e-06,,,,,,,,,,,,,,,,,,,,,,,,
test_block_context_ops,nethermind,GASLIMIT,presets[block_gaslimit],1177,22.51700775496725,0.001,0.8369005362201146,0.8367617281658338,8.336010309691742e-07,0.001,8.061976488845047e-07,8.582339579314914e-07,,,,,,,,,,,,,,,,,,,,,,,,
test_block_context_ops,reth,GASLIMIT,presets[block_gaslimit],99,8.270696149440639,0.001,0.8573798506971401,0.8559095398795848,5.292158148455905e-07,0.001,4.823538546103016e-07,5.77278471646915e-07,,,,,,,,,,,,,,,,,,,,,,,,
test_block_context_ops,besu,NUMBER,presets[block_number],3773,102.4780968253237,0.001,0.5967455090176446,0.5966385733265859,3.818243231982728e-06,0.001,3.7212423964700445e-06,3.919192182266659e-06,,,,,,,,,,,,,,,,,,,,,,,,
test_block_context_ops,erigon,NUMBER,presets[block_number],253,0.9420350064741381,0.445,0.44573573117869447,0.44352750700012356,1.8056099374109e-06,0.001,1.5454795061102772e-06,1.9171845204127217e-06,,,,,,,,,,,,,,,,,,,,,,,,
test_block_context_ops,ethrex,NUMBER,presets[block_number],1606,15.11430897219083,0.001,0.8273940193583762,0.8272864096447592,5.622132208131393e-07,0.001,5.483304631719604e-07,5.761272173491835e-07,,,,,,,,,,,,,,,,,,,,,,,,
test_block_context_ops,geth,NUMBER,presets[block_number],4224,45.511214408279045,0.001,0.8466769627365814,0.846640647474321,1.919442135266777e-06,0.001,1.8904869417109375e-06,1.948678659950931e-06,,,,,,,,,,,,,,,,,,,,,,,,
test_block_context_ops,nethermind,NUMBER,presets[block_number],1177,21.488240311647537,0.001,0.8834073165921443,0.883308088776478,8.420117785598009e-07,0.001,8.233418860109047e-07,8.619056509456768e-07,,,,,,,,,,,,,,,,,,,,,,,,
test_block_context_ops,reth,NUMBER,presets[block_number],99,16.50894853953745,0.001,0.729279533338766,0.726488600692774,4.278719276505196e-07,0.001,3.845296443380671e-07,4.731644966954356e-07,,,,,,,,,,,,,,,,,,,,,,,,
test_block_context_ops,besu,PREVRANDAO,presets[block_prevrandao],3773,102.48138227797521,0.001,0.5459690614074664,0.5458486607342783,3.60348802743442e-06,0.001,3.5047851701554565e-06,3.710667776791943e-06,,,,,,,,,,,,,,,,,,,,,,,,
test_block_context_ops,erigon,PREVRANDAO,presets[block_prevrandao],253,30.686486084611445,0.001,0.9055937182019292,0.9052175975573155,3.056171386942892e-06,0.001,2.9426746212440357e-06,3.178236709545972e-06,,,,,,,,,,,,,,,,,,,,,,,,
test_block_context_ops,ethrex,PREVRANDAO,presets[block_prevrandao],1606,16.377236334896814,0.001,0.8194841220454386,0.8193715809743947,6.43938258454687e-07,0.001,6.276872878982407e-07,6.58827395590251e-07,,,,,,,,,,,,,,,,,,,,,,,,
test_block_context_ops,geth,PREVRANDAO,presets[block_prevrandao],4224,46.95376344219705,0.001,0.8102892925656238,0.8102443587173447,1.8963094431253291e-06,0.001,1.8666497583569733e-06,1.9262372602999953e-06,,,,,,,,,,,,,,,,,,,,,,,,
test_block_context_ops,nethermind,PREVRANDAO,presets[block_prevrandao],1177,21.626573226253754,0.001,0.8840232922194172,0.8839245886383273,8.203343014648302e-07,0.001,8.023433928257613e-07,8.391284052712891e-07,,,,,,,,,,,,,,,,,,,,,,,,
test_block_context_ops,reth,PREVRANDAO,presets[block_prevrandao],99,12.191160784146117,0.001,0.854191869935323,0.8526886933367182,4.941923851873912e-07,0.001,4.5460519760680685e-07,5.351523682121932e-07,,,,,,,,,,,,,,,,,,,,,,,,
test_block_context_ops,besu,TIMESTAMP,presets[block_timestamp],3773,102.82303544164856,0.001,0.5970739688175711,0.596967120228024,3.814447734821336e-06,0.001,3.7142599854238707e-06,3.9216463797867535e-06,,,,,,,,,,,,,,,,,,,,,,,,
test_block_context_ops,erigon,TIMESTAMP,presets[block_timestamp],253,17.8394634206669,0.001,0.8467722477357085,0.8461617786031814,1.544663502273769e-06,0.001,1.4660489833826752e-06,1.6625183960464737e-06,,,,,,,,,,,,,,,,,,,,,,,,
test_block_context_ops,ethrex,TIMESTAMP,presets[block_timestamp],1606,14.330757628862377,0.001,0.8303546748095592,0.8302489108911113,5.683022078075529e-07,0.001,5.551364979056173e-07,5.814912152772046e-07,,,,,,,,,,,,,,,,,,,,,,,,
test_block_context_ops,geth,TIMESTAMP,presets[block_timestamp],4224,42.46352323304789,0.001,0.7932545854768502,0.7932056168803265,1.6144870789466636e-06,0.001,1.5897378211667785e-06,1.6419315519322314e-06,,,,,,,,,,,,,,,,,,,,,,,,
test_block_context_ops,nethermind,TIMESTAMP,presets[block_timestamp],1177,14.462296102927324,0.001,0.9104954725606647,0.9104192984947588,9.042365787957457e-07,0.001,8.874381656893681e-07,9.209529638022283e-07,,,,,,,,,,,,,,,,,,,,,,,,
test_block_context_ops,reth,TIMESTAMP,presets[block_timestamp],99,13.483065545677908,0.001,0.804663467539024,0.8026496888538592,4.316790258932052e-07,0.001,3.89492891069765e-07,4.774380848953378e-07,,,,,,,,,,,,,,,,,,,,,,,,
test_bls12_381,besu,BLS12_G1ADD,presets[precompile_bls_g1add],3773,99.08324940968083,0.001,0.8573888619303363,0.8573510440735159,0.001743106594529765,0.001,0.0017185143803658371,0.001765781992197475,,,,,,,,,,,,,,,,,,,,,,,,
test_bls12_381,erigon,BLS12_G1ADD,presets[precompile_bls_g1add],253,43.385706999125134,0.001,0.8252167093199012,0.8245203615482674,0.0010039923131045427,0.001,0.0009654855016319454,0.0010368714057829743,,,,,,,,,,,,,,,,,,,,,,,,
test_bls12_381,ethrex,BLS12_G1ADD,presets[precompile_bls_g1add],1606,286.79527897667595,0.001,0.051964318135732435,0.051373273446290835,0.0023051750376252953,0.001,0.0018287665448620922,0.002768586101548595,,,,,,,,,,,,,,,,,,,,,,,,
test_bls12_381,geth,BLS12_G1ADD,presets[precompile_bls_g1add],4224,65.25782861021952,0.001,0.9002415951480721,0.900217966913858,0.0007326817495027816,0.001,0.0007247200566173101,0.00073979102490672,,,,,,,,,,,,,,,,,,,,,,,,
test_bls12_381,nethermind,BLS12_G1ADD,presets[precompile_bls_g1add],1177,76.25507909198095,0.001,0.9389947523602755,0.9389428330005821,0.0009714809447955684,0.001,0.0009569108093081261,0.0009853192865256172,,,,,,,,,,,,,,,,,,,,,,,,
test_bls12_381,reth,BLS12_G1ADD,presets[precompile_bls_g1add],99,90.03984296102625,0.001,0.8538230501541466,0.8523160712897564,0.0007584730955447344,0.001,0.0006851668629740398,0.0008280147770616888,,,,,,,,,,,,,,,,,,,,,,,,
test_bls12_381,besu,BLS12_G2ADD,presets[precompile_bls_g2add],3773,89.70364843045971,0.001,0.8684880066489462,0.8684531320816296,0.0021167881474208673,0.001,0.002089031883056011,0.002146133215085249,,,,,,,,,,,,,,,,,,,,,,,,
test_bls12_381,erigon,BLS12_G2ADD,presets[precompile_bls_g2add],253,41.900714359369516,0.001,0.8063689525881856,0.805597514152282,0.0012704182853808417,0.001,0.0012194593006917421,0.001320501763883856,,,,,,,,,,,,,,,,,,,,,,,,
test_bls12_381,ethrex,BLS12_G2ADD,presets[precompile_bls_g2add],1606,234.57656102059363,0.001,0.06767963877653838,0.06709839166854359,0.002724266689823118,0.001,0.0022615092961932883,0.003208329952499761,,,,,,,,,,,,,,,,,,,,,,,,
test_bls12_381,geth,BLS12_G2ADD,presets[precompile_bls_g2add],4224,55.154349705335676,0.001,0.8990529208300033,0.8990290110528432,0.0010488520522205105,0.001,0.0010360405777722818,0.0010617725582369756,,,,,,,,,,,,,,,,,,,,,,,,
test_bls12_381,nethermind,BLS12_G2ADD,presets[precompile_bls_g2add],1177,82.79732236275915,0.001,0.9362807344920102,0.9362265053298757,0.0014881758658671484,0.001,0.0014668295486704168,0.0015094348541107938,,,,,,,,,,,,,,,,,,,,,,,,
test_bls12_381,reth,BLS12_G2ADD,presets[precompile_bls_g2add],99,100.48482948447779,0.001,0.8454105020914182,0.8438167959274122,0.0010130504201739795,0.001,0.0009254756924499289,0.001108161474623751,,,,,,,,,,,,,,,,,,,,,,,,
test_bls12_381,besu,BLS12_MAP_FP_TO_G1,presets[precompile_bls_fp_to_g1],3773,96.41836999003024,0.001,0.8614253046324436,0.8613885571661568,0.009836281104250623,0.001,0.009724248972668473,0.009946616044126798,,,,,,,,,,,,,,,,,,,,,,,,
test_bls12_381,erigon,BLS12_MAP_FP_TO_G1,presets[precompile_bls_fp_to_g1],253,51.502813096772016,0.001,0.7792554333198717,0.7783759728948513,0.010372295419439067,0.001,0.009864020182551841,0.01080984355463602,,,,,,,,,,,,,,,,,,,,,,,,
test_bls12_381,ethrex,BLS12_MAP_FP_TO_G1,presets[precompile_bls_fp_to_g1],1606,127.63540206422377,0.001,0.3116756176644283,0.311246487750254,0.01133948505244566,0.001,0.010524675604348834,0.012143979994939318,,,,,,,,,,,,,,,,,,,,,,,,
test_bls12_381,geth,BLS12_MAP_FP_TO_G1,presets[precompile_bls_fp_to_g1],4224,97.60256194449772,0.001,0.8288717346930111,0.8288312021810957,0.00909261373214355,0.001,0.00895764528689806,0.009230003458299612,,,,,,,,,,,,,,,,,,,,,,,,
test_bls12_381,nethermind,BLS12_MAP_FP_TO_G1,presets[precompile_bls_fp_to_g1],1177,65.07390266215552,0.001,0.9320679546653309,0.9320101401586631,0.009800393736842676,0.001,0.009647058437393392,0.009948501502482384,,,,,,,,,,,,,,,,,,,,,,,,
test_bls12_381,reth,BLS12_MAP_FP_TO_G1,presets[precompile_bls_fp_to_g1],99,88.70321362719629,0.001,0.844186010450089,0.8425796806609147,0.00763847750116642,0.001,0.007005887755939784,0.008362637866642212,,,,,,,,,,,,,,,,,,,,,,,,
test_bls12_381,besu,BLS12_MAP_FP_TO_G2,presets[precompile_bls_fp_to_g2],3773,96.52030597056476,0.001,0.8491484507678444,0.8491084477052,0.038679893069558206,0.001,0.038149304470109176,0.039221303430558845,,,,,,,,,,,,,,,,,,,,,,,,
test_bls12_381,erigon,BLS12_MAP_FP_TO_G2,presets[precompile_bls_fp_to_g2],253,37.09132915100799,0.001,0.8339116262120515,0.8332499195435736,0.04489651112498393,0.001,0.0432188069384571,0.046483794915688534,,,,,,,,,,,,,,,,,,,,,,,,
test_bls12_381,ethrex,BLS12_MAP_FP_TO_G2,presets[precompile_bls_fp_to_g2],1606,111.74303634016337,0.001,0.2458239036406178,0.24535371904188996,0.04142938932970059,0.001,0.038223129467424816,0.045049479143791454,,,,,,,,,,,,,,,,,,,,,,,,
test_bls12_381,geth,BLS12_MAP_FP_TO_G2,presets[precompile_bls_fp_to_g2],4224,92.87517839974993,0.001,0.831841049676469,0.831801220460381,0.037274393131214986,0.001,0.0367221532054456,0.03779993438790756,,,,,,,,,,,,,,,,,,,,,,,,
test_bls12_381,nethermind,BLS12_MAP_FP_TO_G2,presets[precompile_bls_fp_to_g2],1177,52.87105362904261,0.001,0.915029844471397,0.9149575294454152,0.031471033570546744,0.001,0.03098335970507528,0.0319658143401855,,,,,,,,,,,,,,,,,,,,,,,,
test_bls12_381,reth,BLS12_MAP_FP_TO_G2,presets[precompile_bls_fp_to_g2],99,63.1954265954778,0.001,0.843639793993103,0.8420278331064339,0.024409570282156394,0.001,0.02227684788487395,0.02661303272581759,,,,,,,,,,,,,,,,,,,,,,,,
test_call_frame_context_ops,besu,ADDRESS,presets[call_address],3773,100.24050276266088,0.001,0.5211967814052625,0.5210698115780033,3.540174727741529e-06,0.001,3.4223741842850897e-06,3.6412963083116966e-06,,,,,,,,,,,,,,,,,,,,,,,,
test_call_frame_context_ops,erigon,ADDRESS,presets[call_address],253,49.129609439755086,0.001,0.8973013885032836,0.8968922306885556,5.569183233537793e-06,0.001,5.347979389795539e-06,5.7817447574640695e-06,,,,,,,,,,,,,,,,,,,,,,,,
test_call_frame_context_ops,ethrex,ADDRESS,presets[call_address],1606,16.749747548953266,0.001,0.824642342912306,0.8245330176896827,6.140270922215489e-07,0.001,5.974696171730922e-07,6.293961845502633e-07,,,,,,,,,,,,,,,,,,,,,,,,
test_call_frame_context_ops,geth,ADDRESS,presets[call_address],4224,61.05525048940028,0.001,0.8321400748779297,0.8321003164873276,2.2978687810446854e-06,0.001,2.2641500910963053e-06,2.3310677141036345e-06,,,,,,,,,,,,,,,,,,,,,,,,
test_call_frame_context_ops,nethermind,ADDRESS,presets[call_address],1177,16.55671313578933,0.001,0.8828323788784044,0.8827326617540455,8.093611857362777e-07,0.001,7.897992799008771e-07,8.277299722564277e-07,,,,,,,,,,,,,,,,,,,,,,,,
test_call_frame_context_ops,reth,ADDRESS,presets[call_address],99,13.852194893809287,0.001,0.8350255813815063,0.8333248141792537,4.772164116203742e-07,0.001,4.3405248906597214e-07,5.193528576852127e-07,,,,,,,,,,,,,,,,,,,,,,,,
test_call_frame_context_ops,besu,CALLER,presets[call_caller],3773,96.10777140312884,0.001,0.5416914944431868,0.5415699594377354,3.5929755700064407e-06,0.001,3.4845737933293173e-06,3.7001330922950857e-06,,,,,,,,,,,,,,,,,,,,,,,,
test_call_frame_context_ops,erigon,CALLER,presets[call_caller],253,46.21543082041991,0.001,0.8864400154017519,0.8859875851842289,5.590969187852298e-06,0.001,5.343065256528701e-06,5.823883299032809e-06,,,,,,,,,,,,,,,,,,,,,,,,
test_call_frame_context_ops,ethrex,CALLER,presets[call_caller],1606,16.00209449095555,0.001,0.8361284597626493,0.8360262954607557,6.098932120457201e-07,0.001,5.945738268250157e-07,6.249447231634989e-07,,,,,,,,,,,,,,,,,,,,,,,,
test_call_frame_context_ops,geth,CALLER,presets[call_caller],4224,62.24612643242537,0.001,0.829257773035794,0.8292173319588247,2.2849647952197212e-06,0.001,2.2506342095631935e-06,2.3188171623064984e-06,,,,,,,,,,,,,,,,,,,,,,,,
test_call_frame_context_ops,nethermind,CALLER,presets[call_caller],1177,17.12425259053633,0.001,0.8480190851729077,0.8478897397134804,7.937162470833999e-07,0.001,7.760429457282975e-07,8.11634509066136e-07,,,,,,,,,,,,,,,,,,,,,,,,
test_call_frame_context_ops,reth,CALLER,presets[call_caller],99,11.56444827441741,0.001,0.8391449394251589,0.8374866398316039,4.895985820352476e-07,0.001,4.5047636232142654e-07,5.334367316060925e-07,,,,,,,,,,,,,,,,,,,,,,,,
test_call_frame_context_ops,besu,GASPRICE,presets[tx_gasprice],3773,98.86521758775783,0.001,0.492631662682693,0.49249711791013473,3.4074146277525595e-06,0.001,3.2929382260228367e-06,3.519944911215187e-06,,,,,,,,,,,,,,,,,,,,,,,,
test_call_frame_context_ops,erigon,GASPRICE,presets[tx_gasprice],253,26.52616031209871,0.001,0.931241999447324,0.930968063190142,1.5826897376132337e-06,0.001,1.530069760680184e-06,1.637531408875275e-06,,,,,,,,,,,,,,,,,,,,,,,,
test_call_frame_context_ops,ethrex,GASPRICE,presets[tx_gasprice],1606,15.889674784263857,0.001,0.8252181479706951,0.8251091817287817,5.5715483018938e-07,0.001,5.438293950656207e-07,5.722008881225818e-07,,,,,,,,,,,,,,,,,,,,,,,,
test_call_frame_context_ops,geth,GASPRICE,presets[tx_gasprice],4224,43.31576588531825,0.001,0.7836343109539199,0.7835830637513983,1.6420630291141834e-06,0.001,1.614384855371815e-06,1.669456598513965e-06,,,,,,,,,,,,,,,,,,,,,,,,
test_call_frame_context_ops,nethermind,GASPRICE,presets[tx_gasprice],1177,23.204338995630017,0.001,0.864996155657464,0.8648812587686618,7.173423431765529e-07,0.001,7.000440540117809e-07,7.34744884420526e-07,,,,,,,,,,,,,,,,,,,,,,,,
test_call_frame_context_ops,reth,GASPRICE,presets[tx_gasprice],110,11.466116764668309,0.001,0.8173180860266349,0.8156265868231778,5.177555347486649e-07,0.001,4.737018498877289e-07,5.649671135240768e-07,,,,,,,,,,,,,,,,,,,,,,,,
test_call_frame_context_ops,besu,ORIGIN,presets[tx_origin],3773,114.9312352954684,0.001,0.47731059041847446,0.4771719827787021,3.2694941306660918e-06,0.001,3.1637221797942734e-06,3.371447281146759e-06,,,,,,,,,,,,,,,,,,,,,,,,
test_call_frame_context_ops,erigon,ORIGIN,presets[tx_origin],253,41.74258856059843,0.003,0.8768711579450487,0.8763806047894512,5.719103704736268e-06,0.001,5.43717006119123e-06,6.014931990714971e-06,,,,,,,,,,,,,,,,,,,,,,,,
test_call_frame_context_ops,ethrex,ORIGIN,presets[tx_origin],1606,16.2484098793363,0.001,0.8315950633753519,0.8314900727664837,6.205647761541294e-07,0.001,6.0543195978279e-07,6.34911184654051e-07,,,,,,,,,,,,,,,,,,,,,,,,
test_call_frame_context_ops,geth,ORIGIN,presets[tx_origin],4224,49.36781139749271,0.001,0.8538515935561741,0.8538169776380207,1.9850423383997696e-06,0.001,1.9588206963649788e-06,2.0116902782135364e-06,,,,,,,,,,,,,,,,,,,,,,,,
test_call_frame_context_ops,nethermind,ORIGIN,presets[tx_origin],1177,24.04033529120968,0.001,0.8174919397380713,0.8173366137293377,7.039387985688497e-07,0.001,6.832268307964498e-07,7.22897660637662e-07,,,,,,,,,,,,,,,,,,,,,,,,
test_call_frame_context_ops,reth,ORIGIN,presets[tx_origin],110,14.70285103606872,0.001,0.8245035366113002,0.8228785693577011,4.7238114732659704e-07,0.001,4.371495695784872e-07,5.103099649063749e-07,,,,,,,,,,,,,,,,,,,,,,,,
test_calldatacopy_from_origin,besu,CALLDATACOPY,presets[call_calldatacopy],3773,89.59573518016684,0.001,0.5747000554486463,0.5745872737078478,1.6025691709916328e-05,0.001,1.5603202779446554e-05,1.6461679626757958e-05,,,0,,0,,,,,,,,,,,,,,,,,,,
test_calldatacopy_from_origin,erigon,CALLDATACOPY,presets[call_calldatacopy],253,21.546159784467033,0.001,0.8787457840377028,0.8782626995119566,7.03454297858354e-06,0.001,6.753593456080983e-06,7.313641108358552e-06,,,0,,0,,,,,,,,,,,,,,,,,,,
test_calldatacopy_from_origin,ethrex,CALLDATACOPY,presets[call_calldatacopy],1606,12.406756212522538,0.001,0.8127278488630235,0.8126110956515915,2.37633804832034e-06,0.001,2.3181170777644243e-06,2.4419423254991027e-06,,,0,,0,,,,,,,,,,,,,,,,,,,
test_calldatacopy_from_origin,geth,CALLDATACOPY,presets[call_calldatacopy],4224,60.65395378444677,0.001,0.8114599382533128,0.8114152816778162,1.0863640711168312e-05,0.001,1.0701371135280819e-05,1.1037971822979186e-05,,,0,,0,,,,,,,,,,,,,,,,,,,
test_calldatacopy_from_origin,nethermind,CALLDATACOPY,presets[call_calldatacopy],1177,20.353449797870542,0.001,0.847252087269473,0.8471220890458725,3.044586351775638e-06,0.001,2.9574031804696806e-06,3.130867334349439e-06,,,0,,0,,,,,,,,,,,,,,,,,,,
test_calldatacopy_from_origin,reth,CALLDATACOPY,presets[call_calldatacopy],99,9.694685633375077,0.001,0.8090762958558849,0.8071080102461518,1.995877986340553e-06,0.001,1.8056784549567175e-06,2.199295654617823e-06,,,0,,0,,,,,,,,,,,,,,,,,,,
test_calldatacopy_from_origin,besu,CALLDATACOPY,presets[call_calldatacopy],3773,82.92916245613917,0.001,0.5861695315904925,0.5860597913442953,1.624520340662768e-05,0.001,1.5779272340322016e-05,1.668870395732723e-05,,,0,,1024,,,,,,,,,,,,,,,,,,,
test_calldatacopy_from_origin,erigon,CALLDATACOPY,presets[call_calldatacopy],253,18.698362318504934,0.001,0.9347449509706265,0.9344849706956091,7.093855529430419e-06,0.001,6.8712686927585156e-06,7.306764667990784e-06,,,0,,1024,,,,,,,,,,,,,,,,,,,
test_calldatacopy_from_origin,ethrex,CALLDATACOPY,presets[call_calldatacopy],1606,13.485948725748592,0.001,0.8085244686980303,0.8084050949253981,2.314856500861915e-06,0.001,2.256141826215733e-06,2.3823156340123716e-06,,,0,,1024,,,,,,,,,,,,,,,,,,,
test_calldatacopy_from_origin,geth,CALLDATACOPY,presets[call_calldatacopy],4224,59.64099562988496,0.001,0.7929946612068753,0.7929456310461,1.0951088566504727e-05,0.001,1.0761913892764464e-05,1.1140765570721834e-05,,,0,,1024,,,,,,,,,,,,,,,,,,,
test_calldatacopy_from_origin,nethermind,CALLDATACOPY,presets[call_calldatacopy],1177,17.064195950728692,0.001,0.7961341036415372,0.7959606007510194,3.15584725534264e-06,0.001,3.0649672173861753e-06,3.245371051274247e-06,,,0,,1024,,,,,,,,,,,,,,,,,,,
test_calldatacopy_from_origin,reth,CALLDATACOPY,presets[call_calldatacopy],99,10.680835356332349,0.001,0.7845458292241144,0.7823246522058063,1.8668371334956472e-06,0.001,1.6680702761297688e-06,2.089723234600156e-06,,,0,,1024,,,,,,,,,,,,,,,,,,,
test_calldatacopy_from_origin,besu,CALLDATACOPY,presets[call_calldatacopy],3773,84.78203874809647,0.001,0.578589972965303,0.5784782227592477,1.6040675475596805e-05,0.001,1.5609001848341764e-05,1.649764282502046e-05,,,0,,10240,,,,,,,,,,,,,,,,,,,
test_calldatacopy_from_origin,erigon,CALLDATACOPY,presets[call_calldatacopy],253,41.17300111356848,0.001,0.37725990421275635,0.37477886797456017,6.061562865298522e-06,0.001,4.632720251981768e-06,7.123203004456921e-06,,,0,,10240,,,,,,,,,,,,,,,,,,,
test_calldatacopy_from_origin,ethrex,CALLDATACOPY,presets[call_calldatacopy],1606,12.574737915001084,0.001,0.8082089159652943,0.8080893454640258,2.375470323459932e-06,0.001,2.31381425597728e-06,2.4361969473899025e-06,,,0,,10240,,,,,,,,,,,,,,,,,,,
test_calldatacopy_from_origin,geth,CALLDATACOPY,presets[call_calldatacopy],4224,62.10009433899805,0.001,0.7950507597011977,0.7950022165367499,1.0849285577455542e-05,0.001,1.0675284567708604e-05,1.1025289343013994e-05,,,0,,10240,,,,,,,,,,,,,,,,,,,
test_calldatacopy_from_origin,nethermind,CALLDATACOPY,presets[call_calldatacopy],1177,17.02524106823303,0.001,0.8321960442044264,0.8320532323271536,3.139196207080672e-06,0.001,3.0404219989569097e-06,3.226177479148079e-06,,,0,,10240,,,,,,,,,,,,,,,,,,,
test_calldatacopy_from_origin,reth,CALLDATACOPY,presets[call_calldatacopy],99,10.840972788269267,0.001,0.8027096891741566,0.8006757684439934,1.9236508391426615e-06,0.001,1.7030144827501928e-06,2.137971130000572e-06,,,0,,10240,,,,,,,,,,,,,,,,,,,
test_calldatacopy_from_origin,besu,CALLDATACOPY,presets[call_calldatacopy],3773,80.91491127130043,0.001,0.587254899394839,0.5871454469682664,1.6049085995237456e-05,0.001,1.5582793115147787e-05,1.6451419061941092e-05,,,0,,1048576,,,,,,,,,,,,,,,,,,,
test_calldatacopy_from_origin,erigon,CALLDATACOPY,presets[call_calldatacopy],253,49.6680767783649,0.001,0.24616415664322433,0.24316082659001004,5.818224332834456e-06,0.001,4.539190466447035e-06,6.853368233724892e-06,,,0,,1048576,,,,,,,,,,,,,,,,,,,
test_calldatacopy_from_origin,ethrex,CALLDATACOPY,presets[call_calldatacopy],1606,13.17769132681758,0.001,0.8049236059366907,0.8048019872371499,2.3464791088239906e-06,0.001,2.280620406916366e-06,2.4118390652408035e-06,,,0,,1048576,,,,,,,,,,,,,,,,,,,
test_calldatacopy_from_origin,geth,CALLDATACOPY,presets[call_calldatacopy],4224,62.48417131928588,0.001,0.8131892576171326,0.8131450106388325,1.0758483165499654e-05,0.001,1.0586908073316406e-05,1.0931309400312114e-05,,,0,,1048576,,,,,,,,,,,,,,,,,,,
test_calldatacopy_from_origin,nethermind,CALLDATACOPY,presets[call_calldatacopy],1177,15.443725044773668,0.001,0.757745361444047,0.7575391872835738,3.230840388978184e-06,0.001,3.1087311482082734e-06,3.3943288710067158e-06,,,0,,1048576,,,,,,,,,,,,,,,,,,,
test_calldatacopy_from_origin,reth,CALLDATACOPY,presets[call_calldatacopy],99,10.081824928384727,0.001,0.8479352899388919,0.8463676125155815,1.8987377792188643e-06,0.001,1.7147117174673038e-06,2.0863495987914985e-06,,,0,,1048576,,,,,,,,,,,,,,,,,,,
test_calldatacopy_from_origin,besu,CALLDATACOPY,presets[call_calldatacopy],3773,100.8161801059909,0.001,0.5516808229632699,0.5515619369444322,1.5372936017310055e-05,0.001,1.4901068679593795e-05,1.5832904700411994e-05,,,0,,256,,,,,,,,,,,,,,,,,,,
test_calldatacopy_from_origin,erigon,CALLDATACOPY,presets[call_calldatacopy],253,32.24147527249953,0.001,0.4085113389002497,0.4061548103699718,6.5514321010364435e-06,0.001,5.484731024395179e-06,7.297622124850666e-06,,,0,,256,,,,,,,,,,,,,,,,,,,
test_calldatacopy_from_origin,ethrex,CALLDATACOPY,presets[call_calldatacopy],1606,13.868167299372598,0.001,0.8057829593222245,0.8056618763791586,2.2985237513678672e-06,0.001,2.2349892232243097e-06,2.3575943400130675e-06,,,0,,256,,,,,,,,,,,,,,,,,,,
test_calldatacopy_from_origin,geth,CALLDATACOPY,presets[call_calldatacopy],4224,59.97284075636989,0.001,0.8172525087775396,0.8172092241988512,1.09001596635692e-05,0.001,1.0725691779870426e-05,1.106039726373092e-05,,,0,,256,,,,,,,,,,,,,,,,,,,
test_calldatacopy_from_origin,nethermind,CALLDATACOPY,presets[call_calldatacopy],1177,16.11982702271307,0.001,0.8611846230240624,0.8610664822776999,3.178806576004113e-06,0.001,3.0973050461913196e-06,3.2641550269092646e-06,,,0,,256,,,,,,,,,,,,,,,,,,,
test_calldatacopy_from_origin,reth,CALLDATACOPY,presets[call_calldatacopy],99,12.842883409156267,0.001,0.8036028691590853,0.8015781564700037,1.7493328649819053e-06,0.001,1.5754328593584384e-06,1.9506558489713437e-06,,,0,,256,,,,,,,,,,,,,,,,,,,
test_calldatacopy_from_origin,besu,CALLDATACOPY,presets[call_calldatacopy],3773,86.97327616855543,0.001,0.5798180184884043,0.5797065939374864,1.5779377909944683e-05,0.001,1.535108268312529e-05,1.6224419520396994e-05,,,0,,32,,,,,,,,,,,,,,,,,,,
test_calldatacopy_from_origin,erigon,CALLDATACOPY,presets[call_calldatacopy],253,23.108151244381634,0.001,0.7041923621517858,0.7030138456663347,6.974869447212345e-06,0.001,6.649008264913152e-06,7.223775364276097e-06,,,0,,32,,,,,,,,,,,,,,,,,,,
test_calldatacopy_from_origin,ethrex,CALLDATACOPY,presets[call_calldatacopy],1606,13.613740330996515,0.001,0.8143086737644178,0.81419290610467,2.3084541804996963e-06,0.001,2.2513042699573057e-06,2.365452138177551e-06,,,0,,32,,,,,,,,,,,,,,,,,,,
test_calldatacopy_from_origin,geth,CALLDATACOPY,presets[call_calldatacopy],4224,59.19623287139296,0.001,0.8070549878091182,0.8070092879009726,1.0961440424973807e-05,0.001,1.0794301422896863e-05,1.113744730649408e-05,,,0,,32,,,,,,,,,,,,,,,,,,,
test_calldatacopy_from_origin,nethermind,CALLDATACOPY,presets[call_calldatacopy],1177,14.89275156793418,0.001,0.7749249943079903,0.7747334411116568,3.2694916197219143e-06,0.001,3.161847426161638e-06,3.4025078599268585e-06,,,0,,32,,,,,,,,,,,,,,,,,,,
test_calldatacopy_from_origin,reth,CALLDATACOPY,presets[call_calldatacopy],99,11.24666198792796,0.001,0.8054516321262477,0.8034459788491988,1.8660500009011737e-06,0.001,1.6679715643193477e-06,2.0569042213774007e-06,,,0,,32,,,,,,,,,,,,,,,,,,,
test_calldatacopy_from_origin,besu,CALLDATACOPY,presets[call_calldatacopy],3773,10.53554315286458,0.001,0.9657790890513627,0.9657700142937523,8.314918385178793e-05,0.001,8.262776261004574e-05,8.366228640412085e-05,,,1024,,0,,,,,,,,,,,,,,,,,,,
test_calldatacopy_from_origin,erigon,CALLDATACOPY,presets[call_calldatacopy],253,9.880775678210759,0.001,0.8744085909107084,0.8739082267310698,1.0069830015811322e-05,0.001,9.600188304924767e-06,1.0535550147362285e-05,,,1024,,0,,,,,,,,,,,,,,,,,,,
test_calldatacopy_from_origin,ethrex,CALLDATACOPY,presets[call_calldatacopy],1606,4.418503191392177,0.001,0.7957519823229293,0.7956246456535546,5.6858171701401535e-06,0.001,5.529426417729307e-06,5.836188255568493e-06,,,1024,,0,,,,,,,,,,,,,,,,,,,
test_calldatacopy_from_origin,geth,CALLDATACOPY,presets[call_calldatacopy],4224,9.404585303705785,0.001,0.7007331149982003,0.700662232268451,1.4839783550978122e-05,0.001,1.4551555342884502e-05,1.5132504769677308e-05,,,1024,,0,,,,,,,,,,,,,,,,,,,
test_calldatacopy_from_origin,nethermind,CALLDATACOPY,presets[call_calldatacopy],1177,6.227463888642354,0.001,0.8157825998768624,0.8156258191108001,8.817132578524399e-06,0.001,8.572296056021975e-06,9.067965350731642e-06,,,1024,,0,,,,,,,,,,,,,,,,,,,
test_calldatacopy_from_origin,reth,CALLDATACOPY,presets[call_calldatacopy],99,4.877653376507334,0.001,0.605668829342821,0.6016035595422315,4.588329205785872e-06,0.001,3.842942993291207e-06,5.35812127953209e-06,,,1024,,0,,,,,,,,,,,,,,,,,,,
test_calldatacopy_from_origin,besu,CALLDATACOPY,presets[call_calldatacopy],3773,10.530456493778688,0.001,0.9650406849899675,0.9650314144211503,8.308723774400023e-05,0.001,8.25830168055923e-05,8.359451916128343e-05,,,1024,,1024,,,,,,,,,,,,,,,,,,,
test_calldatacopy_from_origin,erigon,CALLDATACOPY,presets[call_calldatacopy],253,9.405442933685359,0.001,0.8995014665392956,0.8991010739757072,1.0092712309448693e-05,0.001,9.610875942493179e-06,1.0559937242324317e-05,,,1024,,1024,,,,,,,,,,,,,,,,,,,
test_calldatacopy_from_origin,ethrex,CALLDATACOPY,presets[call_calldatacopy],1606,4.57537137115376,0.001,0.7630239626012775,0.7628762219295825,5.5938879945507825e-06,0.001,5.435576908603131e-06,5.748110190951087e-06,,,1024,,1024,,,,,,,,,,,,,,,,,,,
test_calldatacopy_from_origin,geth,CALLDATACOPY,presets[call_calldatacopy],4224,9.574601325747706,0.001,0.6800877223762627,0.6800119496908947,1.471263855366704e-05,0.001,1.4407832723530599e-05,1.5040076070725524e-05,,,1024,,1024,,,,,,,,,,,,,,,,,,,
test_calldatacopy_from_origin,nethermind,CALLDATACOPY,presets[call_calldatacopy],1177,6.582856937750924,0.001,0.8341108560033956,0.8339696737531858,8.609969469013087e-06,0.001,8.364966642014556e-06,8.827500041826387e-06,,,1024,,1024,,,,,,,,,,,,,,,,,,,
test_calldatacopy_from_origin,reth,CALLDATACOPY,presets[call_calldatacopy],99,3.689976340980876,0.001,0.6454102863275542,0.6417547222690754,5.3478915274533705e-06,0.001,4.691202830652406e-06,6.048035514670419e-06,,,1024,,1024,,,,,,,,,,,,,,,,,,,
test_calldatacopy_from_origin,besu,CALLDATACOPY,presets[call_calldatacopy],3773,10.67057258639832,0.001,0.9649728487171536,0.9649635601594015,8.303679402866303e-05,0.001,8.258015746372469e-05,8.354846480729666e-05,,,1024,,10240,,,,,,,,,,,,,,,,,,,
test_calldatacopy_from_origin,erigon,CALLDATACOPY,presets[call_calldatacopy],253,10.379582321451538,0.001,0.8769454607786589,0.876455203650287,9.72274084031617e-06,0.001,9.313539332647795e-06,1.0158978431217208e-05,,,1024,,10240,,,,,,,,,,,,,,,,,,,
test_calldatacopy_from_origin,ethrex,CALLDATACOPY,presets[call_calldatacopy],1606,4.386002740100903,0.001,0.7956926745743431,0.7955653009300627,5.721294478476371e-06,0.001,5.574717727699382e-06,5.862367828558895e-06,,,1024,,10240,,,,,,,,,,,,,,,,,,,
test_calldatacopy_from_origin,geth,CALLDATACOPY,presets[call_calldatacopy],4224,9.509140854569528,0.001,0.6591733661188386,0.6590926397725854,1.4963366817953554e-05,0.001,1.4628852900432464e-05,1.531945649535719e-05,,,1024,,10240,,,,,,,,,,,,,,,,,,,
test_calldatacopy_from_origin,nethermind,CALLDATACOPY,presets[call_calldatacopy],1177,6.467918942356315,0.001,0.6984230097267989,0.6981663484584814,8.752104660415847e-06,0.001,8.437818495177147e-06,9.04537041016652e-06,,,1024,,10240,,,,,,,,,,,,,,,,,,,
test_calldatacopy_from_origin,reth,CALLDATACOPY,presets[call_calldatacopy],99,4.758561869775742,0.001,0.5693174445210225,0.5648774181758784,4.737246813533762e-06,0.001,3.973420872031148e-06,5.552921371608573e-06,,,1024,,10240,,,,,,,,,,,,,,,,,,,
test_calldatacopy_from_origin,besu,CALLDATACOPY,presets[call_calldatacopy],3773,10.36988235175887,0.001,0.9650680188522592,0.9650587555318806,8.320720568152291e-05,0.001,8.269790329183869e-05,8.371640126888606e-05,,,1024,,1048576,,,,,,,,,,,,,,,,,,,
test_calldatacopy_from_origin,erigon,CALLDATACOPY,presets[call_calldatacopy],253,9.931658318137313,0.001,0.8761194327156322,0.8756258846388021,9.918150594061654e-06,0.001,9.40324926950547e-06,1.0410755094083948e-05,,,1024,,1048576,,,,,,,,,,,,,,,,,,,
test_calldatacopy_from_origin,ethrex,CALLDATACOPY,presets[call_calldatacopy],1606,4.633446106768076,0.001,0.7782270563945477,0.7780887939608785,5.613715189343415e-06,0.001,5.454066148719168e-06,5.769243494731047e-06,,,1024,,1048576,,,,,,,,,,,,,,,,,,,
test_calldatacopy_from_origin,geth,CALLDATACOPY,presets[call_calldatacopy],4224,10.277967183368851,0.001,0.6658151987717438,0.6657360455739162,1.4493688599114026e-05,0.001,1.4164957027998925e-05,1.4822007794944065e-05,,,1024,,1048576,,,,,,,,,,,,,,,,,,,
test_calldatacopy_from_origin,nethermind,CALLDATACOPY,presets[call_calldatacopy],1177,6.763125183006509,0.001,0.24771289301059507,0.24707264866422118,8.75423757128372e-06,0.001,8.387348575950591e-06,9.141060706495077e-06,,,1024,,1048576,,,,,,,,,,,,,,,,,,,
test_calldatacopy_from_origin,reth,CALLDATACOPY,presets[call_calldatacopy],99,3.43076326220016,0.001,0.6319633733072134,0.6281691812794528,5.401831082697157e-06,0.001,4.670318941076054e-06,6.229417724056083e-06,,,1024,,1048576,,,,,,,,,,,,,,,,,,,
test_calldatacopy_from_origin,besu,CALLDATACOPY,presets[call_calldatacopy],3773,10.402018352329698,0.001,0.9647726202824185,0.9647632786277599,8.31397273940034e-05,0.001,8.263763629640989e-05,8.363907720820228e-05,,,1024,,256,,,,,,,,,,,,,,,,,,,
test_calldatacopy_from_origin,erigon,CALLDATACOPY,presets[call_calldatacopy],253,9.23638420155055,0.001,0.8653119568757288,0.8647753511262297,1.0397515284822394e-05,0.001,9.858072832501573e-06,1.0879122902955764e-05,,,1024,,256,,,,,,,,,,,,,,,,,,,
test_calldatacopy_from_origin,ethrex,CALLDATACOPY,presets[call_calldatacopy],1606,4.457320501282239,0.001,0.7923170103032153,0.7921875321300876,5.670962142062827e-06,0.001,5.530382255282294e-06,5.826044875596426e-06,,,1024,,256,,,,,,,,,,,,,,,,,,,
test_calldatacopy_from_origin,geth,CALLDATACOPY,presets[call_calldatacopy],4224,9.639516646194053,0.001,0.6679785054126617,0.667899864603901,1.4768679169070387e-05,0.001,1.4420684114997942e-05,1.5076472103968614e-05,,,1024,,256,,,,,,,,,,,,,,,,,,,
test_calldatacopy_from_origin,nethermind,CALLDATACOPY,presets[call_calldatacopy],1177,6.328000969711721,0.001,0.6610665000969524,0.6607780460544818,8.81385351363587e-06,0.001,8.506239235132496e-06,9.150719195380473e-06,,,1024,,256,,,,,,,,,,,,,,,,,,,
test_calldatacopy_from_origin,reth,CALLDATACOPY,presets[call_calldatacopy],99,3.280034813860733,0.001,0.7220172709301642,0.7191514695995473,5.433029576210427e-06,0.001,4.752044690721468e-06,6.156364764806391e-06,,,1024,,256,,,,,,,,,,,,,,,,,,,
test_calldatacopy_from_origin,besu,CALLDATACOPY,presets[call_calldatacopy],3773,10.564987102226544,0.001,0.9650231707551252,0.9650138955418542,8.303912373300438e-05,0.001,8.253259737697874e-05,8.35234339519937e-05,,,1024,,32,,,,,,,,,,,,,,,,,,,
test_calldatacopy_from_origin,erigon,CALLDATACOPY,presets[call_calldatacopy],253,9.142227317444679,0.001,0.89632416561927,0.895911114486279,1.0299634228944042e-05,0.001,9.806874251675266e-06,1.075254651961839e-05,,,1024,,32,,,,,,,,,,,,,,,,,,,
test_calldatacopy_from_origin,ethrex,CALLDATACOPY,presets[call_calldatacopy],1606,4.614755299542573,0.001,0.8029396419088353,0.8028167863239903,5.5927745352140026e-06,0.001,5.445073272236924e-06,5.740152447959547e-06,,,1024,,32,,,,,,,,,,,,,,,,,,,
test_calldatacopy_from_origin,geth,CALLDATACOPY,presets[call_calldatacopy],4224,10.117675484859895,0.001,0.6755882847713564,0.6755114463736234,1.4364717886673037e-05,0.001,1.4057018084610328e-05,1.4663784365654826e-05,,,1024,,32,,,,,,,,,,,,,,,,,,,
test_calldatacopy_from_origin,nethermind,CALLDATACOPY,presets[call_calldatacopy],1177,7.886078953332096,0.001,0.15830924850212724,0.157592915947661,8.179404035871872e-06,0.001,7.191576297639639e-06,8.866751044667588e-06,,,1024,,32,,,,,,,,,,,,,,,,,,,
test_calldatacopy_from_origin,reth,CALLDATACOPY,presets[call_calldatacopy],99,3.8737526772994006,0.001,0.5714317957428623,0.5670135668329949,4.9654411836692085e-06,0.001,4.148455955383791e-06,5.802397300624675e-06,,,1024,,32,,,,,,,,,,,,,,,,,,,
test_calldatacopy_from_origin,besu,CALLDATACOPY,presets[call_calldatacopy],3773,42.85414565027859,0.001,0.793851697930035,0.7937970311832648,2.5886674587564207e-05,0.001,2.5465163709390046e-05,2.6282544901297827e-05,,,256,,0,,,,,,,,,,,,,,,,,,,
test_calldatacopy_from_origin,erigon,CALLDATACOPY,presets[call_calldatacopy],253,11.112203783091365,0.013,0.3748052208987104,0.3723144050457172,9.189058423286784e-06,0.001,8.012109661908164e-06,1.131437769131878e-05,,,256,,0,,,,,,,,,,,,,,,,,,,
test_calldatacopy_from_origin,ethrex,CALLDATACOPY,presets[call_calldatacopy],1606,6.975415827408928,0.001,0.8077180203480413,0.8075981438021236,3.683350271538524e-06,0.001,3.5883852698486987e-06,3.7764537752879487e-06,,,256,,0,,,,,,,,,,,,,,,,,,,
test_calldatacopy_from_origin,geth,CALLDATACOPY,presets[call_calldatacopy],4224,20.058990902050102,0.001,0.7849261500006073,0.7848752087760693,1.3153203530662136e-05,0.001,1.2934241602709017e-05,1.3357869905057958e-05,,,256,,0,,,,,,,,,,,,,,,,,,,
test_calldatacopy_from_origin,nethermind,CALLDATACOPY,presets[call_calldatacopy],1177,10.65757392458289,0.001,0.8709583903144519,0.870848567667911,6.99605737138831e-06,0.001,6.829887897162099e-06,7.175211328142286e-06,,,256,,0,,,,,,,,,,,,,,,,,,,
test_calldatacopy_from_origin,reth,CALLDATACOPY,presets[call_calldatacopy],99,7.72776164439144,0.001,0.7659338511462745,0.7635207980653083,3.2600846514514383e-06,0.001,2.922109680412363e-06,3.59695407458439e-06,,,256,,0,,,,,,,,,,,,,,,,,,,
test_calldatacopy_from_origin,besu,CALLDATACOPY,presets[call_calldatacopy],3773,39.584501725476265,0.001,0.8040780710766373,0.804026116176366,2.611839530830061e-05,0.001,2.5706658864273128e-05,2.6551825191076332e-05,,,256,,1024,,,,,,,,,,,,,,,,,,,
test_calldatacopy_from_origin,erigon,CALLDATACOPY,presets[call_calldatacopy],253,11.119778807663222,0.034,0.3581623138220097,0.35560519156632053,9.17797925739492e-06,0.001,7.716152653207255e-06,1.1625140105508133e-05,,,256,,1024,,,,,,,,,,,,,,,,,,,
test_calldatacopy_from_origin,ethrex,CALLDATACOPY,presets[call_calldatacopy],1606,7.014368971126442,0.001,0.8058933248323111,0.8057723106956729,3.6659912726166047e-06,0.001,3.5706190605666636e-06,3.761272515258266e-06,,,256,,1024,,,,,,,,,,,,,,,,,,,
test_calldatacopy_from_origin,geth,CALLDATACOPY,presets[call_calldatacopy],4224,20.250851039209017,0.001,0.794835910755845,0.7947873167034423,1.3112359271888724e-05,0.001,1.2901531218159736e-05,1.3327927105991869e-05,,,256,,1024,,,,,,,,,,,,,,,,,,,
test_calldatacopy_from_origin,nethermind,CALLDATACOPY,presets[call_calldatacopy],1177,11.212502010588999,0.001,0.6115085148324693,0.6111778837812629,6.971770590834365e-06,0.001,6.6268113899648226e-06,7.401640444595271e-06,,,256,,1024,,,,,,,,,,,,,,,,,,,
test_calldatacopy_from_origin,reth,CALLDATACOPY,presets[call_calldatacopy],99,6.313173169692009,0.001,0.7536444920787231,0.75110474457438,3.5520667002372215e-06,0.001,3.1220990631510156e-06,4.0662241535656325e-06,,,256,,1024,,,,,,,,,,,,,,,,,,,
test_calldatacopy_from_origin,besu,CALLDATACOPY,presets[call_calldatacopy],3773,41.979316821243486,0.001,0.787009725474547,0.7869532443622358,2.5853922050281326e-05,0.001,2.5414323141390793e-05,2.6288276401173057e-05,,,256,,10240,,,,,,,,,,,,,,,,,,,
test_calldatacopy_from_origin,erigon,CALLDATACOPY,presets[call_calldatacopy],253,14.407049838908856,0.001,0.9242455107523264,0.9239437000381923,8.270207069539289e-06,0.001,7.976891615182755e-06,8.561365733062967e-06,,,256,,10240,,,,,,,,,,,,,,,,,,,
test_calldatacopy_from_origin,ethrex,CALLDATACOPY,presets[call_calldatacopy],1606,6.470575758716151,0.001,0.8090067313530968,0.8088876582429678,3.7610976489527166e-06,0.001,3.664682338163196e-06,3.856142843511813e-06,,,256,,10240,,,,,,,,,,,,,,,,,,,
test_calldatacopy_from_origin,geth,CALLDATACOPY,presets[call_calldatacopy],4224,18.925286310665516,0.001,0.7872658270068199,0.7872154399454762,1.3407792698673589e-05,0.001,1.3176197365768287e-05,1.3609429222070133e-05,,,256,,10240,,,,,,,,,,,,,,,,,,,
test_calldatacopy_from_origin,nethermind,CALLDATACOPY,presets[call_calldatacopy],1177,10.85531982615501,0.001,0.8611850976561152,0.8610669573136949,6.93268852700848e-06,0.001,6.761108614726253e-06,7.108679910793667e-06,,,256,,10240,,,,,,,,,,,,,,,,,,,
test_calldatacopy_from_origin,reth,CALLDATACOPY,presets[call_calldatacopy],99,6.837039721294083,0.001,0.6901966825928602,0.6870028339597969,3.5151918613660646e-06,0.001,3.039587996328061e-06,3.995410781494976e-06,,,256,,10240,,,,,,,,,,,,,,,,,,,
test_calldatacopy_from_origin,besu,CALLDATACOPY,presets[call_calldatacopy],3773,39.27758619546881,0.001,0.8037178295751592,0.8036657791454523,2.619877403745415e-05,0.001,2.5797141887784556e-05,2.6601433986364422e-05,,,256,,1048576,,,,,,,,,,,,,,,,,,,
test_calldatacopy_from_origin,erigon,CALLDATACOPY,presets[call_calldatacopy],253,25.95666238828535,0.001,0.1746670396949539,0.17137886057023266,6.651818344238097e-06,0.001,3.414090314444941e-06,8.28577104700578e-06,,,256,,1048576,,,,,,,,,,,,,,,,,,,
test_calldatacopy_from_origin,ethrex,CALLDATACOPY,presets[call_calldatacopy],1606,6.842381068503997,0.001,0.7999675411018117,0.7998428325862891,3.687038360619133e-06,0.001,3.5817523574721413e-06,3.7862422468758016e-06,,,256,,1048576,,,,,,,,,,,,,,,,,,,
test_calldatacopy_from_origin,geth,CALLDATACOPY,presets[call_calldatacopy],4224,20.017753246525178,0.001,0.7868573402792068,0.7868068564659144,1.3226388193133053e-05,0.001,1.3015827094544454e-05,1.3442038816187792e-05,,,256,,1048576,,,,,,,,,,,,,,,,,,,
test_calldatacopy_from_origin,nethermind,CALLDATACOPY,presets[call_calldatacopy],1177,10.96998749099619,0.001,0.8486583368226127,0.8485295354071426,6.944915012126893e-06,0.001,6.741451704397097e-06,7.1213213822627985e-06,,,256,,1048576,,,,,,,,,,,,,,,,,,,
test_calldatacopy_from_origin,reth,CALLDATACOPY,presets[call_calldatacopy],99,10.413528831745097,0.001,0.5686311302439422,0.5641840284938797,3.028567486400948e-06,0.001,2.549952006784447e-06,3.4923225240764794e-06,,,256,,1048576,,,,,,,,,,,,,,,,,,,
test_calldatacopy_from_origin,besu,CALLDATACOPY,presets[call_calldatacopy],3773,38.70694164349247,0.001,0.8047919832958297,0.8047402177119781,2.6271444367043172e-05,0.001,2.586410881152696e-05,2.6692985306601216e-05,,,256,,256,,,,,,,,,,,,,,,,,,,
test_calldatacopy_from_origin,erigon,CALLDATACOPY,presets[call_calldatacopy],253,15.660705921995474,0.001,0.9237177925349572,0.9234138793578056,8.117535657532431e-06,0.001,7.78512000099027e-06,8.46523174395428e-06,,,256,,256,,,,,,,,,,,,,,,,,,,
test_calldatacopy_from_origin,ethrex,CALLDATACOPY,presets[call_calldatacopy],1606,6.840166057700907,0.001,0.8009491708416316,0.8008250743147249,3.6833021594291504e-06,0.001,3.5824624353865602e-06,3.783097468988096e-06,,,256,,256,,,,,,,,,,,,,,,,,,,
test_calldatacopy_from_origin,geth,CALLDATACOPY,presets[call_calldatacopy],4224,20.352720743722145,0.001,0.7881714906395976,0.7881213180888254,1.3123214324585241e-05,0.001,1.2912757448111104e-05,1.3336698213487865e-05,,,256,,256,,,,,,,,,,,,,,,,,,,
test_calldatacopy_from_origin,nethermind,CALLDATACOPY,presets[call_calldatacopy],1177,11.871529896690943,0.001,0.8578595548507915,0.8577385842591752,6.7374815033696306e-06,0.001,6.565270134652295e-06,6.913103019162299e-06,,,256,,256,,,,,,,,,,,,,,,,,,,
test_calldatacopy_from_origin,reth,CALLDATACOPY,presets[call_calldatacopy],99,5.808484934729503,0.001,0.7233872429741741,0.7205355650666914,3.740472918726589e-06,0.001,3.2936438651913815e-06,4.200090602800962e-06,,,256,,256,,,,,,,,,,,,,,,,,,,
test_calldatacopy_from_origin,besu,CALLDATACOPY,presets[call_calldatacopy],3773,39.35649843653925,0.001,0.8024830481848924,0.8024306703138196,2.61483971752837e-05,0.001,2.575270302256696e-05,2.6543215198454173e-05,,,256,,32,,,,,,,,,,,,,,,,,,,
test_calldatacopy_from_origin,erigon,CALLDATACOPY,presets[call_calldatacopy],253,24.146034222250503,0.001,0.19490460662972398,0.19169705526171488,7.058177184208071e-06,0.001,4.976520507238138e-06,8.348446121329513e-06,,,256,,32,,,,,,,,,,,,,,,,,,,
test_calldatacopy_from_origin,ethrex,CALLDATACOPY,presets[call_calldatacopy],1606,7.47274931019377,0.001,0.7991526572337218,0.7990274406858625,3.57129451851701e-06,0.001,3.4749992528986935e-06,3.6646608904362292e-06,,,256,,32,,,,,,,,,,,,,,,,,,,
test_calldatacopy_from_origin,geth,CALLDATACOPY,presets[call_calldatacopy],4224,20.212023786670297,0.001,0.7914923259658119,0.7914429399700671,1.3094586768087569e-05,0.001,1.289316355866344e-05,1.329607836160957e-05,,,256,,32,,,,,,,,,,,,,,,,,,,
test_calldatacopy_from_origin,nethermind,CALLDATACOPY,presets[call_calldatacopy],1177,11.173326813432395,0.001,0.8581137114974844,0.8579929572093972,6.896227162366296e-06,0.001,6.705988703556856e-06,7.067636859182209e-06,,,256,,32,,,,,,,,,,,,,,,,,,,
test_calldatacopy_from_origin,reth,CALLDATACOPY,presets[call_calldatacopy],99,7.125846489439402,0.001,0.6899500998977302,0.6867537091750264,3.537652178593756e-06,0.001,3.0513976598135207e-06,3.976387983452058e-06,,,256,,32,,,,,,,,,,,,,,,,,,,
test_calldatacopy_from_origin,besu,CALLDATACOPY,presets[call_calldatacopy],3773,105.37940921538942,0.001,0.5866992434433065,0.5865896436669722,2.3162478717495108e-05,0.001,2.2555436376491677e-05,2.380174708944588e-05,,,32,,0,,,,,,,,,,,,,,,,,,,
test_calldatacopy_from_origin,erigon,CALLDATACOPY,presets[call_calldatacopy],253,34.34445881196012,0.001,0.36171302879430156,0.3591700528134024,6.903107097987185e-06,0.001,5.652512430338521e-06,7.754143451120774e-06,,,32,,0,,,,,,,,,,,,,,,,,,,
test_calldatacopy_from_origin,ethrex,CALLDATACOPY,presets[call_calldatacopy],1606,14.032361296996724,0.001,0.812331541032688,0.8122145407465489,3.0811111673087626e-06,0.001,3.0027415497060565e-06,3.1567532430838168e-06,,,32,,0,,,,,,,,,,,,,,,,,,,
test_calldatacopy_from_origin,geth,CALLDATACOPY,presets[call_calldatacopy],4224,48.03291001083835,0.001,0.8033709503743361,0.8033243778850833,1.1594335853262428e-05,0.001,1.1410449920839084e-05,1.1780821055817045e-05,,,32,,0,,,,,,,,,,,,,,,,,,,
test_calldatacopy_from_origin,nethermind,CALLDATACOPY,presets[call_calldatacopy],1177,20.232660037554904,0.001,0.8353723629883684,0.8352322543611244,5.694033716043794e-06,0.001,5.549323023651739e-06,5.840503861063945e-06,,,32,,0,,,,,,,,,,,,,,,,,,,
test_calldatacopy_from_origin,reth,CALLDATACOPY,presets[call_calldatacopy],99,13.756467777700458,0.001,0.7424742441023794,0.739819339402404,2.828236614773877e-06,0.001,2.5079107152587615e-06,3.151862627535041e-06,,,32,,0,,,,,,,,,,,,,,,,,,,
test_calldatacopy_from_origin,besu,CALLDATACOPY,presets[call_calldatacopy],3773,96.59526819611844,0.001,0.5877871372334529,0.5876778259465882,2.3597614957407033e-05,0.001,2.300694378199076e-05,2.423860113571971e-05,,,32,,1024,,,,,,,,,,,,,,,,,,,
test_calldatacopy_from_origin,erigon,CALLDATACOPY,presets[call_calldatacopy],253,30.008765317992395,0.001,0.311154101916865,0.3084096959484063,7.310898027687704e-06,0.001,6.595590747272145e-06,7.831068224569664e-06,,,32,,1024,,,,,,,,,,,,,,,,,,,
test_calldatacopy_from_origin,ethrex,CALLDATACOPY,presets[call_calldatacopy],1606,13.852291426601747,0.001,0.8123690253632163,0.8122520484463605,3.0931964384745874e-06,0.001,3.0136074032761168e-06,3.170213930708602e-06,,,32,,1024,,,,,,,,,,,,,,,,,,,
test_calldatacopy_from_origin,geth,CALLDATACOPY,presets[call_calldatacopy],4224,50.14681703521977,0.001,0.8112523091996665,0.8112076034462794,1.146194037091305e-05,0.001,1.128883853626859e-05,1.1640479561236095e-05,,,32,,1024,,,,,,,,,,,,,,,,,,,
test_calldatacopy_from_origin,nethermind,CALLDATACOPY,presets[call_calldatacopy],1177,19.86753129553483,0.001,0.8284630221315363,0.8283170332142015,5.7391251168403286e-06,0.001,5.6046207455538095e-06,5.886452901378699e-06,,,32,,1024,,,,,,,,,,,,,,,,,,,
test_calldatacopy_from_origin,reth,CALLDATACOPY,presets[call_calldatacopy],99,14.569898149466612,0.001,0.8398792927121221,0.83822856377101,2.7902662945228918e-06,0.001,2.5676822716860676e-06,3.024083135552013e-06,,,32,,1024,,,,,,,,,,,,,,,,,,,
test_calldatacopy_from_origin,besu,CALLDATACOPY,presets[call_calldatacopy],3773,98.38162172066534,0.001,0.5953024863515628,0.5951951679973733,2.3655647055688126e-05,0.001,2.3012279549326812e-05,2.425799299609528e-05,,,32,,10240,,,,,,,,,,,,,,,,,,,
test_calldatacopy_from_origin,erigon,CALLDATACOPY,presets[call_calldatacopy],253,20.815860632385593,0.001,0.7293515600933709,0.7282732794562927,7.776403980273741e-06,0.001,7.505505535033302e-06,8.024454656108094e-06,,,32,,10240,,,,,,,,,,,,,,,,,,,
test_calldatacopy_from_origin,ethrex,CALLDATACOPY,presets[call_calldatacopy],1606,15.037871625415063,0.001,0.8058473581925437,0.8057263153983993,3.0256110749835285e-06,0.001,2.943443915625954e-06,3.1008197120481318e-06,,,32,,10240,,,,,,,,,,,,,,,,,,,
test_calldatacopy_from_origin,geth,CALLDATACOPY,presets[call_calldatacopy],4224,49.42661431510847,0.001,0.8078386048724141,0.8077930905675521,1.1522207880274132e-05,0.001,1.1329819377489005e-05,1.1706231843197224e-05,,,32,,10240,,,,,,,,,,,,,,,,,,,
test_calldatacopy_from_origin,nethermind,CALLDATACOPY,presets[call_calldatacopy],1177,19.77836779663198,0.001,0.7931934035992076,0.7930173979852495,5.784324100626934e-06,0.001,5.614447514947261e-06,5.969640925808227e-06,,,32,,10240,,,,,,,,,,,,,,,,,,,
test_calldatacopy_from_origin,reth,CALLDATACOPY,presets[call_calldatacopy],99,11.19229925616619,0.001,0.8091156134984359,0.8071477332252239,2.9849896154131487e-06,0.001,2.670719787720148e-06,3.3277832888425997e-06,,,32,,10240,,,,,,,,,,,,,,,,,,,
test_calldatacopy_from_origin,besu,CALLDATACOPY,presets[call_calldatacopy],3773,96.12249511760314,0.001,0.5893711458285761,0.5892622545917234,2.3643096978016235e-05,0.001,2.2965056738680545e-05,2.4326789124762843e-05,,,32,,1048576,,,,,,,,,,,,,,,,,,,
test_calldatacopy_from_origin,erigon,CALLDATACOPY,presets[call_calldatacopy],253,22.87796363156007,0.001,0.48682674501029743,0.48478223005017906,7.704551764647467e-06,0.001,7.438265711031506e-06,7.984921223073765e-06,,,32,,1048576,,,,,,,,,,,,,,,,,,,
test_calldatacopy_from_origin,ethrex,CALLDATACOPY,presets[call_calldatacopy],1606,14.241476644897771,0.001,0.8002971020358407,0.800172598982247,3.079852836098886e-06,0.001,2.9940227826148768e-06,3.1639494974798202e-06,,,32,,1048576,,,,,,,,,,,,,,,,,,,
test_calldatacopy_from_origin,geth,CALLDATACOPY,presets[call_calldatacopy],4224,49.67290544789901,0.001,0.8099316706914674,0.8098866521388126,1.1461510060744569e-05,0.001,1.1291065984392608e-05,1.1637357182101633e-05,,,32,,1048576,,,,,,,,,,,,,,,,,,,
test_calldatacopy_from_origin,nethermind,CALLDATACOPY,presets[call_calldatacopy],1177,18.931751936850663,0.001,0.8803059779331,0.880204110680277,5.792365796741514e-06,0.001,5.657488438582186e-06,5.9221676332637115e-06,,,32,,1048576,,,,,,,,,,,,,,,,,,,
test_calldatacopy_from_origin,reth,CALLDATACOPY,presets[call_calldatacopy],99,8.377423730699338,0.001,0.8130197023022546,0.8110920703672263,3.258709263523905e-06,0.001,2.982434688885226e-06,3.5790425177320325e-06,,,32,,1048576,,,,,,,,,,,,,,,,,,,
test_calldatacopy_from_origin,besu,CALLDATACOPY,presets[call_calldatacopy],3773,94.64569036730067,0.001,0.5894278690885757,0.5893189928936906,2.3747283360945268e-05,0.001,2.3150721228316145e-05,2.437333098187977e-05,,,32,,256,,,,,,,,,,,,,,,,,,,
test_calldatacopy_from_origin,erigon,CALLDATACOPY,presets[call_calldatacopy],253,15.786431244493377,0.001,0.5089622644109051,0.5070059387711079,8.255834974003038e-06,0.001,7.706427987087853e-06,9.031357192366043e-06,,,32,,256,,,,,,,,,,,,,,,,,,,
test_calldatacopy_from_origin,ethrex,CALLDATACOPY,presets[call_calldatacopy],1606,14.210332753153285,0.001,0.7979038578440839,0.7977778627429892,3.0772321985187065e-06,0.001,2.9951001310648235e-06,3.165251413842447e-06,,,32,,256,,,,,,,,,,,,,,,,,,,
test_calldatacopy_from_origin,geth,CALLDATACOPY,presets[call_calldatacopy],4224,47.98106710691104,0.001,0.805812592117536,0.8057665979422914,1.1623472763457053e-05,0.001,1.1443418928056193e-05,1.1815412852800003e-05,,,32,,256,,,,,,,,,,,,,,,,,,,
test_calldatacopy_from_origin,nethermind,CALLDATACOPY,presets[call_calldatacopy],1177,20.968555956661877,0.001,0.8779008917907967,0.8777969776561505,5.661474723955191e-06,0.001,5.5222506058455124e-06,5.807694677499222e-06,,,32,,256,,,,,,,,,,,,,,,,,,,
test_calldatacopy_from_origin,reth,CALLDATACOPY,presets[call_calldatacopy],99,13.942295459616624,0.001,0.8198343355739819,0.8179769575902085,2.7014215026370738e-06,0.001,2.449669774812079e-06,2.9718659868188013e-06,,,32,,256,,,,,,,,,,,,,,,,,,,
test_calldatacopy_from_origin,besu,CALLDATACOPY,presets[call_calldatacopy],3773,92.13602687950798,0.001,0.5931791481857389,0.5930712667612323,2.4039352721841075e-05,0.001,2.336074389094343e-05,2.4703894232707455e-05,,,32,,32,,,,,,,,,,,,,,,,,,,
test_calldatacopy_from_origin,erigon,CALLDATACOPY,presets[call_calldatacopy],253,18.224253177128023,0.001,0.7967971874086205,0.7959876144500891,7.900010373195901e-06,0.001,7.587654516577154e-06,8.190275066499866e-06,,,32,,32,,,,,,,,,,,,,,,,,,,
test_calldatacopy_from_origin,ethrex,CALLDATACOPY,presets[call_calldatacopy],1606,13.900729303253943,0.001,0.8176714255566973,0.8175577543756228,3.1155000382000637e-06,0.001,3.036485067827375e-06,3.188065223923575e-06,,,32,,32,,,,,,,,,,,,,,,,,,,
test_calldatacopy_from_origin,geth,CALLDATACOPY,presets[call_calldatacopy],4224,51.92335915724681,0.001,0.7990382307494783,0.7989906320357761,1.1351400044034649e-05,0.001,1.1157419821277013e-05,1.15479730716585e-05,,,32,,32,,,,,,,,,,,,,,,,,,,
test_calldatacopy_from_origin,nethermind,CALLDATACOPY,presets[call_calldatacopy],1177,21.572868115459876,0.001,0.8332796754593687,0.8331377858214617,5.618323469965318e-06,0.001,5.431733808809349e-06,5.792728814029544e-06,,,32,,32,,,,,,,,,,,,,,,,,,,
test_calldatacopy_from_origin,reth,CALLDATACOPY,presets[call_calldatacopy],99,13.478927938519263,0.001,0.7805469241458097,0.7782845213019521,2.8073578143665383e-06,0.001,2.489836028229347e-06,3.1343807674149697e-06,,,32,,32,,,,,,,,,,,,,,,,,,,
test_calldataload,besu,CALLDATALOAD,presets[call_calldataload],3773,4.698798590246489,0.001,0.0,-0.00026518164942990197,0.0,1.0,0.0,0.0,,,0,,,,,,,,,,,,,,,,,,,,,
test_calldataload,erigon,CALLDATALOAD,presets[call_calldataload],253,5.550314252173914,0.001,0.2824699699302856,0.27961128455152184,6.656678813339158e-05,0.001,5.5129220553582396e-05,7.914812537439164e-05,,,0,,,,,,,,,,,,,,,,,,,,,
test_calldataload,ethrex,CALLDATALOAD,presets[call_calldataload],1606,2.4639245432876677,0.001,0.20894843679938502,0.20845526250811286,1.7320934777271587e-05,0.001,1.563030764239291e-05,1.8981597929024947e-05,,,0,,,,,,,,,,,,,,,,,,,,,
test_calldataload,geth,CALLDATALOAD,presets[call_calldataload],4224,2.5285745860416853,0.001,0.017283917754721045,0.017051156958357905,3.939737354652421e-05,0.001,3.1127624968168385e-05,4.7849400373973553e-05,,,0,,,,,,,,,,,,,,,,,,,,,
test_calldataload,nethermind,CALLDATALOAD,presets[call_calldataload],1177,2.2345614467289727,0.001,0.013412494090847327,0.012572845149648071,1.4136609041068097e-05,0.001,6.200282904748228e-06,2.1363793179449945e-05,,,0,,,,,,,,,,,,,,,,,,,,,
test_calldataload,reth,CALLDATALOAD,presets[call_calldataload],99,1.3007325644444443,0.001,0.3844451575141604,0.3780992313029662,3.265900665083743e-05,0.001,2.476309095388093e-05,4.0432113333986525e-05,,,0,,,,,,,,,,,,,,,,,,,,,
test_calldataload,besu,CALLDATALOAD,presets[call_calldataload],3773,3.196582677434415,0.001,0.19666053735010425,0.19644750646634668,3.563381475022964e-05,0.001,3.348201356562089e-05,3.777565674117201e-05,,,1024,,,,,,,,,,,,,,,,,,,,,
test_calldataload,erigon,CALLDATALOAD,presets[call_calldataload],253,6.223229542608699,0.001,0.014034363541930994,0.010106213595882929,7.022839346727105e-05,0.001,2.6077723215571304e-05,0.00015690777870810396,,,1024,,,,,,,,,,,,,,,,,,,,,
test_calldataload,ethrex,CALLDATALOAD,presets[call_calldataload],1606,2.4164797106849245,0.001,0.43086690568239994,0.4305120845512792,3.024920298414256e-05,0.001,2.8364803956776743e-05,3.19700567635302e-05,,,1024,,,,,,,,,,,,,,,,,,,,,
test_calldataload,geth,CALLDATALOAD,presets[call_calldataload],4224,2.6975670477083313,0.001,0.07158423659466095,0.07136433707703771,9.117224750294415e-05,0.001,8.13073108867677e-05,0.00010163231283739221,,,1024,,,,,,,,,,,,,,,,,,,,,
test_calldataload,nethermind,CALLDATALOAD,presets[call_calldataload],1177,2.0620626553271038,0.001,0.14881616117775265,0.14809174940003156,3.434992556865024e-05,0.001,3.153686393657628e-05,3.7146182705284576e-05,,,1024,,,,,,,,,,,,,,,,,,,,,
test_calldataload,reth,CALLDATALOAD,presets[call_calldataload],99,1.1348199244444441,0.001,0.5192238261691716,0.5142673707688539,5.376794711243877e-05,0.001,4.3928603843421354e-05,6.576946924559763e-05,,,1024,,,,,,,,,,,,,,,,,,,,,
test_calldataload,besu,CALLDATALOAD,presets[call_calldataload],3773,3.0879816052478164,0.001,0.1067245949343767,0.10648771468906626,2.4248992923061858e-05,0.001,2.1987650836137182e-05,2.6396602199321546e-05,,,256,,,,,,,,,,,,,,,,,,,,,
test_calldataload,erigon,CALLDATALOAD,presets[call_calldataload],253,5.680279766956519,0.001,0.26889383676301004,0.26598106320429693,6.960028590053611e-05,0.001,5.460953315804801e-05,8.57809029268885e-05,,,256,,,,,,,,,,,,,,,,,,,,,
test_calldataload,ethrex,CALLDATALOAD,presets[call_calldataload],1606,2.424772553424656,0.001,0.3120361311943888,0.31160722603927304,2.2768064202886056e-05,0.001,2.1216702039121835e-05,2.437154639184569e-05,,,256,,,,,,,,,,,,,,,,,,,,,
test_calldataload,geth,CALLDATALOAD,presets[call_calldataload],4224,2.844873618229172,0.001,0.01297267515894851,0.012738893225068493,3.76943830527507e-05,0.001,2.8250011253383746e-05,4.600214258177842e-05,,,256,,,,,,,,,,,,,,,,,,,,,
test_calldataload,nethermind,CALLDATALOAD,presets[call_calldataload],1177,1.65319069383177,0.003,0.0021977543871685157,0.0013485609866469295,7.172974997530438e-05,0.001,2.6270482539580634e-05,0.00018929606643819277,,,256,,,,,,,,,,,,,,,,,,,,,
test_calldataload,reth,CALLDATALOAD,presets[call_calldataload],99,1.1189133022222222,0.001,0.6010072254514498,0.5968938978787843,4.7942009484783465e-05,0.001,4.124399562790562e-05,5.4071830865729995e-05,,,256,,,,,,,,,,,,,,,,,,,,,
test_calldataload,besu,CALLDATALOAD,presets[call_calldataload],3773,2.9945728719533644,0.001,0.13375916892488715,0.13352945775249914,3.0321680104518723e-05,0.001,2.8128329426589772e-05,3.267018705580862e-05,,,32,,,,,,,,,,,,,,,,,,,,,
test_calldataload,erigon,CALLDATALOAD,presets[call_calldataload],253,5.673395726956524,0.001,0.12607528668489099,0.12259351491869541,7.126980039162414e-05,0.001,4.5352347387615434e-05,0.00010528010989335198,,,32,,,,,,,,,,,,,,,,,,,,,
test_calldataload,ethrex,CALLDATALOAD,presets[call_calldataload],1606,2.4499291153424627,0.001,0.2443657185307101,0.24389462483902102,1.9451743164062848e-05,0.001,1.7597122839125263e-05,2.1100520397097476e-05,,,32,,,,,,,,,,,,,,,,,,,,,
test_calldataload,geth,CALLDATALOAD,presets[call_calldataload],4224,2.7154102821875084,0.001,0.012124124925817492,0.011890142008935789,3.4809633311850775e-05,0.001,2.503631007400321e-05,4.361818916293357e-05,,,32,,,,,,,,,,,,,,,,,,,,,
test_calldataload,nethermind,CALLDATALOAD,presets[call_calldataload],1177,2.5648207841971113,0.001,0.0,-0.0008510638297871687,0.0,1.0,0.0,1.4629755319263369e-05,,,32,,,,,,,,,,,,,,,,,,,,,
test_calldataload,reth,CALLDATALOAD,presets[call_calldataload],99,1.2346942355555555,0.001,0.4317430560715122,0.4258847370619402,3.576289611417489e-05,0.001,2.732518326630955e-05,4.4393561012538684e-05,,,32,,,,,,,,,,,,,,,,,,,,,
test_calldatasize,besu,CALLDATASIZE,presets[call_calldatasize],3773,110.03655428193555,0.001,0.567216578714479,0.5671018124929765,3.982602714459024e-06,0.001,3.87128482281756e-06,4.093070031471316e-06,,,0,,,,,,,,,,,,,,,,,,,,,
test_calldatasize,erigon,CALLDATASIZE,presets[call_calldatasize],253,33.23810593409975,0.001,0.6643376110399333,0.6630003106855107,1.3821889098423139e-06,0.001,1.1687236347854067e-06,1.5046690410602725e-06,,,0,,,,,,,,,,,,,,,,,,,,,
test_calldatasize,ethrex,CALLDATASIZE,presets[call_calldatasize],1606,13.40938056749183,0.001,0.7762380026290353,0.7760985001369087,5.215075413472766e-07,0.001,5.076150932244731e-07,5.353721522987251e-07,,,0,,,,,,,,,,,,,,,,,,,,,
test_calldatasize,geth,CALLDATASIZE,presets[call_calldatasize],4224,41.68519458945734,0.001,0.8067744068874871,0.8067286405224676,1.6044019298897528e-06,0.001,1.5783527920080325e-06,1.6306956638802641e-06,,,0,,,,,,,,,,,,,,,,,,,,,
test_calldatasize,nethermind,CALLDATASIZE,presets[call_calldatasize],1177,17.56728997672509,0.001,0.8044627123714511,0.8042962976585757,7.701294050856699e-07,0.001,7.49412224045429e-07,7.889175895411051e-07,,,0,,,,,,,,,,,,,,,,,,,,,
test_calldatasize,reth,CALLDATASIZE,presets[call_calldatasize],99,16.08306784364249,0.001,0.8297443192991774,0.8279891060960761,5.108870192620501e-07,0.001,4.655316199303492e-07,5.548333372490535e-07,,,0,,,,,,,,,,,,,,,,,,,,,
test_calldatasize,besu,CALLDATASIZE,presets[call_calldatasize],3773,108.48839233306114,0.001,0.5680962523833448,0.5679817194351569,3.994445966494949e-06,0.001,3.886051302083238e-06,4.106723340388837e-06,,,1024,,,,,,,,,,,,,,,,,,,,,
test_calldatasize,erigon,CALLDATASIZE,presets[call_calldatasize],253,34.22396089672078,0.001,0.622373070141798,0.6208685803814067,1.3895782348553288e-06,0.001,1.2040281704587164e-06,1.5056306719347106e-06,,,1024,,,,,,,,,,,,,,,,,,,,,
test_calldatasize,ethrex,CALLDATASIZE,presets[call_calldatasize],1606,11.884896619390485,0.001,0.8012792514988168,0.801155360757856,5.447337711680049e-07,0.001,5.305871865304415e-07,5.579485668821582e-07,,,1024,,,,,,,,,,,,,,,,,,,,,
test_calldatasize,geth,CALLDATASIZE,presets[call_calldatasize],4224,41.40625925552409,0.001,0.8206841412088438,0.8206416694279838,1.6238938712854886e-06,0.001,1.5998706377482433e-06,1.647695826786906e-06,,,1024,,,,,,,,,,,,,,,,,,,,,
test_calldatasize,nethermind,CALLDATASIZE,presets[call_calldatasize],1177,16.05665816948719,0.001,0.8446615765511748,0.8445293736376014,7.901419120576889e-07,0.001,7.677813175822598e-07,8.149073386374305e-07,,,1024,,,,,,,,,,,,,,,,,,,,,
test_calldatasize,reth,CALLDATASIZE,presets[call_calldatasize],99,13.574624767127869,0.001,0.852827481206337,0.8513102387445466,5.159006557577745e-07,0.001,4.775533387991588e-07,5.543597998728966e-07,,,1024,,,,,,,,,,,,,,,,,,,,,
test_calldatasize,besu,CALLDATASIZE,presets[call_calldatasize],3773,108.59310751488758,0.001,0.5659736693660062,0.5658585735477528,3.993139274675091e-06,0.001,3.869192925260529e-06,4.098541719210747e-06,,,256,,,,,,,,,,,,,,,,,,,,,
test_calldatasize,erigon,CALLDATASIZE,presets[call_calldatasize],253,33.772519426046934,0.001,0.6448127822191587,0.6433976937021035,1.3861890389043303e-06,0.001,1.1578454275250601e-06,1.5233922013726435e-06,,,256,,,,,,,,,,,,,,,,,,,,,
test_calldatasize,ethrex,CALLDATASIZE,presets[call_calldatasize],1606,12.846027133672813,0.001,0.7930247391855757,0.7928957022399308,5.349883562819058e-07,0.001,5.228219247099813e-07,5.496756339143511e-07,,,256,,,,,,,,,,,,,,,,,,,,,
test_calldatasize,geth,CALLDATASIZE,presets[call_calldatasize],4224,40.937006732353424,0.001,0.8187420118498235,0.8186990800667467,1.6195870911729315e-06,0.001,1.595452441067922e-06,1.6457894953910136e-06,,,256,,,,,,,,,,,,,,,,,,,,,
test_calldatasize,nethermind,CALLDATASIZE,presets[call_calldatasize],1177,16.752661074815386,0.001,0.8681565496015975,0.868044342409769,7.810823227372049e-07,0.001,7.596418394801252e-07,7.997937860910066e-07,,,256,,,,,,,,,,,,,,,,,,,,,
test_calldatasize,reth,CALLDATASIZE,presets[call_calldatasize],99,13.827251169989497,0.001,0.849446130741735,0.8478940289968044,5.188842178089418e-07,0.001,4.770673937192755e-07,5.642060690691546e-07,,,256,,,,,,,,,,,,,,,,,,,,,
test_calldatasize,besu,CALLDATASIZE,presets[call_calldatasize],3773,108.6394509911502,0.001,0.5671186237383634,0.5670038315409989,3.9884270715810666e-06,0.001,3.8734076933491435e-06,4.10103558440519e-06,,,32,,,,,,,,,,,,,,,,,,,,,
test_calldatasize,erigon,CALLDATASIZE,presets[call_calldatasize],253,30.156316713103504,0.001,0.6240526595215287,0.6225548613522918,1.4157316757882794e-06,0.001,1.2057321113248993e-06,1.5302953513172566e-06,,,32,,,,,,,,,,,,,,,,,,,,,
test_calldatasize,ethrex,CALLDATASIZE,presets[call_calldatasize],1606,12.830984195940646,0.001,0.7921705540766797,0.7920409845966776,5.2867550414643e-07,0.001,5.147684909572073e-07,5.41344624393398e-07,,,32,,,,,,,,,,,,,,,,,,,,,
test_calldatasize,geth,CALLDATASIZE,presets[call_calldatasize],4224,41.51848441122033,0.001,0.8257059603781209,0.8256646780380873,1.6136339507513405e-06,0.001,1.5881924272209117e-06,1.6387526275029579e-06,,,32,,,,,,,,,,,,,,,,,,,,,
test_calldatasize,nethermind,CALLDATASIZE,presets[call_calldatasize],1177,17.604926287259378,0.001,0.8484689432963367,0.8483399806948868,7.72231606168063e-07,0.001,7.493206311682631e-07,7.939644176039192e-07,,,32,,,,,,,,,,,,,,,,,,,,,
test_calldatasize,reth,CALLDATASIZE,presets[call_calldatasize],99,13.386907687971894,0.001,0.8221973163961342,0.8203642990393933,5.329443004330761e-07,0.001,4.866695694193759e-07,5.787609721304737e-07,,,32,,,,,,,,,,,,,,,,,,,,,
test_callvalue_from_origin,besu,CALLVALUE,presets[call_callvalue],3773,74.9411809657189,0.001,0.3478141012521876,0.3476411535198227,4.9571051213099935e-06,0.001,4.7471240957973135e-06,5.1695168246336665e-06,,,,,,,,,,,,,,,,,,,,,,,,
test_callvalue_from_origin,erigon,CALLVALUE,presets[call_callvalue],253,28.194338175679665,0.001,0.4562729368430303,0.4541066935635205,1.9060636775854788e-06,0.001,1.6560471940055066e-06,2.086200556149658e-06,,,,,,,,,,,,,,,,,,,,,,,,
test_callvalue_from_origin,ethrex,CALLVALUE,presets[call_callvalue],1606,10.852318058517728,0.001,0.8135873471112786,0.8134711297466347,9.586541597784666e-07,0.001,9.346704394008601e-07,9.812434207316177e-07,,,,,,,,,,,,,,,,,,,,,,,,
test_callvalue_from_origin,geth,CALLVALUE,presets[call_callvalue],4224,38.036776343255674,0.001,0.7045444988495064,0.7044745188634451,2.8636385660723984e-06,0.001,2.79898409578684e-06,2.9276442504045696e-06,,,,,,,,,,,,,,,,,,,,,,,,
test_callvalue_from_origin,nethermind,CALLVALUE,presets[call_callvalue],1177,11.075405490552694,0.001,0.8513050424468078,0.8511784935467626,7.528506102803716e-07,0.001,7.30626824682292e-07,7.7191479349098e-07,,,,,,,,,,,,,,,,,,,,,,,,
test_callvalue_from_origin,reth,CALLVALUE,presets[call_callvalue],99,8.627712910391452,0.001,0.819891965167309,0.8180351813030544,7.958186023028856e-07,0.001,7.208474738291612e-07,8.796707321693562e-07,,,,,,,,,,,,,,,,,,,,,,,,
test_clz_same,besu,CLZ,presets[bitwise_clz],3773,56.296733267064894,0.001,0.5190635142692517,0.5189359787386947,3.936627102850435e-06,0.001,3.821908199469232e-06,4.054334784321414e-06,,,,,,,,,,,,,,,,,,,,,,,,
test_clz_same,erigon,CLZ,presets[bitwise_clz],253,12.183263582206509,0.001,0.9011199291308492,0.9007259846253943,1.1231056219778731e-06,0.001,1.0747680182706811e-06,1.1695277859744746e-06,,,,,,,,,,,,,,,,,,,,,,,,
test_clz_same,ethrex,CLZ,presets[bitwise_clz],1606,6.590231271186676,0.001,0.8112842732168224,0.8111666200205735,5.983036536907333e-07,0.001,5.835897028317553e-07,6.144452852604077e-07,,,,,,,,,,,,,,,,,,,,,,,,
test_clz_same,geth,CLZ,presets[bitwise_clz],4224,16.46525030724391,0.001,0.7239645765715768,0.7238991963196988,1.5074006611596493e-06,0.001,1.4773142837534621e-06,1.5368828446375863e-06,,,,,,,,,,,,,,,,,,,,,,,,
test_clz_same,nethermind,CLZ,presets[bitwise_clz],1177,28.764827651461804,0.001,0.8975387541765502,0.8974515531162749,3.4539257164836454e-06,0.001,3.403287707468193e-06,3.5127016761209665e-06,,,,,,,,,,,,,,,,,,,,,,,,
test_clz_same,reth,CLZ,presets[bitwise_clz],99,6.528227248660733,0.001,0.7868879391875057,0.7846909076327376,5.009281666477127e-07,0.001,4.458171170196918e-07,5.563662678502072e-07,,,,,,,,,,,,,,,,,,,,,,,,
test_comparison,besu,EQ,presets[comparison_eq],3773,119.25579842147883,0.001,0.621240484235007,0.6211400441618792,1.2621416024160628e-05,0.001,1.2276658460308158e-05,1.2947145234694925e-05,,,,,,,,,,,,,,,,,,,,,,,,
test_comparison,erigon,EQ,presets[comparison_eq],253,20.864280417348912,0.001,0.9295623617706374,0.929281733729883,2.907588318982851e-06,0.001,2.8027274247252277e-06,2.9983230081741167e-06,,,,,,,,,,,,,,,,,,,,,,,,
test_comparison,ethrex,EQ,presets[comparison_eq],1606,16.538702355259986,0.001,0.8073933133739047,0.8072732343922177,1.4493700572106056e-06,0.001,1.411866557557558e-06,1.4879651308837674e-06,,,,,,,,,,,,,,,,,,,,,,,,
test_comparison,geth,EQ,presets[comparison_eq],4224,36.01256367484348,0.001,0.7101891216278838,0.7101204785965309,3.6853855907132262e-06,0.001,3.607751863672659e-06,3.762642233768113e-06,,,,,,,,,,,,,,,,,,,,,,,,
test_comparison,nethermind,EQ,presets[comparison_eq],1177,13.494480814176265,0.001,0.6741444520392443,0.6738671281686395,1.3860567391935689e-06,0.001,1.3392503290888556e-06,1.4348814625911427e-06,,,,,,,,,,,,,,,,,,,,,,,,
test_comparison,reth,EQ,presets[comparison_eq],99,12.021395347611977,0.001,0.8303983993261072,0.828649929216067,1.5506948545280374e-06,0.001,1.399800144628319e-06,1.7007449450554842e-06,,,,,,,,,,,,,,,,,,,,,,,,
test_comparison,besu,GT,presets[comparison_gt],3773,140.073613179386,0.001,0.18195073646313942,0.1817338048101198,2.1506010243283795e-05,0.001,1.9999961035337057e-05,2.296300621329232e-05,,,,,,,,,,,,,,,,,,,,,,,,
test_comparison,erigon,GT,presets[comparison_gt],253,23.353039747158938,0.001,0.6426780417013418,0.6412544482419846,2.9315529160955067e-06,0.001,2.7867455940491723e-06,3.046776918010285e-06,,,,,,,,,,,,,,,,,,,,,,,,
test_comparison,ethrex,GT,presets[comparison_gt],1606,10.37761048936947,0.001,0.8226782876238534,0.8225677379278583,1.0682518556807788e-06,0.001,1.0447194280985443e-06,1.093366649934298e-06,,,,,,,,,,,,,,,,,,,,,,,,
test_comparison,geth,GT,presets[comparison_gt],4224,36.59656084643951,0.001,0.7147560264518671,0.7146884651127983,3.5715941594877338e-06,0.001,3.5050825522524128e-06,3.6417841731988495e-06,,,,,,,,,,,,,,,,,,,,,,,,
test_comparison,nethermind,GT,presets[comparison_gt],1177,13.55241472977263,0.001,0.7325817169821953,0.7323541269540951,1.4564808126554953e-06,0.001,1.4167452509523523e-06,1.4965677620263702e-06,,,,,,,,,,,,,,,,,,,,,,,,
test_comparison,reth,GT,presets[comparison_gt],99,11.169966590787354,0.001,0.8038911389759285,0.8018693981406287,9.648715301985165e-07,0.001,8.853643542522748e-07,1.047970617994801e-06,,,,,,,,,,,,,,,,,,,,,,,,
test_comparison,besu,LT,presets[comparison_lt],3773,170.03912454358777,0.001,0.17712633872518024,0.1769081277304111,2.1607146332035873e-05,0.001,2.010153274372098e-05,2.3042374985294132e-05,,,,,,,,,,,,,,,,,,,,,,,,
test_comparison,erigon,LT,presets[comparison_lt],253,22.43311843578346,0.001,0.47099924787192327,0.46889167515428154,2.994361226603011e-06,0.001,2.839953759339271e-06,3.1382735144920113e-06,,,,,,,,,,,,,,,,,,,,,,,,
test_comparison,ethrex,LT,presets[comparison_lt],1606,9.923970430825268,0.001,0.8147722688120909,0.8146567901766869,1.0545462662873046e-06,0.001,1.0296444646701579e-06,1.0808336260452327e-06,,,,,,,,,,,,,,,,,,,,,,,,
test_comparison,geth,LT,presets[comparison_lt],4224,42.491099904164045,0.001,0.7695119347873536,0.7694573426354794,4.464639007166601e-06,0.001,4.393358857697133e-06,4.542696240630466e-06,,,,,,,,,,,,,,,,,,,,,,,,
test_comparison,nethermind,LT,presets[comparison_lt],1177,18.724381166200978,0.001,0.7501524929547512,0.7499398567785425,1.3408593039821565e-06,0.001,1.2939038876350283e-06,1.3911954450076544e-06,,,,,,,,,,,,,,,,,,,,,,,,
test_comparison,reth,LT,presets[comparison_lt],99,9.93221997456962,0.001,0.7872560352556384,0.7850627985056965,9.223667095701666e-07,0.001,8.410284540201543e-07,1.002249094923385e-06,,,,,,,,,,,,,,,,,,,,,,,,
test_comparison,besu,SGT,presets[comparison_sgt],3773,124.16567767883427,0.001,0.5116661004922687,0.5115366033033247,8.25813089297124e-06,0.001,8.018008467938942e-06,8.493586447647835e-06,,,,,,,,,,,,,,,,,,,,,,,,
test_comparison,erigon,SGT,presets[comparison_sgt],253,20.041541405260503,0.001,0.4298551736539541,0.4275836803218981,3.091824508480216e-06,0.001,2.9374881187167344e-06,3.299736896582022e-06,,,,,,,,,,,,,,,,,,,,,,,,
test_comparison,ethrex,SGT,presets[comparison_sgt],1606,9.89309875980901,0.001,0.7946574413374304,0.7945294222858952,1.0991885512923137e-06,0.001,1.0726976026127742e-06,1.1264595154536358e-06,,,,,,,,,,,,,,,,,,,,,,,,
test_comparison,geth,SGT,presets[comparison_sgt],4224,39.306872519209605,0.001,0.715121138188169,0.715053663327484,3.7489979480133143e-06,0.001,3.6708729415117903e-06,3.83268258360237e-06,,,,,,,,,,,,,,,,,,,,,,,,
test_comparison,nethermind,SGT,presets[comparison_sgt],1177,19.206068791723656,0.001,0.7754719977710929,0.7752809101096214,1.3820168606198306e-06,0.001,1.3389290874608392e-06,1.422826825071754e-06,,,,,,,,,,,,,,,,,,,,,,,,
test_comparison,reth,SGT,presets[comparison_sgt],99,10.303274667377703,0.001,0.8042422420641395,0.8022241208483059,9.65726170184661e-07,0.001,8.708748936847064e-07,1.056580272533374e-06,,,,,,,,,,,,,,,,,,,,,,,,
test_comparison,besu,SLT,presets[comparison_slt],3773,106.37084421532848,0.001,0.5674781154258284,0.5673634185590625,9.35004076090277e-06,0.001,9.105816151374084e-06,9.61682760517986e-06,,,,,,,,,,,,,,,,,,,,,,,,
test_comparison,erigon,SLT,presets[comparison_slt],253,19.776798123375702,0.001,0.6549729081545219,0.6535982982268507,2.9553078945719043e-06,0.001,2.769258685021138e-06,3.237849793567189e-06,,,,,,,,,,,,,,,,,,,,,,,,
test_comparison,ethrex,SLT,presets[comparison_slt],1606,9.675056181980457,0.001,0.8022926656899673,0.802169406753365,1.0801665462165317e-06,0.001,1.0494273272476409e-06,1.111868917337782e-06,,,,,,,,,,,,,,,,,,,,,,,,
test_comparison,geth,SLT,presets[comparison_slt],4224,38.779635581202896,0.001,0.7349613556326264,0.7348985800181387,3.7546669043689354e-06,0.001,3.6828457071834017e-06,3.832007756467328e-06,,,,,,,,,,,,,,,,,,,,,,,,
test_comparison,nethermind,SLT,presets[comparison_slt],1177,19.363248568692917,0.001,0.684092972719285,0.6838241156747908,1.4175592364101712e-06,0.001,1.359702964710173e-06,1.467081202114176e-06,,,,,,,,,,,,,,,,,,,,,,,,
test_comparison,reth,SLT,presets[comparison_slt],99,9.276283200321355,0.001,0.837126143677413,0.8354470317565617,1.037496008310697e-06,0.001,9.639004884463297e-07,1.119498864903267e-06,,,,,,,,,,,,,,,,,,,,,,,,
test_dup,besu,DUP1,presets[stack_dup],3773,53.921152243571754,0.001,0.43634597015229726,0.4361964994469545,2.868826307827881e-06,0.001,2.7605831586846626e-06,2.97210369151746e-06,,DUP1,,,,,,,,,,,,,,,,,,,,,,
test_dup,erigon,DUP1,presets[stack_dup],253,23.800335597849926,0.001,0.9537512963170535,0.953567038533456,1.7120494464215722e-06,0.001,1.6616869558606354e-06,1.760144461695306e-06,,DUP1,,,,,,,,,,,,,,,,,,,,,,
test_dup,ethrex,DUP1,presets[stack_dup],1606,12.500602607186801,0.001,0.8257775805134058,0.8256689630448979,6.083193926349865e-07,0.001,5.929330992754915e-07,6.237340285178709e-07,,DUP1,,,,,,,,,,,,,,,,,,,,,,
test_dup,geth,DUP1,presets[stack_dup],4224,29.24877757793595,0.001,0.8243888284490254,0.8243472341402733,1.8321503411715974e-06,0.001,1.8039750380191778e-06,1.8630685869302152e-06,,DUP1,,,,,,,,,,,,,,,,,,,,,,
test_dup,nethermind,DUP1,presets[stack_dup],1177,13.8026088400837,0.001,0.6780214229330186,0.6777473986121105,7.698705694447067e-07,0.001,7.366993443061196e-07,7.973641734370344e-07,,DUP1,,,,,,,,,,,,,,,,,,,,,,
test_dup,reth,DUP1,presets[stack_dup],99,13.344542289489441,0.001,0.8197924162459013,0.8179346061041064,4.922122260884127e-07,0.001,4.5030123588055066e-07,5.364903924582988e-07,,DUP1,,,,,,,,,,,,,,,,,,,,,,
test_dup,besu,DUP10,presets[stack_dup],3773,52.54063124263061,0.001,0.4768953142219893,0.47675659645859025,2.9735847344337356e-06,0.001,2.877521320465491e-06,3.066308870803648e-06,,DUP10,,,,,,,,,,,,,,,,,,,,,,
test_dup,erigon,DUP10,presets[stack_dup],253,42.02157940655696,0.001,0.24608817817753825,0.24308454542127345,1.5427595040554253e-06,0.001,1.175689529849904e-06,1.8277715549370648e-06,,DUP10,,,,,,,,,,,,,,,,,,,,,,
test_dup,ethrex,DUP10,presets[stack_dup],1606,11.538126839474751,0.001,0.8219040684622568,0.8217930360859864,6.161884761378554e-07,0.001,6.036907076696873e-07,6.301928338338975e-07,,DUP10,,,,,,,,,,,,,,,,,,,,,,
test_dup,geth,DUP10,presets[stack_dup],4224,34.49783354145997,0.001,0.7860973909041371,0.7860467270933612,1.8063568063041683e-06,0.001,1.774560249925088e-06,1.835178972533588e-06,,DUP10,,,,,,,,,,,,,,,,,,,,,,
test_dup,nethermind,DUP10,presets[stack_dup],1177,13.688951807730385,0.001,0.7923881080137074,0.7922114170418042,8.000132866677017e-07,0.001,7.746893859732446e-07,8.240369047714061e-07,,DUP10,,,,,,,,,,,,,,,,,,,,,,
test_dup,reth,DUP10,presets[stack_dup],99,9.249571548388847,0.001,0.8413599771412232,0.83972451298804,4.90658429415981e-07,0.001,4.513573625439054e-07,5.315039744200058e-07,,DUP10,,,,,,,,,,,,,,,,,,,,,,
test_dup,besu,DUP11,presets[stack_dup],3773,54.135179363656896,0.001,0.4713900324270548,0.47124985476394876,2.9364299315715535e-06,0.001,2.8445042566000396e-06,3.0403819276978767e-06,,DUP11,,,,,,,,,,,,,,,,,,,,,,
test_dup,erigon,DUP11,presets[stack_dup],253,25.57250151471331,0.001,0.934875577147376,0.9346161172953735,1.7130745102898765e-06,0.001,1.6530146884185054e-06,1.7782776512770786e-06,,DUP11,,,,,,,,,,,,,,,,,,,,,,
test_dup,ethrex,DUP11,presets[stack_dup],1606,11.256838817503446,0.001,0.8165511116084476,0.8164367419772809,5.876484378681182e-07,0.001,5.731812391269791e-07,6.022010141931085e-07,,DUP11,,,,,,,,,,,,,,,,,,,,,,
test_dup,geth,DUP11,presets[stack_dup],4224,32.568295091672745,0.001,0.7938500068647559,0.7938011792965098,1.8174761260538884e-06,0.001,1.7882535142709466e-06,1.8469227297856754e-06,,DUP11,,,,,,,,,,,,,,,,,,,,,,
test_dup,nethermind,DUP11,presets[stack_dup],1177,11.137465204557746,0.001,0.5150292213977767,0.5146164803096047,8.442925544377106e-07,0.001,8.016831395064931e-07,9.069463390400429e-07,,DUP11,,,,,,,,,,,,,,,,,,,,,,
test_dup,reth,DUP11,presets[stack_dup],99,8.825904504321969,0.001,0.7793059807420772,0.7770307846672533,5.180609788136183e-07,0.001,4.618274660492256e-07,5.772611582394874e-07,,DUP11,,,,,,,,,,,,,,,,,,,,,,
test_dup,besu,DUP12,presets[stack_dup],3773,54.470975077184306,0.001,0.4700687337024805,0.4699282056551992,2.9384260850016396e-06,0.001,2.83566345857268e-06,3.043885530029881e-06,,DUP12,,,,,,,,,,,,,,,,,,,,,,
test_dup,erigon,DUP12,presets[stack_dup],253,19.333846492561186,0.005,0.615794825451917,0.6142641275453509,1.824578931349705e-06,0.001,1.6725750355099099e-06,2.087672218774968e-06,,DUP12,,,,,,,,,,,,,,,,,,,,,,
test_dup,ethrex,DUP12,presets[stack_dup],1606,10.975523468392323,0.001,0.8332438219117049,0.833139859207161,6.096719926692237e-07,0.001,5.95347493751089e-07,6.2385684802499e-07,,DUP12,,,,,,,,,,,,,,,,,,,,,,
test_dup,geth,DUP12,presets[stack_dup],4224,31.40333508054974,0.001,0.818636859518306,0.8185939028294188,1.8767875158014968e-06,0.001,1.8481720802881984e-06,1.9065417009779473e-06,,DUP12,,,,,,,,,,,,,,,,,,,,,,
test_dup,nethermind,DUP12,presets[stack_dup],1177,12.02602272629923,0.001,0.6965380441228064,0.6962797786284429,8.332725951005006e-07,0.001,8.067889514802928e-07,8.638477503028934e-07,,DUP12,,,,,,,,,,,,,,,,,,,,,,
test_dup,reth,DUP12,presets[stack_dup],99,8.918710706291913,0.001,0.8448070741771249,0.8432071471067859,5.233785815702765e-07,0.001,4.7662194343538504e-07,5.663062336568225e-07,,DUP12,,,,,,,,,,,,,,,,,,,,,,
test_dup,besu,DUP13,presets[stack_dup],3773,52.25996019043125,0.001,0.47812174185225975,0.47798334931496256,2.987358496894779e-06,0.001,2.8846889320859427e-06,3.0890876933140344e-06,,DUP13,,,,,,,,,,,,,,,,,,,,,,
test_dup,erigon,DUP13,presets[stack_dup],253,27.408951681357117,0.001,0.5435820028684888,0.5417636044735425,1.7148593205695402e-06,0.001,1.6280871690845558e-06,1.7882904287215227e-06,,DUP13,,,,,,,,,,,,,,,,,,,,,,
test_dup,ethrex,DUP13,presets[stack_dup],1606,10.699592955811951,0.001,0.8299464265959235,0.8298404081586392,6.185210798551886e-07,0.001,6.040398630238515e-07,6.328474627004897e-07,,DUP13,,,,,,,,,,,,,,,,,,,,,,
test_dup,geth,DUP13,presets[stack_dup],4224,31.000280030095198,0.001,0.8293036712935322,0.8292632410877752,1.851085566473073e-06,0.001,1.823444976418676e-06,1.8814727241359205e-06,,DUP13,,,,,,,,,,,,,,,,,,,,,,
test_dup,nethermind,DUP13,presets[stack_dup],1177,12.545190834885075,0.001,0.8511827721389313,0.8510561191790496,8.189001987461396e-07,0.001,7.971529825342728e-07,8.399430888952476e-07,,DUP13,,,,,,,,,,,,,,,,,,,,,,
test_dup,reth,DUP13,presets[stack_dup],99,10.117197973490986,0.001,0.8050300055314764,0.803020005588502,4.874438717529357e-07,0.001,4.4177252760270653e-07,5.355851714931465e-07,,DUP13,,,,,,,,,,,,,,,,,,,,,,
test_dup,besu,DUP14,presets[stack_dup],3773,54.685099611991554,0.001,0.4693145805776844,0.4691738525428336,2.93894732760307e-06,0.001,2.8344051693507283e-06,3.034797147178704e-06,,DUP14,,,,,,,,,,,,,,,,,,,,,,
test_dup,erigon,DUP14,presets[stack_dup],253,25.3562321197579,0.001,0.3644091778621541,0.3618769435110073,1.8008926971416303e-06,0.001,1.709891834260674e-06,1.9184503324372915e-06,,DUP14,,,,,,,,,,,,,,,,,,,,,,
test_dup,ethrex,DUP14,presets[stack_dup],1606,12.213043574008175,0.001,0.8133608726910719,0.8132445141328993,6.013195500184365e-07,0.001,5.861946411191956e-07,6.16963071720755e-07,,DUP14,,,,,,,,,,,,,,,,,,,,,,
test_dup,geth,DUP14,presets[stack_dup],4224,30.35564603745184,0.001,0.8272011447562855,0.8271602165575068,1.8956031925121412e-06,0.001,1.8693568982891169e-06,1.924052938455676e-06,,DUP14,,,,,,,,,,,,,,,,,,,,,,
test_dup,nethermind,DUP14,presets[stack_dup],1177,13.611042361023555,0.001,0.5437926481728851,0.5434043865968621,8.108462376498545e-07,0.001,7.555699543161732e-07,8.688656363692522e-07,,DUP14,,,,,,,,,,,,,,,,,,,,,,
test_dup,reth,DUP14,presets[stack_dup],99,9.96243817343464,0.001,0.8302429283279482,0.8284928554241127,4.727622196200633e-07,0.001,4.280468529208887e-07,5.15569920594888e-07,,DUP14,,,,,,,,,,,,,,,,,,,,,,
test_dup,besu,DUP15,presets[stack_dup],3773,54.362912691421705,0.001,0.4715270710394126,0.4713869297164318,2.9455867727505535e-06,0.001,2.8531142673825053e-06,3.0419723587105685e-06,,DUP15,,,,,,,,,,,,,,,,,,,,,,
test_dup,erigon,DUP15,presets[stack_dup],253,23.63714481105492,0.001,0.9534745174996326,0.9532891570115833,1.7408475405723205e-06,0.001,1.691085398656222e-06,1.788086673498487e-06,,DUP15,,,,,,,,,,,,,,,,,,,,,,
test_dup,ethrex,DUP15,presets[stack_dup],1606,10.89882657025468,0.001,0.8269617176475982,0.8268538384191989,6.190628056477472e-07,0.001,6.029015160402277e-07,6.345344321201814e-07,,DUP15,,,,,,,,,,,,,,,,,,,,,,
test_dup,geth,DUP15,presets[stack_dup],4224,29.676725397768188,0.001,0.8234251993657247,0.8233833768170192,1.8759417411960598e-06,0.001,1.8463092197233027e-06,1.9017762922493063e-06,,DUP15,,,,,,,,,,,,,,,,,,,,,,
test_dup,nethermind,DUP15,presets[stack_dup],1177,12.644975752099722,0.001,0.858468397210226,0.8583479447823199,8.205766053390271e-07,0.001,7.98337267472655e-07,8.422163565368277e-07,,DUP15,,,,,,,,,,,,,,,,,,,,,,
test_dup,reth,DUP15,presets[stack_dup],99,8.605257490399088,0.001,0.7835945528241159,0.7813635688326119,5.12144132145499e-07,0.001,4.4952039609093727e-07,5.801837983782623e-07,,DUP15,,,,,,,,,,,,,,,,,,,,,,
test_dup,besu,DUP16,presets[stack_dup],3773,54.4768993723199,0.001,0.46987794126293236,0.4697373626209973,2.9527819579063464e-06,0.001,2.8536742418706643e-06,3.052973696129034e-06,,DUP16,,,,,,,,,,,,,,,,,,,,,,
test_dup,erigon,DUP16,presets[stack_dup],253,27.09108942591238,0.001,0.5188858794349753,0.516969090110015,1.746080839444939e-06,0.001,1.6723576149227639e-06,1.8111707759686136e-06,,DUP16,,,,,,,,,,,,,,,,,,,,,,
test_dup,ethrex,DUP16,presets[stack_dup],1606,12.672194192902847,0.001,0.8142931254429426,0.8141773480897275,5.640875705183903e-07,0.001,5.501039098623952e-07,5.787929949440946e-07,,DUP16,,,,,,,,,,,,,,,,,,,,,,
test_dup,geth,DUP16,presets[stack_dup],4224,29.865334771148568,0.001,0.8210238633107682,0.8209814719946409,1.918478276829524e-06,0.001,1.8879439359931012e-06,1.9496621018214494e-06,,DUP16,,,,,,,,,,,,,,,,,,,,,,
test_dup,nethermind,DUP16,presets[stack_dup],1177,12.87278866652533,0.001,0.8529068811700851,0.8527816955370383,8.148400857582284e-07,0.001,7.937641617392468e-07,8.367761341798368e-07,,DUP16,,,,,,,,,,,,,,,,,,,,,,
test_dup,reth,DUP16,presets[stack_dup],99,8.639620767419206,0.001,0.7983454241230585,0.796266510969688,5.147421423108941e-07,0.001,4.591837183651894e-07,5.702488110254018e-07,,DUP16,,,,,,,,,,,,,,,,,,,,,,
test_dup,besu,DUP2,presets[stack_dup],3773,36.32729605710781,0.001,0.535150000680598,0.535026730991041,3.8049565865466046e-06,0.001,3.684906486092744e-06,3.915731249237867e-06,,DUP2,,,,,,,,,,,,,,,,,,,,,,
test_dup,erigon,DUP2,presets[stack_dup],253,20.60341353040418,0.001,0.6012490520464815,0.5996604028514476,1.7929072571633532e-06,0.001,1.6667770094835823e-06,1.9881375127445083e-06,,DUP2,,,,,,,,,,,,,,,,,,,,,,
test_dup,ethrex,DUP2,presets[stack_dup],1606,11.602615987717083,0.001,0.8170805839299149,0.8169665443937116,6.093285313212189e-07,0.001,5.949005135741266e-07,6.24298269887666e-07,,DUP2,,,,,,,,,,,,,,,,,,,,,,
test_dup,geth,DUP2,presets[stack_dup],4224,29.92583554612505,0.001,0.8187310521955307,0.8186881178166097,1.8836711166123696e-06,0.001,1.8549817475991172e-06,1.914238034297871e-06,,DUP2,,,,,,,,,,,,,,,,,,,,,,
test_dup,nethermind,DUP2,presets[stack_dup],1177,12.102277680519192,0.001,0.8547323508963889,0.8546087188545985,8.087580385567245e-07,0.001,7.879573820813336e-07,8.286479548211391e-07,,DUP2,,,,,,,,,,,,,,,,,,,,,,
test_dup,reth,DUP2,presets[stack_dup],99,9.583871290888348,0.001,0.7479225694330901,0.7453238330354931,4.958911018887938e-07,0.001,4.371090875220466e-07,5.635619428949765e-07,,DUP2,,,,,,,,,,,,,,,,,,,,,,
test_dup,besu,DUP3,presets[stack_dup],3773,86.11466517066609,0.001,0.47274322934562685,0.4726034105255117,2.815321404823864e-06,0.001,2.739905445028081e-06,2.895950605631892e-06,,DUP3,,,,,,,,,,,,,,,,,,,,,,
test_dup,erigon,DUP3,presets[stack_dup],253,28.706834494120713,0.001,0.37227204081207044,0.36977113260813443,1.6947386277153285e-06,0.001,1.4896356954462291e-06,1.8730446919794974e-06,,DUP3,,,,,,,,,,,,,,,,,,,,,,
test_dup,ethrex,DUP3,presets[stack_dup],1606,10.73787089949112,0.001,0.8204037563584485,0.8202917886255049,6.039486352294004e-07,0.001,5.898418633413828e-07,6.189209701688275e-07,,DUP3,,,,,,,,,,,,,,,,,,,,,,
test_dup,geth,DUP3,presets[stack_dup],4224,28.837634156366143,0.001,0.8326953381376728,0.8326557112637121,1.8595665592785382e-06,0.001,1.8322652017219392e-06,1.8874370372124805e-06,,DUP3,,,,,,,,,,,,,,,,,,,,,,
test_dup,nethermind,DUP3,presets[stack_dup],1177,12.48934179861296,0.001,0.8477324809563822,0.8476028915784728,8.069646582316803e-07,0.001,7.842380966443688e-07,8.286749678250169e-07,,DUP3,,,,,,,,,,,,,,,,,,,,,,
test_dup,reth,DUP3,presets[stack_dup],99,9.506872604132441,0.001,0.8183582550804743,0.8164856597720256,4.897907886141603e-07,0.001,4.509458561695193e-07,5.302756400523356e-07,,DUP3,,,,,,,,,,,,,,,,,,,,,,
test_dup,besu,DUP4,presets[stack_dup],3773,65.57782754891112,0.001,0.4626139197974417,0.46247141487031296,2.79684964981348e-06,0.001,2.702384556830223e-06,2.891078594092841e-06,,DUP4,,,,,,,,,,,,,,,,,,,,,,
test_dup,erigon,DUP4,presets[stack_dup],253,24.077399254124657,0.001,0.9357420311270358,0.9354860232829204,1.7177124193214136e-06,0.001,1.6555475528591536e-06,1.7817174233264785e-06,,DUP4,,,,,,,,,,,,,,,,,,,,,,
test_dup,ethrex,DUP4,presets[stack_dup],1606,10.954011486615348,0.001,0.8261323221954564,0.8260239258875982,6.105164739330023e-07,0.001,5.950407983443195e-07,6.252969215150696e-07,,DUP4,,,,,,,,,,,,,,,,,,,,,,
test_dup,geth,DUP4,presets[stack_dup],4224,30.09231724963266,0.001,0.823667288812137,0.8236255236034237,1.8874599100794737e-06,0.001,1.8579592024155673e-06,1.918214397310808e-06,,DUP4,,,,,,,,,,,,,,,,,,,,,,
test_dup,nethermind,DUP4,presets[stack_dup],1177,11.721112710860133,0.001,0.6837398536374115,0.683470696066039,8.299766080482997e-07,0.001,7.924737720913521e-07,8.810590646954803e-07,,DUP4,,,,,,,,,,,,,,,,,,,,,,
test_dup,reth,DUP4,presets[stack_dup],99,9.181360499112067,0.001,0.8151052617631481,0.8131991304411188,4.907563655185282e-07,0.001,4.48876777452902e-07,5.366800765581107e-07,,DUP4,,,,,,,,,,,,,,,,,,,,,,
test_dup,besu,DUP5,presets[stack_dup],3773,56.166285157394164,0.001,0.4698880075208195,0.46974743154827137,2.9072663036790718e-06,0.001,2.8116370004661644e-06,3.0029363143548643e-06,,DUP5,,,,,,,,,,,,,,,,,,,,,,
test_dup,erigon,DUP5,presets[stack_dup],253,27.88112488955761,0.001,0.49317041743370804,0.49115117606890213,1.6937144903274805e-06,0.001,1.594539311145694e-06,1.8071311487272656e-06,,DUP5,,,,,,,,,,,,,,,,,,,,,,
test_dup,ethrex,DUP5,presets[stack_dup],1606,11.589534399177547,0.001,0.8327840805334183,0.8326798312070676,5.907474055948523e-07,0.001,5.767284429394589e-07,6.05922066415001e-07,,DUP5,,,,,,,,,,,,,,,,,,,,,,
test_dup,geth,DUP5,presets[stack_dup],4224,29.752480499725852,0.001,0.8337291420651542,0.8336897600523795,1.8625590054571935e-06,0.001,1.8341160392904912e-06,1.8913794576979947e-06,,DUP5,,,,,,,,,,,,,,,,,,,,,,
test_dup,nethermind,DUP5,presets[stack_dup],1177,12.357878134785476,0.001,0.8647530769059919,0.8646379731416566,8.169937287484648e-07,0.001,7.957584811168405e-07,8.390416779214657e-07,,DUP5,,,,,,,,,,,,,,,,,,,,,,
test_dup,reth,DUP5,presets[stack_dup],99,9.239646992507314,0.001,0.8106122363136993,0.8086597851416756,5.02298667607559e-07,0.001,4.5498357366556e-07,5.482936945581906e-07,,DUP5,,,,,,,,,,,,,,,,,,,,,,
test_dup,besu,DUP6,presets[stack_dup],3773,53.64264103776482,0.001,0.47138564491689916,0.47124546609030593,2.9371890302782823e-06,0.001,2.8415508953545323e-06,3.0349243937804644e-06,,DUP6,,,,,,,,,,,,,,,,,,,,,,
test_dup,erigon,DUP6,presets[stack_dup],253,23.234293939373487,0.001,0.9410517890903851,0.9408169356604663,1.7281417122361563e-06,0.001,1.6703754794057182e-06,1.787328702019803e-06,,DUP6,,,,,,,,,,,,,,,,,,,,,,
test_dup,ethrex,DUP6,presets[stack_dup],1606,11.21646019869335,0.001,0.8195995818502068,0.8194871127615847,5.889435647282789e-07,0.001,5.742277744328588e-07,6.026058647992109e-07,,DUP6,,,,,,,,,,,,,,,,,,,,,,
test_dup,geth,DUP6,presets[stack_dup],4224,30.600257168322642,0.001,0.8324103132165629,0.8323706188331466,1.8897040613700658e-06,0.001,1.8599778935943655e-06,1.916325736897779e-06,,DUP6,,,,,,,,,,,,,,,,,,,,,,
test_dup,nethermind,DUP6,presets[stack_dup],1177,11.338771557064623,0.001,0.7591511974998209,0.7589462197955654,8.333144590623241e-07,0.001,8.051583091124995e-07,8.678721343335976e-07,,DUP6,,,,,,,,,,,,,,,,,,,,,,
test_dup,reth,DUP6,presets[stack_dup],99,10.493568642910565,0.001,0.7910094795345568,0.7888549380864595,4.598237545770522e-07,0.001,4.1274136486548794e-07,5.108110661683118e-07,,DUP6,,,,,,,,,,,,,,,,,,,,,,
test_dup,besu,DUP7,presets[stack_dup],3773,55.07411853227439,0.001,0.469108576487429,0.4689677938240737,2.9190926804031418e-06,0.001,2.815878269732461e-06,3.016623900109295e-06,,DUP7,,,,,,,,,,,,,,,,,,,,,,
test_dup,erigon,DUP7,presets[stack_dup],253,17.83983650861388,0.006,0.5899839860307483,0.5883504560946158,1.8532256181440992e-06,0.001,1.6889188324104304e-06,2.1209988539596253e-06,,DUP7,,,,,,,,,,,,,,,,,,,,,,
test_dup,ethrex,DUP7,presets[stack_dup],1606,11.223690446734663,0.001,0.8265348497670549,0.8264267044115481,6.157092216267311e-07,0.001,6.014175463657847e-07,6.29992035019101e-07,,DUP7,,,,,,,,,,,,,,,,,,,,,,
test_dup,geth,DUP7,presets[stack_dup],4224,29.90866895767806,0.001,0.820492324449964,0.8204498072364278,1.8549931617511565e-06,0.001,1.8244233009810146e-06,1.8817559527651497e-06,,DUP7,,,,,,,,,,,,,,,,,,,,,,
test_dup,nethermind,DUP7,presets[stack_dup],1177,13.557268695766469,0.001,0.8559800122725907,0.8558574420702695,7.964773047227087e-07,0.001,7.762302540906131e-07,8.16485089410828e-07,,DUP7,,,,,,,,,,,,,,,,,,,,,,
test_dup,reth,DUP7,presets[stack_dup],99,7.276224199972574,0.001,0.8406520769767744,0.8390093148837514,5.238024456095233e-07,0.001,4.7666384687924266e-07,5.670816620381537e-07,,DUP7,,,,,,,,,,,,,,,,,,,,,,
test_dup,besu,DUP8,presets[stack_dup],3773,55.90271368097239,0.001,0.4670831476363869,0.4669418278664682,2.9121726639210356e-06,0.001,2.815784929335971e-06,3.0081471253840894e-06,,DUP8,,,,,,,,,,,,,,,,,,,,,,
test_dup,erigon,DUP8,presets[stack_dup],253,37.266428993267894,0.001,0.33643978881335157,0.33379612263332514,1.5880083871527144e-06,0.001,1.3079242734027304e-06,1.7618514212217243e-06,,DUP8,,,,,,,,,,,,,,,,,,,,,,
test_dup,ethrex,DUP8,presets[stack_dup],1606,11.506690797370414,0.001,0.8214872067002463,0.8213759144350969,6.051339815739025e-07,0.001,5.902891303059081e-07,6.206511502351213e-07,,DUP8,,,,,,,,,,,,,,,,,,,,,,
test_dup,geth,DUP8,presets[stack_dup],4224,31.566447278471724,0.001,0.8218145630278328,0.8217723589925481,1.8653052030458068e-06,0.001,1.8376070457059338e-06,1.8955881882148137e-06,,DUP8,,,,,,,,,,,,,,,,,,,,,,
test_dup,nethermind,DUP8,presets[stack_dup],1177,12.11773710238388,0.001,0.8504955255636812,0.8503682877130971,8.223694622590668e-07,0.001,8.00234478378597e-07,8.450069515518497e-07,,DUP8,,,,,,,,,,,,,,,,,,,,,,
test_dup,reth,DUP8,presets[stack_dup],99,10.898770261298232,0.001,0.7952875793123793,0.7931771419857028,4.7073937177172694e-07,0.001,4.248353173160698e-07,5.17905171476774e-07,,DUP8,,,,,,,,,,,,,,,,,,,,,,
test_dup,besu,DUP9,presets[stack_dup],3773,55.587623734225765,0.001,0.467624776662689,0.46748360052284876,2.911070352628368e-06,0.001,2.8100245259426622e-06,3.0113290048471063e-06,,DUP9,,,,,,,,,,,,,,,,,,,,,,
test_dup,erigon,DUP9,presets[stack_dup],253,33.90793002805308,0.001,0.47726617139322425,0.47518356649837656,1.6167376543769713e-06,0.001,1.380992037980769e-06,1.7607668979608007e-06,,DUP9,,,,,,,,,,,,,,,,,,,,,,
test_dup,ethrex,DUP9,presets[stack_dup],1606,10.729914733682426,0.001,0.826282201697791,0.826173898831019,6.149952326515022e-07,0.001,6.008027197802502e-07,6.308323135101788e-07,,DUP9,,,,,,,,,,,,,,,,,,,,,,
test_dup,geth,DUP9,presets[stack_dup],4224,31.0995374782353,0.001,0.8175566019514398,0.8175133893986097,1.842766620927581e-06,0.001,1.8135811606050445e-06,1.8725793713732843e-06,,DUP9,,,,,,,,,,,,,,,,,,,,,,
test_dup,nethermind,DUP9,presets[stack_dup],1177,12.684812708481939,0.001,0.8335744255676591,0.8334327867809083,8.227642245674549e-07,0.001,8.007744956872901e-07,8.435637858619511e-07,,DUP9,,,,,,,,,,,,,,,,,,,,,,
test_dup,reth,DUP9,presets[stack_dup],99,8.313661537464865,0.001,0.753380962345382,0.7508384980396643,5.320194445440284e-07,0.001,4.713613048090445e-07,5.926770807869626e-07,,DUP9,,,,,,,,,,,,,,,,,,,,,,
test_ec_pairing,besu,ECPAIRING,presets[precompile_bn128_pairing_alt],18865,43.806416414072785,0.001,0.9074231429338706,0.9074133267047256,0.0510410460022412,0.001,0.0506648840030394,0.05140500163164946,,,,,,,,,,,,,,,,,,,,,0.03311481387113479,0.001,0.03293814440588291,0.03329749053322498
test_ec_pairing,erigon,ECPAIRING,presets[precompile_bn128_pairing_alt],1265,25.689620960855724,0.001,0.8659421700728431,0.8657297170935607,0.04765800634490123,0.001,0.04640252728165929,0.048921996219280964,,,,,,,,,,,,,,,,,,,,,0.03966015141160756,0.001,0.038879782358044006,0.04028738422204693
test_ec_pairing,ethrex,ECPAIRING,presets[precompile_bn128_pairing_alt],8030,111.7864174373183,0.001,0.8339781109118329,0.8339367450493468,0.08181542253320946,0.001,0.08068464612708033,0.08296716145120907,,,,,,,,,,,,,,,,,,,,,0.06159588681841194,0.001,0.06093031258856147,0.062235469323478385
test_ec_pairing,geth,ECPAIRING,presets[precompile_bn128_pairing_alt],21120,50.32593028855899,0.001,0.8672094965308934,0.8671969198861551,0.041338709154191695,0.001,0.04094987924023498,0.04174144150719675,,,,,,,,,,,,,,,,,,,,,0.03920399754979074,0.001,0.03895844729762519,0.039440034725945844
test_ec_pairing,nethermind,ECPAIRING,presets[precompile_bn128_pairing_alt],5885,72.84869996608063,0.001,0.9467231588182698,0.9467050436053552,0.05279163765670624,0.001,0.05156874677507166,0.0540283570972179,,,,,,,,,,,,,,,,,,,,,0.11716888714207149,0.001,0.1164138982730497,0.11786137376902993
test_ec_pairing,reth,ECPAIRING,presets[precompile_bn128_pairing_alt],495,105.52088456805879,0.001,0.839179826470495,0.8385260859276922,0.08246597414857655,0.001,0.07784531242989796,0.08734586845660341,,,,,,,,,,,,,,,,,,,,,0.0607921262666259,0.001,0.05822092119769508,0.06341007828240029
test_ecrecover,besu,ECRECOVER,presets[precompile_ecrecover],3773,144.24874481928703,0.001,0.8847073064953901,0.8846767329887593,0.006698180738374856,0.001,0.006622523342202523,0.006771616414910057,,,,,,,,,,,,,,,,,,,,,,,,
test_ecrecover,erigon,ECRECOVER,presets[precompile_ecrecover],253,83.65712494304992,0.001,0.8362496651726996,0.8355972734004793,0.008464606230444963,0.001,0.007916616219446034,0.008927837332487764,,,,,,,,,,,,,,,,,,,,,,,,
test_ecrecover,ethrex,ECRECOVER,presets[precompile_ecrecover],1606,129.7862303004888,0.001,0.8201168324598119,0.8200046858466323,0.006228371119173331,0.001,0.006089623856235349,0.006383239163369541,,,,,,,,,,,,,,,,,,,,,,,,
test_ecrecover,geth,ECRECOVER,presets[precompile_ecrecover],4224,115.67811022307458,0.001,0.8808542994800783,0.8808260792762602,0.007798084739609879,0.001,0.007707094465815805,0.007886424693958902,,,,,,,,,,,,,,,,,,,,,,,,
test_ecrecover,nethermind,ECRECOVER,presets[precompile_ecrecover],1177,102.9040755478486,0.001,0.8785763288859078,0.8784729895913426,0.006908315472117881,0.001,0.006745380485123945,0.007080209176985339,,,,,,,,,,,,,,,,,,,,,,,,
test_ecrecover,reth,ECRECOVER,presets[precompile_ecrecover],99,121.04668411079052,0.001,0.8359299044871611,0.8342384602035235,0.006547651838599524,0.001,0.005918217157000844,0.007205301947307623,,,,,,,,,,,,,,,,,,,,,,,,
test_gas_op,besu,GAS,presets[control_flow_gas],3773,100.44241582552772,0.001,0.5574297339133698,0.5573123724002204,3.6130001326843146e-06,0.001,3.5058015289933723e-06,3.7104366887501715e-06,,,,,,,,,,,,,,,,,,,,,,,,
test_gas_op,erigon,GAS,presets[control_flow_gas],253,14.616534674828367,0.025,0.5899089443043138,0.5882751153971597,1.6307346749524501e-06,0.001,1.4671094505076955e-06,1.8268840598874816e-06,,,,,,,,,,,,,,,,,,,,,,,,
test_gas_op,ethrex,GAS,presets[control_flow_gas],1606,15.060876101990182,0.001,0.8145812593626343,0.8144656616440324,5.608200731588095e-07,0.001,5.458868967170346e-07,5.746936813850849e-07,,,,,,,,,,,,,,,,,,,,,,,,
test_gas_op,geth,GAS,presets[control_flow_gas],4224,41.015415124945726,0.001,0.8164843345564593,0.8164408680321951,1.6441735220382767e-06,0.001,1.6185035823779354e-06,1.6707052680666145e-06,,,,,,,,,,,,,,,,,,,,,,,,
test_gas_op,nethermind,GAS,presets[control_flow_gas],1177,15.125838667291987,0.001,0.8693855991455544,0.8692744379533378,7.813351043236239e-07,0.001,7.625489150816995e-07,8.008937327864463e-07,,,,,,,,,,,,,,,,,,,,,,,,
test_gas_op,reth,GAS,presets[control_flow_gas],99,9.491802604935462,0.001,0.8320696875374358,0.8303384472027702,5.168457826356425e-07,0.001,4.6151267689483846e-07,5.739432915052016e-07,,,,,,,,,,,,,,,,,,,,,,,,
test_identity_fixed_size,besu,IDENTITY,presets[precompile_identity_fixed],15092,75.19205174691034,0.001,0.9012483825006286,0.9012352932809985,0.0002722507357590896,0.001,0.0002708502374919524,0.00027355286901913447,,,,,,,,,,,,0.0,1.0,0.0,0.0,,,,,,,,,
test_identity_fixed_size,erigon,IDENTITY,presets[precompile_identity_fixed],1012,17.198368804677383,0.002,0.9575141439847574,0.9574299301968184,0.0005842199384778826,0.001,0.0005768211947515083,0.0005913210186814945,,,,,,,,,,,,1.2725624290169206e-06,0.001,8.427037764625105e-07,1.7277470049761932e-06,,,,,,,,,
test_identity_fixed_size,ethrex,IDENTITY,presets[precompile_identity_fixed],6424,15.267468715149219,0.001,0.829242927356816,0.8291897402916726,3.951569403545135e-05,0.001,3.9086385159259566e-05,4.005476410281542e-05,,,,,,,,,,,,1.6791115810800921e-10,0.484,0.0,1.645069744135465e-08,,,,,,,,,
test_identity_fixed_size,geth,IDENTITY,presets[precompile_identity_fixed],16896,10.361874999735138,0.001,0.9725388538443811,0.9725356026579541,9.497697726833763e-05,0.001,9.433314889140908e-05,9.559598871850474e-05,,,,,,,,,,,,9.435479635315753e-06,0.001,9.406107373147948e-06,9.462276539767594e-06,,,,,,,,,
test_identity_fixed_size,nethermind,IDENTITY,presets[precompile_identity_fixed],4708,20.565413016593507,0.001,0.9630261161377133,0.9630103992901629,0.00014280503630099468,0.001,0.0001419397888689755,0.00014368223301147373,,,,,,,,,,,,4.945206964062641e-07,0.001,4.6561460673675543e-07,5.224716427998879e-07,,,,,,,,,
test_identity_fixed_size,reth,IDENTITY,presets[precompile_identity_fixed],396,8.174262461424794,0.001,0.9946406141985537,0.9946133399705565,0.0003820967910145929,0.001,0.0003796705856547126,0.0003845001124330826,,,,,,,,,,,,3.5888014086118364e-08,0.232,0.0,1.2373415316893467e-07,,,,,,,,,
test_identity_uncachable,besu,IDENTITY,presets[precompile_identity_uncachable],11319,82.74854582532114,0.001,0.8844520281120687,0.8844316060597732,0.00038416316668391464,0.001,0.0003816471025140631,0.00038677191314708377,,,,,,,,,,,,0.0,1.0,0.0,0.0,,,,,,,,,
test_identity_uncachable,erigon,IDENTITY,presets[precompile_identity_uncachable],759,20.61866636622813,0.001,0.9563154504589491,0.9561998828675706,0.0009541732234979559,0.001,0.0009411330929739838,0.0009673813314387676,,,,,,,,,,,,7.623482804222956e-07,0.004,2.1386519075874675e-07,1.4550445943067509e-06,,,,,,,,,
test_identity_uncachable,ethrex,IDENTITY,presets[precompile_identity_uncachable],4818,14.621538182464922,0.001,0.8399967414067824,0.8399302810709182,5.0233322791976117e-05,0.001,4.950925456062794e-05,5.093879795435647e-05,,,,,,,,,,,,0.0,1.0,0.0,0.0,,,,,,,,,
test_identity_uncachable,geth,IDENTITY,presets[precompile_identity_uncachable],12672,24.885548236433387,0.001,0.9627902475942327,0.9627843734522474,0.00012740880703364385,0.001,0.0001264916115756267,0.00012830118441170478,,,,,,,,,,,,9.079018820907844e-06,0.001,9.04580037935476e-06,9.114616415856947e-06,,,,,,,,,
test_identity_uncachable,nethermind,IDENTITY,presets[precompile_identity_uncachable],3531,22.23162559514021,0.001,0.931628919384201,0.9315901602682056,0.0001526327750686268,0.001,0.00015120795235124186,0.00015401413361350503,,,,,,,,,,,,6.597348365462412e-07,0.001,6.174651287428818e-07,7.004942575069917e-07,,,,,,,,,
test_identity_uncachable,reth,IDENTITY,presets[precompile_identity_uncachable],297,5.890440002094031,0.001,0.9936079351089865,0.9935644516743537,0.00038243563216743036,0.001,0.0003794387782827955,0.00038571847149527615,,,,,,,,,,,,9.37582615552077e-09,0.428,0.0,1.203292077859163e-07,,,,,,,,,
test_iszero,besu,ISZERO,presets[comparison_iszero],3773,76.63225367520974,0.001,0.6126666309142083,0.6125639172125148,4.052605080183317e-06,0.001,3.9504980947326545e-06,4.1544790560383e-06,,,,,,,,,,,,,,,,,,,,,,,,
test_iszero,erigon,ISZERO,presets[comparison_iszero],253,8.826773685586776,0.113,0.3450130176002635,0.34240350771022465,1.2377889042802148e-06,0.001,1.0318151472381713e-06,1.452561164475889e-06,,,,,,,,,,,,,,,,,,,,,,,,
test_iszero,ethrex,ISZERO,presets[comparison_iszero],1606,24.57382939774094,0.001,0.8403863813741035,0.8402868716368055,1.434084620868765e-06,0.001,1.3983769008442937e-06,1.466948380068964e-06,,,,,,,,,,,,,,,,,,,,,,,,
test_iszero,geth,ISZERO,presets[comparison_iszero],4224,25.228089724818844,0.001,0.7685345230056408,0.7684796993493181,1.4889677202298977e-06,0.001,1.4648220187277717e-06,1.5147249482860182e-06,,,,,,,,,,,,,,,,,,,,,,,,
test_iszero,nethermind,ISZERO,presets[comparison_iszero],1177,16.38025065218521,0.001,0.80370175771595,0.8035346953820912,8.0875865664233e-07,0.001,7.866219012818201e-07,8.331349961843265e-07,,,,,,,,,,,,,,,,,,,,,,,,
test_iszero,reth,ISZERO,presets[comparison_iszero],99,8.613356996339702,0.001,0.8046936415764179,0.8026801739638036,3.9103407000617653e-07,0.001,3.4893094053077134e-07,4.352735309136336e-07,,,,,,,,,,,,,,,,,,,,,,,,
test_jump_benchmark,besu,JUMP,presets[control_flow_jump],3773,111.3901161707287,0.001,0.49715021532929715,0.49701686879398277,2.787843235819367e-05,0.001,2.6930364195909282e-05,2.870785943134923e-05,,,,,,,,,,,,,,,,,,,,,,,,
test_jump_benchmark,erigon,JUMP,presets[control_flow_jump],253,18.79489720158752,0.001,0.9486022002984003,0.9483974281880353,7.591817676192233e-06,0.001,7.341399244792262e-06,7.81232024961885e-06,,,,,,,,,,,,,,,,,,,,,,,,
test_jump_benchmark,ethrex,JUMP,presets[control_flow_jump],1606,18.12787169115231,0.001,0.8169563204049661,0.8168422033977373,4.319011148743691e-06,0.001,4.215738331053668e-06,4.4241799151509735e-06,,,,,,,,,,,,,,,,,,,,,,,,
test_jump_benchmark,geth,JUMP,presets[control_flow_jump],4224,35.4189882509307,0.001,0.7812371137032402,0.7811852987135915,9.193026885080725e-06,0.001,9.039275186551578e-06,9.355201720960642e-06,,,,,,,,,,,,,,,,,,,,,,,,
test_jump_benchmark,nethermind,JUMP,presets[control_flow_jump],1177,15.74068314933934,0.001,0.8698632685037007,0.8697525138385974,5.262698335796242e-06,0.001,5.125063468375729e-06,5.3890310499403614e-06,,,,,,,,,,,,,,,,,,,,,,,,
test_jump_benchmark,reth,JUMP,presets[control_flow_jump],99,10.76734345077729,0.001,0.7663081868614425,0.7638989929115605,2.0280266703314502e-06,0.001,1.7919133287306517e-06,2.285902642896141e-06,,,,,,,,,,,,,,,,,,,,,,,,
test_jumpdests,besu,JUMPDEST,presets[control_flow_jumpdest],3773,66.77202320617148,0.001,0.23599738209955834,0.23579478262517473,1.8973861277016571e-06,0.001,1.7881942885985259e-06,2.011799088539706e-06,,,,,,,,,,,,,,,,,,,,,,,,
test_jumpdests,erigon,JUMPDEST,presets[control_flow_jumpdest],253,17.90598121635158,0.009,0.7979060558624146,0.797100900706488,8.482289268894959e-07,0.001,7.851633171061947e-07,9.322083162306263e-07,,,,,,,,,,,,,,,,,,,,,,,,
test_jumpdests,ethrex,JUMPDEST,presets[control_flow_jumpdest],1606,12.09490623522982,0.001,0.8416420394045255,0.8415433124964236,4.5704546882185633e-07,0.001,4.4718835161266303e-07,4.669385910859737e-07,,,,,,,,,,,,,,,,,,,,,,,,
test_jumpdests,geth,JUMPDEST,presets[control_flow_jumpdest],4224,70.80148987119709,0.001,0.7200633544873578,0.7199970502131956,1.1831642654932438e-06,0.001,1.1578577106249374e-06,1.206804511430861e-06,,,,,,,,,,,,,,,,,,,,,,,,
test_jumpdests,nethermind,JUMPDEST,presets[control_flow_jumpdest],1177,19.11136322835463,0.001,0.7223675960341966,0.7221313131372045,4.2071032626816124e-07,0.001,4.062601273848982e-07,4.3700174972866226e-07,,,,,,,,,,,,,,,,,,,,,,,,
test_jumpdests,reth,JUMPDEST,presets[control_flow_jumpdest],99,12.322868923988052,0.001,0.8688358245898016,0.867483616595882,2.848921637060868e-07,0.001,2.5925007623260155e-07,3.1063993219849905e-07,,,,,,,,,,,,,,,,,,,,,,,,
test_jumpi_fallthrough,besu,JUMPI,presets[control_flow_jumpi],3773,31.96972545564876,0.001,0.3367847312489163,0.3366088587300218,6.968489638670634e-06,0.001,6.659169533561571e-06,7.268121650462442e-06,,,,,,,,,,,,,,,,,,,,,,,,
test_jumpi_fallthrough,erigon,JUMPI,presets[control_flow_jumpi],253,27.262653699926013,0.001,0.21546480989834915,0.21233917169077288,3.2323102781136504e-06,0.001,2.074385147458488e-06,3.83606683299173e-06,,,,,,,,,,,,,,,,,,,,,,,,
test_jumpi_fallthrough,ethrex,JUMPI,presets[control_flow_jumpi],1606,6.584761320487142,0.001,0.8094437720500611,0.8093249714091946,1.5848021477041801e-06,0.001,1.5461682107457121e-06,1.6277146145928343e-06,,,,,,,,,,,,,,,,,,,,,,,,
test_jumpi_fallthrough,geth,JUMPI,presets[control_flow_jumpi],4224,21.15694598175076,0.001,0.7471776754759083,0.7471177933526199,5.788953040217078e-06,0.001,5.6840948441924525e-06,5.889697602894883e-06,,,,,,,,,,,,,,,,,,,,,,,,
test_jumpi_fallthrough,nethermind,JUMPI,presets[control_flow_jumpi],1177,8.838604839637474,0.001,0.612405511127093,0.6120756434769884,1.773970777068137e-06,0.001,1.7090476654453232e-06,1.8395880098022022e-06,,,,,,,,,,,,,,,,,,,,,,,,
test_jumpi_fallthrough,reth,JUMPI,presets[control_flow_jumpi],99,5.625369393153047,0.005,0.6580970402617154,0.6545722674809085,1.2993996306392822e-06,0.001,1.1017476883524222e-06,1.5870373172419062e-06,,,,,,,,,,,,,,,,,,,,,,,,
test_keccak_diff_mem_msg_sizes,besu,KECCAK256,presets[keccak],15092,140.52905554547172,0.001,0.7663412664673344,0.7663102957292427,9.818488322989223e-05,0.001,9.729052057211486e-05,9.905126647704078e-05,,,,,0,,,1.4588861082780046e-05,0.001,1.4420291022204007e-05,1.4742330398027963e-05,,,,,,,,,,,,,
test_keccak_diff_mem_msg_sizes,erigon,KECCAK256,presets[keccak],1012,38.04016056087683,0.001,0.8107075398214575,0.8103323317735317,7.647682810367856e-05,0.001,7.401126715814128e-05,7.892992249903802e-05,,,,,0,,,1.3610400733320156e-05,0.001,1.3129063998706665e-05,1.4083556543259466e-05,,,,,,,,,,,,,
test_keccak_diff_mem_msg_sizes,ethrex,KECCAK256,presets[keccak],6424,63.73426875570912,0.001,0.6558854249649955,0.6557782408581476,1.3037953071020673e-05,0.001,1.1486787518905385e-05,1.4844962655105582e-05,,,,,0,,,1.1702950364797064e-05,0.001,1.1525533113980767e-05,1.188641618440105e-05,,,,,,,,,,,,,
test_keccak_diff_mem_msg_sizes,geth,KECCAK256,presets[keccak],16896,101.63248953514065,0.001,0.7890007504696974,0.7889757697972851,8.136417565083847e-05,0.001,8.077560387066861e-05,8.195264674512426e-05,,,,,0,,,1.0328393087602023e-05,0.001,1.0219106575479414e-05,1.0432966492696404e-05,,,,,,,,,,,,,
test_keccak_diff_mem_msg_sizes,nethermind,KECCAK256,presets[keccak],4708,89.90928968584369,0.001,0.6987225143198843,0.6985944473759182,2.3995095746224388e-05,0.001,2.0694424688074376e-05,2.7449764473507028e-05,,,,,0,,,2.224225004954234e-05,0.001,2.186591667966824e-05,2.2644573889532035e-05,,,,,,,,,,,,,
test_keccak_diff_mem_msg_sizes,reth,KECCAK256,presets[keccak],396,61.03404926743737,0.001,0.5592395251600013,0.5569964693083982,1.585815980234587e-05,0.001,7.9611784891012e-06,2.4289979178390623e-05,,,,,0,,,1.139081073050059e-05,0.001,1.0542293025188762e-05,1.2309932140148731e-05,,,,,,,,,,,,,
test_keccak_diff_mem_msg_sizes,besu,KECCAK256,presets[keccak],15092,132.6074587101228,0.001,0.7843772831263662,0.784348703006163,0.00010784988232903251,0.001,0.00010693886938689572,0.00010874496926149882,,,,,1024,,,1.4541786502945166e-05,0.001,1.4379262500500956e-05,1.470633651079679e-05,,,,,,,,,,,,,
test_keccak_diff_mem_msg_sizes,erigon,KECCAK256,presets[keccak],1012,39.2313219034168,0.001,0.8256509935455933,0.8253054058221951,7.607225881557582e-05,0.001,7.378523456875256e-05,7.837322063239323e-05,,,,,1024,,,1.3532664996571495e-05,0.001,1.3082861546478042e-05,1.3986250560696172e-05,,,,,,,,,,,,,
test_keccak_diff_mem_msg_sizes,ethrex,KECCAK256,presets[keccak],6424,63.022230103398286,0.001,0.6561719995070592,0.656064904661866,1.3139753209248406e-05,0.001,1.1367468156235732e-05,1.4822279302229385e-05,,,,,1024,,,1.1735146115768048e-05,0.001,1.1558257570670948e-05,1.192892478176387e-05,,,,,,,,,,,,,
test_keccak_diff_mem_msg_sizes,geth,KECCAK256,presets[keccak],16896,98.41097184207118,0.001,0.7939907881583698,0.7939663982676646,8.139324939515601e-05,0.001,8.079089024811593e-05,8.201190072096727e-05,,,,,1024,,,1.044363798134206e-05,0.001,1.0334038890584404e-05,1.0563168863078931e-05,,,,,,,,,,,,,
test_keccak_diff_mem_msg_sizes,nethermind,KECCAK256,presets[keccak],4708,86.7300832003393,0.001,0.7011141226671649,0.7009870723473635,2.4454093724531815e-05,0.001,2.120299172553207e-05,2.7908235693602664e-05,,,,,1024,,,2.2335257352194502e-05,0.001,2.1960572601967797e-05,2.2731064537375708e-05,,,,,,,,,,,,,
test_keccak_diff_mem_msg_sizes,reth,KECCAK256,presets[keccak],396,58.1366488867579,0.001,0.5697744968675703,0.5675850541035377,1.6248368597055284e-05,0.001,7.497557281925058e-06,2.4619412994005042e-05,,,,,1024,,,1.1612736287293921e-05,0.001,1.0788473753349324e-05,1.2533688775727734e-05,,,,,,,,,,,,,
test_keccak_diff_mem_msg_sizes,besu,KECCAK256,presets[keccak],15092,129.10252638275122,0.001,0.7803803245727918,0.7803512146681689,0.00011024073259010317,0.001,0.00010933462576723857,0.0001111686529349554,,,,,256,,,1.4494383443088101e-05,0.001,1.4333362692980719e-05,1.465043744552839e-05,,,,,,,,,,,,,
test_keccak_diff_mem_msg_sizes,erigon,KECCAK256,presets[keccak],1012,44.94152735392735,0.001,0.8154451629702336,0.8150793456520379,7.491143995305881e-05,0.001,7.244146294083013e-05,7.722257563411316e-05,,,,,256,,,1.3369696196113343e-05,0.001,1.2895186167438666e-05,1.3817064122732292e-05,,,,,,,,,,,,,
test_keccak_diff_mem_msg_sizes,ethrex,KECCAK256,presets[keccak],6424,62.60628858672334,0.001,0.6563732275886129,0.6562661954215326,1.3244355351963159e-05,0.001,1.1559199317811119e-05,1.5027642243200164e-05,,,,,256,,,1.173657664428162e-05,0.001,1.1547796558687122e-05,1.1913221414588017e-05,,,,,,,,,,,,,
test_keccak_diff_mem_msg_sizes,geth,KECCAK256,presets[keccak],16896,99.63202617920261,0.001,0.7923451755651435,0.7923205908466879,8.098037701451165e-05,0.001,8.036725399298686e-05,8.159577054605092e-05,,,,,256,,,1.0411170936031056e-05,0.001,1.029452618722725e-05,1.0530828626166563e-05,,,,,,,,,,,,,
test_keccak_diff_mem_msg_sizes,nethermind,KECCAK256,presets[keccak],4708,87.72973744316762,0.001,0.6999117305839422,0.6997841691516717,2.4424755980088627e-05,0.001,2.1138660109835472e-05,2.7860599707141593e-05,,,,,256,,,2.2278715667271253e-05,0.001,2.1876404269005074e-05,2.2665463715948768e-05,,,,,,,,,,,,,
test_keccak_diff_mem_msg_sizes,reth,KECCAK256,presets[keccak],396,59.84669866774162,0.001,0.5606333384869582,0.5583973758329478,1.6020759869531208e-05,0.001,7.884690323521681e-06,2.454548564552226e-05,,,,,256,,,1.1430442586635934e-05,0.001,1.0668141269216379e-05,1.2274458664935716e-05,,,,,,,,,,,,,
test_keccak_diff_mem_msg_sizes,besu,KECCAK256,presets[keccak],15092,152.3264456949462,0.001,0.7613240920190408,0.7612924562700871,0.00010211730325977214,0.001,0.00010120280336226084,0.00010304411235536322,,,,,32,,,1.4072365267074867e-05,0.001,1.390662383889595e-05,1.4238546117182609e-05,,,,,,,,,,,,,
test_keccak_diff_mem_msg_sizes,erigon,KECCAK256,presets[keccak],1012,46.21702129826528,0.001,0.821579245453183,0.8212255868713261,7.491599965238856e-05,0.001,7.239904887118386e-05,7.72026690342992e-05,,,,,32,,,1.326156998854691e-05,0.001,1.2854551596015003e-05,1.3611229079298393e-05,,,,,,,,,,,,,
test_keccak_diff_mem_msg_sizes,ethrex,KECCAK256,presets[keccak],6424,63.450021742796096,0.001,0.6550183356177448,0.6549108814316734,1.3124150679133535e-05,0.001,1.1471377835097296e-05,1.4895220183275874e-05,,,,,32,,,1.17135658440314e-05,0.001,1.1528069850059012e-05,1.190431348330552e-05,,,,,,,,,,,,,
test_keccak_diff_mem_msg_sizes,geth,KECCAK256,presets[keccak],16896,98.2020482392667,0.001,0.7919627667117646,0.7919381367190708,8.120058782071832e-05,0.001,8.056920391105081e-05,8.179139678140231e-05,,,,,32,,,1.0448435202884849e-05,0.001,1.0341696541796993e-05,1.0559150456400494e-05,,,,,,,,,,,,,
test_keccak_diff_mem_msg_sizes,nethermind,KECCAK256,presets[keccak],4708,89.25037708085144,0.001,0.6998868793755031,0.6997593073794883,2.4115459936017927e-05,0.001,2.0806444676168717e-05,2.7382995602961672e-05,,,,,32,,,2.2262771118807372e-05,0.001,2.187264335704144e-05,2.2624945452130894e-05,,,,,,,,,,,,,
test_keccak_diff_mem_msg_sizes,reth,KECCAK256,presets[keccak],396,63.05214416867039,0.001,0.5645206802279091,0.5623045004835219,1.527136389531519e-05,0.001,7.05983673855685e-06,2.3023612320462658e-05,,,,,32,,,1.1403685463265463e-05,0.001,1.060710940144981e-05,1.2246731497497353e-05,,,,,,,,,,,,,
test_mcopy,besu,MCOPY,presets[memory_mcopy],3773,151.1586514705252,0.001,0.4539730941768596,0.4538282978613404,1.3061502628047208e-05,0.001,1.2606329117335836e-05,1.3506797454711067e-05,,,,,0,,0,,,,,,,,,,,,,,,,,
test_mcopy,erigon,MCOPY,presets[memory_mcopy],253,29.768604230457463,0.001,0.5116972765343366,0.5097518473571826,6.905422190395586e-06,0.001,6.2097494736575816e-06,7.347719570053224e-06,,,,,0,,0,,,,,,,,,,,,,,,,,
test_mcopy,ethrex,MCOPY,presets[memory_mcopy],1606,14.642085558372331,0.001,0.804547888292914,0.8044260353554408,2.657581458049604e-06,0.001,2.5871268857163444e-06,2.720888315670733e-06,,,,,0,,0,,,,,,,,,,,,,,,,,
test_mcopy,geth,MCOPY,presets[memory_mcopy],4224,63.17043541702264,0.001,0.7726548596960903,0.772601011960348,9.491400053296672e-06,0.001,9.318887822071082e-06,9.652513953301572e-06,,,,,0,,0,,,,,,,,,,,,,,,,,
test_mcopy,nethermind,MCOPY,presets[memory_mcopy],1177,4.237489932508085,0.001,0.9697099467652108,0.9696841679965004,1.3917284148756529e-05,0.001,1.3780058576890461e-05,1.405983803056137e-05,,,,,0,,0,,,,,,,,,,,,,,,,,
test_mcopy,reth,MCOPY,presets[memory_mcopy],99,10.448670284776322,0.001,0.7640192706840224,0.7615864796601464,2.030461566049452e-06,0.001,1.78734197758621e-06,2.2758306775091444e-06,,,,,0,,0,,,,,,,,,,,,,,,,,
test_mcopy,besu,MCOPY,presets[memory_mcopy],3773,73.97508480128674,0.001,0.5425812257943448,0.5424599267293208,1.5801571939304094e-05,0.001,1.5331790584617163e-05,1.6276242288847102e-05,,,,,1024,,0,,,,,,,,,,,,,,,,,
test_mcopy,erigon,MCOPY,presets[memory_mcopy],253,22.62953066392486,0.001,0.6953199954186002,0.694106130858515,7.313873202732332e-06,0.001,7.013631910353234e-06,7.731793069443468e-06,,,,,1024,,0,,,,,,,,,,,,,,,,,
test_mcopy,ethrex,MCOPY,presets[memory_mcopy],1606,15.322123643577115,0.001,0.7225908613522521,0.7224179130114493,2.8016446217606313e-06,0.001,2.7190257841423363e-06,2.8946376611626806e-06,,,,,1024,,0,,,,,,,,,,,,,,,,,
test_mcopy,geth,MCOPY,presets[memory_mcopy],4224,49.909467360717464,0.001,0.7607989900882797,0.7607423342356241,1.0094058803746447e-05,0.001,9.931046104870361e-06,1.027604547055127e-05,,,,,1024,,0,,,,,,,,,,,,,,,,,
test_mcopy,nethermind,MCOPY,presets[memory_mcopy],1177,3.3748356526366106,0.003,0.9656831806208951,0.9656539748171682,1.3964562001583116e-05,0.001,1.3808858022511465e-05,1.4133728048370946e-05,,,,,1024,,0,,,,,,,,,,,,,,,,,
test_mcopy,reth,MCOPY,presets[memory_mcopy],99,13.105041591937033,0.001,0.7660514977576172,0.7636396575283142,1.8708273017011317e-06,0.001,1.640174221057593e-06,2.0907480884773277e-06,,,,,1024,,0,,,,,,,,,,,,,,,,,
test_mcopy,besu,MCOPY,presets[memory_mcopy],3773,74.20651519212043,0.001,0.5357549140133723,0.5356318047357307,1.5771720824329782e-05,0.001,1.525982065415881e-05,1.6264578066880136e-05,,,,,10240,,0,,,,,,,,,,,,,,,,,
test_mcopy,erigon,MCOPY,presets[memory_mcopy],253,19.02035458292377,0.001,0.7142674364770634,0.71312905972996,7.499862464080743e-06,0.001,7.065794622959252e-06,8.22921848351068e-06,,,,,10240,,0,,,,,,,,,,,,,,,,,
test_mcopy,ethrex,MCOPY,presets[memory_mcopy],1606,16.039092985705615,0.001,0.7423745478269995,0.7422139334553206,2.644124830571071e-06,0.001,2.566759021595287e-06,2.7146360009404856e-06,,,,,10240,,0,,,,,,,,,,,,,,,,,
test_mcopy,geth,MCOPY,presets[memory_mcopy],4224,53.97635292978504,0.001,0.7755863638723564,0.7755332104767789,9.886459439593449e-06,0.001,9.694051114950723e-06,1.006230247061712e-05,,,,,10240,,0,,,,,,,,,,,,,,,,,
test_mcopy,nethermind,MCOPY,presets[memory_mcopy],1177,3.8705532868527524,0.001,0.9718673564898194,0.9718434138144916,1.391607096533e-05,0.001,1.3770206906065696e-05,1.4068389546307148e-05,,,,,10240,,0,,,,,,,,,,,,,,,,,
test_mcopy,reth,MCOPY,presets[memory_mcopy],99,11.814488095313875,0.001,0.7731475747255102,0.770808889928866,1.945632918384661e-06,0.001,1.7125405965228908e-06,2.181948337097073e-06,,,,,10240,,0,,,,,,,,,,,,,,,,,
test_mcopy,besu,MCOPY,presets[memory_mcopy],3773,68.46563930732778,0.001,0.5317558929556092,0.5316317232109673,1.5499362347489275e-05,0.001,1.504517695064342e-05,1.5947159064499956e-05,,,,,1048576,,0,,,,,,,,,,,,,,,,,
test_mcopy,erigon,MCOPY,presets[memory_mcopy],253,22.99508283522129,0.001,0.942098003439456,0.9418673181941949,7.080030084963531e-06,0.001,6.85031653561279e-06,7.275479439861789e-06,,,,,1048576,,0,,,,,,,,,,,,,,,,,
test_mcopy,ethrex,MCOPY,presets[memory_mcopy],1606,14.167279152042113,0.001,0.7812706155040556,0.781134250551128,2.6911966227891387e-06,0.001,2.617782678366345e-06,2.7657130278468512e-06,,,,,1048576,,0,,,,,,,,,,,,,,,,,
test_mcopy,geth,MCOPY,presets[memory_mcopy],4224,49.57530993726837,0.001,0.7340799269639628,0.7340169425790657,1.0073449890169774e-05,0.001,9.867761482560275e-06,1.0274814297578108e-05,,,,,1048576,,0,,,,,,,,,,,,,,,,,
test_mcopy,nethermind,MCOPY,presets[memory_mcopy],1177,4.151039104754281,0.001,0.9528808777105755,0.9528407763299036,1.3927548720016486e-05,0.001,1.3765666458206255e-05,1.407370427840742e-05,,,,,1048576,,0,,,,,,,,,,,,,,,,,
test_mcopy,reth,MCOPY,presets[memory_mcopy],99,11.023259208684824,0.001,0.7861587171007247,0.7839541677924847,1.9036506862830218e-06,0.001,1.7182416164333957e-06,2.086125343542022e-06,,,,,1048576,,0,,,,,,,,,,,,,,,,,
test_mcopy,besu,MCOPY,presets[memory_mcopy],3773,71.64879043626908,0.001,0.5418848599364059,0.541763376207935,1.5636367166879502e-05,0.001,1.5207926115759373e-05,1.609306903860457e-05,,,,,256,,0,,,,,,,,,,,,,,,,,
test_mcopy,erigon,MCOPY,presets[memory_mcopy],253,20.089134790859962,0.001,0.5466640269244166,0.5448579075097728,7.51086880460477e-06,0.001,7.048413176227304e-06,8.194124630999848e-06,,,,,256,,0,,,,,,,,,,,,,,,,,
test_mcopy,ethrex,MCOPY,presets[memory_mcopy],1606,14.947010059954572,0.001,0.7857676961835458,0.7856341348968772,2.659255343286658e-06,0.001,2.5888433617955013e-06,2.731077897381467e-06,,,,,256,,0,,,,,,,,,,,,,,,,,
test_mcopy,geth,MCOPY,presets[memory_mcopy],4224,56.12022931053598,0.001,0.7641003004547868,0.7640444265325829,9.723013988820056e-06,0.001,9.53871513339144e-06,9.884196895813483e-06,,,,,256,,0,,,,,,,,,,,,,,,,,
test_mcopy,nethermind,MCOPY,presets[memory_mcopy],1177,3.3165089020846543,0.013,0.9592824938578846,0.9592478406611679,1.3972006966091072e-05,0.001,1.3813416216484333e-05,1.4182410205843117e-05,,,,,256,,0,,,,,,,,,,,,,,,,,
test_mcopy,reth,MCOPY,presets[memory_mcopy],99,13.259927322618,0.001,0.780268988286747,0.7780037201247546,1.7987462911835338e-06,0.001,1.619257664136182e-06,1.9788161070675044e-06,,,,,256,,0,,,,,,,,,,,,,,,,,
test_mcopy,besu,MCOPY,presets[memory_mcopy],3773,70.72822465869778,0.001,0.5439700874091538,0.5438491566447436,1.57770784916205e-05,0.001,1.5319550005562894e-05,1.6257934940180383e-05,,,,,32,,0,,,,,,,,,,,,,,,,,
test_mcopy,erigon,MCOPY,presets[memory_mcopy],253,15.273039012926876,0.029,0.5188110954072721,0.5168940081379784,7.852343325731284e-06,0.001,7.006330153359227e-06,8.96824398569312e-06,,,,,32,,0,,,,,,,,,,,,,,,,,
test_mcopy,ethrex,MCOPY,presets[memory_mcopy],1606,14.728777599983985,0.001,0.7406524940112493,0.7404908060399347,2.7669914318577846e-06,0.001,2.681103997459943e-06,2.854110076703958e-06,,,,,32,,0,,,,,,,,,,,,,,,,,
test_mcopy,geth,MCOPY,presets[memory_mcopy],4224,51.781828351484236,0.001,0.7826521512124911,0.782600671380945,9.952760561379025e-06,0.001,9.78691903334274e-06,1.013097226952984e-05,,,,,32,,0,,,,,,,,,,,,,,,,,
test_mcopy,nethermind,MCOPY,presets[memory_mcopy],1177,3.868065108910221,0.001,0.9719167299072599,0.9718928292518618,1.3913793979171849e-05,0.001,1.3777398963391533e-05,1.4064052113732933e-05,,,,,32,,0,,,,,,,,,,,,,,,,,
test_mcopy,reth,MCOPY,presets[memory_mcopy],99,13.164757563217236,0.001,0.765738903187676,0.7633238403339407,1.8391194304735722e-06,0.001,1.615253215867411e-06,2.0765466058502368e-06,,,,,32,,0,,,,,,,,,,,,,,,,,
test_mcopy,besu,MCOPY,presets[memory_mcopy],3773,17.933749408947236,0.001,0.9273363354791426,0.9273170664087313,4.658392109764351e-05,0.001,4.6104400723746094e-05,4.7086804658626476e-05,,,,,0,,1024,,,,,,,,,,,,,,,,,
test_mcopy,erigon,MCOPY,presets[memory_mcopy],253,25.8875195738189,0.001,0.0015543401367273946,-0.0024235310181064396,2.954003867951793e-06,0.249,0.0,8.560588900940517e-06,,,,,0,,1024,,,,,,,,,,,,,,,,,
test_mcopy,ethrex,MCOPY,presets[memory_mcopy],1606,3.9922779911335926,0.001,0.757047905327027,0.7568964389338394,3.95256025642095e-06,0.001,3.84173866214982e-06,4.070585817111049e-06,,,,,0,,1024,,,,,,,,,,,,,,,,,
test_mcopy,geth,MCOPY,presets[memory_mcopy],4224,9.12913765538436,0.001,0.6346496821876555,0.6345631472947582,1.1524528359967325e-05,0.001,1.1243801325356807e-05,1.1798498652458592e-05,,,,,0,,1024,,,,,,,,,,,,,,,,,
test_mcopy,nethermind,MCOPY,presets[memory_mcopy],1177,3.687498160942515,0.001,0.8161988265889027,0.8160424000583402,1.6539148744577977e-05,0.001,1.618680533902006e-05,1.6807887609231842e-05,,,,,0,,1024,,,,,,,,,,,,,,,,,
test_mcopy,reth,MCOPY,presets[memory_mcopy],99,3.186611100146574,0.001,0.5856458308445092,0.5813741383789887,2.811163502634166e-06,0.001,2.2928673191593254e-06,3.3094967040455066e-06,,,,,0,,1024,,,,,,,,,,,,,,,,,
test_mcopy,besu,MCOPY,presets[memory_mcopy],3773,10.687448359867155,0.001,0.9592680482236269,0.9592572468574703,4.9853223050396626e-05,0.001,4.948654009728284e-05,5.0177820787247025e-05,,,,,1024,,1024,,,,,,,,,,,,,,,,,
test_mcopy,erigon,MCOPY,presets[memory_mcopy],253,24.274708441869137,0.001,0.002510556025863808,-0.0014635055039136091,3.88127460456799e-06,0.257,0.0,1.1228744114509266e-05,,,,,1024,,1024,,,,,,,,,,,,,,,,,
test_mcopy,ethrex,MCOPY,presets[memory_mcopy],1606,4.094656811366353,0.001,0.7552551475564186,0.7551025634838229,3.9111511942917644e-06,0.001,3.805636414366732e-06,4.020308707531115e-06,,,,,1024,,1024,,,,,,,,,,,,,,,,,
test_mcopy,geth,MCOPY,presets[memory_mcopy],4224,9.242713910633285,0.001,0.6308292696367114,0.6307418298616372,1.1437572582327996e-05,0.001,1.1157254399401822e-05,1.1728294304211373e-05,,,,,1024,,1024,,,,,,,,,,,,,,,,,
test_mcopy,nethermind,MCOPY,presets[memory_mcopy],1177,4.356810154505321,0.001,0.5407767493409716,0.5403859210425385,1.624432274164995e-05,0.001,1.5587619995390963e-05,1.66767173592142e-05,,,,,1024,,1024,,,,,,,,,,,,,,,,,
test_mcopy,reth,MCOPY,presets[memory_mcopy],99,2.4199900301342145,0.001,0.6628182813590388,0.6593421811668638,3.1131092055644087e-06,0.001,2.721537488797324e-06,3.5239982551260688e-06,,,,,1024,,1024,,,,,,,,,,,,,,,,,
test_mcopy,besu,MCOPY,presets[memory_mcopy],3773,10.281170398179075,0.001,0.9641376817392434,0.9641281717105347,5.054656625911486e-05,0.001,5.023150804202853e-05,5.085210952744519e-05,,,,,10240,,1024,,,,,,,,,,,,,,,,,
test_mcopy,erigon,MCOPY,presets[memory_mcopy],253,12.290255161760774,0.001,0.8846772750886389,0.8842178220013427,8.233097184716042e-06,0.001,7.825957310965712e-06,8.616737916111945e-06,,,,,10240,,1024,,,,,,,,,,,,,,,,,
test_mcopy,ethrex,MCOPY,presets[memory_mcopy],1606,3.947092556232528,0.001,0.748857439837963,0.7487008671695328,4.024589111879052e-06,0.001,3.907682301177983e-06,4.144724018143614e-06,,,,,10240,,1024,,,,,,,,,,,,,,,,,
test_mcopy,geth,MCOPY,presets[memory_mcopy],4224,8.682658594645785,0.001,0.6248216189987601,0.6247327562841696,1.1836084661572088e-05,0.001,1.1543577068339017e-05,1.2135114217067419e-05,,,,,10240,,1024,,,,,,,,,,,,,,,,,
test_mcopy,nethermind,MCOPY,presets[memory_mcopy],1177,4.128756645559329,0.001,0.6656070723128331,0.665322482587142,1.631985035860465e-05,0.001,1.58037989316369e-05,1.667035854408684e-05,,,,,10240,,1024,,,,,,,,,,,,,,,,,
test_mcopy,reth,MCOPY,presets[memory_mcopy],99,2.969322642158275,0.001,0.40227640786049534,0.39611430897245925,3.0173888523361233e-06,0.001,2.2729063743934853e-06,3.955863643192581e-06,,,,,10240,,1024,,,,,,,,,,,,,,,,,
test_mcopy,besu,MCOPY,presets[memory_mcopy],3773,9.597356539140106,0.001,0.9610246478489989,0.9610143123008283,5.100096333548802e-05,0.001,5.06916971155873e-05,5.136010407069867e-05,,,,,1048576,,1024,,,,,,,,,,,,,,,,,
test_mcopy,erigon,MCOPY,presets[memory_mcopy],253,11.62857100381194,0.001,0.8536820817727993,0.8530991418595435,8.55013925759044e-06,0.001,8.018306749877984e-06,9.025485068008476e-06,,,,,1048576,,1024,,,,,,,,,,,,,,,,,
test_mcopy,ethrex,MCOPY,presets[memory_mcopy],1606,3.7627941870591486,0.001,0.7475793122011597,0.7474219426950507,4.187596055257888e-06,0.001,4.054169196607106e-06,4.317332957126297e-06,,,,,1048576,,1024,,,,,,,,,,,,,,,,,
test_mcopy,geth,MCOPY,presets[memory_mcopy],4224,7.580922631062261,0.001,0.45468395988577515,0.45455479928887454,1.3621421616770502e-05,0.001,1.3134968715128689e-05,1.4067604413706412e-05,,,,,1048576,,1024,,,,,,,,,,,,,,,,,
test_mcopy,nethermind,MCOPY,presets[memory_mcopy],1177,3.5856074957767623,0.001,0.9597429115602266,0.9597086502083629,1.655064515265525e-05,0.001,1.636029362959366e-05,1.676408976691228e-05,,,,,1048576,,1024,,,,,,,,,,,,,,,,,
test_mcopy,reth,MCOPY,presets[memory_mcopy],99,3.2161046406410505,0.001,0.5223764090844905,0.5174524545389697,2.7402755503173903e-06,0.001,2.3664829901724534e-06,3.178630829242628e-06,,,,,1048576,,1024,,,,,,,,,,,,,,,,,
test_mcopy,besu,MCOPY,presets[memory_mcopy],3773,10.681140204001455,0.001,0.9600431075320786,0.9600325116974278,5.002476448441463e-05,0.001,4.970349402131381e-05,5.0357067257190186e-05,,,,,256,,1024,,,,,,,,,,,,,,,,,
test_mcopy,erigon,MCOPY,presets[memory_mcopy],253,12.942942689045603,0.001,0.8633371089904628,0.8627926353211021,7.873999177806556e-06,0.001,7.375146165634361e-06,8.281039836983205e-06,,,,,256,,1024,,,,,,,,,,,,,,,,,
test_mcopy,ethrex,MCOPY,presets[memory_mcopy],1606,3.7906658973327594,0.001,0.7731904508396001,0.7730490483775301,4.088387410584428e-06,0.001,3.9669342891014325e-06,4.210577483089723e-06,,,,,256,,1024,,,,,,,,,,,,,,,,,
test_mcopy,geth,MCOPY,presets[memory_mcopy],4224,8.241739525597149,0.001,0.6435348674708705,0.6434504370747244,1.2150121517675214e-05,0.001,1.185096365006773e-05,1.245176910146061e-05,,,,,256,,1024,,,,,,,,,,,,,,,,,
test_mcopy,nethermind,MCOPY,presets[memory_mcopy],1177,3.5538860212603613,0.001,0.9593478264319881,0.9593132288374622,1.6545640619498585e-05,0.001,1.6330016667913602e-05,1.6740068555997104e-05,,,,,256,,1024,,,,,,,,,,,,,,,,,
test_mcopy,reth,MCOPY,presets[memory_mcopy],99,2.9146512414919092,0.001,0.659575260162149,0.6560657267617588,2.8176497490091076e-06,0.001,2.446927085525017e-06,3.1770241641041734e-06,,,,,256,,1024,,,,,,,,,,,,,,,,,
test_mcopy,besu,MCOPY,presets[memory_mcopy],3773,10.72149050706388,0.001,0.9595031286671782,0.9594923896400415,4.991209330399885e-05,0.001,4.9597191847922436e-05,5.0234733065694234e-05,,,,,32,,1024,,,,,,,,,,,,,,,,,
test_mcopy,erigon,MCOPY,presets[memory_mcopy],253,11.745965019460717,0.001,0.8756862347084252,0.8751909607431201,8.394919457466886e-06,0.001,7.97562245719696e-06,8.839675744306395e-06,,,,,32,,1024,,,,,,,,,,,,,,,,,
test_mcopy,ethrex,MCOPY,presets[memory_mcopy],1606,3.9593790032021343,0.001,0.7494430635583869,0.7492868559920267,4.019448186814392e-06,0.001,3.896763646056132e-06,4.134350076578765e-06,,,,,32,,1024,,,,,,,,,,,,,,,,,
test_mcopy,geth,MCOPY,presets[memory_mcopy],4224,9.179407285555241,0.001,0.6032574050879634,0.6031634347907318,1.168411627916556e-05,0.001,1.1376392832173784e-05,1.2001505541192905e-05,,,,,32,,1024,,,,,,,,,,,,,,,,,
test_mcopy,nethermind,MCOPY,presets[memory_mcopy],1177,3.4777447340179686,0.001,0.9620878298368282,0.9620555641600935,1.6558485142945443e-05,0.001,1.6362445729813383e-05,1.6753602663490917e-05,,,,,32,,1024,,,,,,,,,,,,,,,,,
test_mcopy,reth,MCOPY,presets[memory_mcopy],99,3.7268635906279037,0.001,0.5017873282510934,0.49665111514027993,2.5374138340976176e-06,0.001,2.120613252735485e-06,3.0337238919571475e-06,,,,,32,,1024,,,,,,,,,,,,,,,,,
test_mcopy,besu,MCOPY,presets[memory_mcopy],3773,31.856390922327364,0.001,0.724419135043269,0.7243460560549485,2.0691145337083638e-05,0.001,2.0280845245724414e-05,2.1079886992410018e-05,,,,,0,,256,,,,,,,,,,,,,,,,,
test_mcopy,erigon,MCOPY,presets[memory_mcopy],253,20.52468764915004,0.001,0.8497235333550097,0.8491248223325197,7.520108352408587e-06,0.001,7.055745290666555e-06,7.98251921740061e-06,,,,,0,,256,,,,,,,,,,,,,,,,,
test_mcopy,ethrex,MCOPY,presets[memory_mcopy],1606,8.215456745925815,0.001,0.7956466799984393,0.7955192776792364,3.924592387503627e-06,0.001,3.818999483534327e-06,4.028775894621266e-06,,,,,0,,256,,,,,,,,,,,,,,,,,
test_mcopy,geth,MCOPY,presets[memory_mcopy],4224,20.3547837714784,0.001,0.7457499620560843,0.7456897417723458,1.1162694473459707e-05,0.001,1.093873597276286e-05,1.1391165845927379e-05,,,,,0,,256,,,,,,,,,,,,,,,,,
test_mcopy,nethermind,MCOPY,presets[memory_mcopy],1177,5.0894185827061635,0.001,0.9196415721628207,0.9195731820114699,1.6457551085891884e-05,0.001,1.617306302593853e-05,1.673082951972874e-05,,,,,0,,256,,,,,,,,,,,,,,,,,
test_mcopy,reth,MCOPY,presets[memory_mcopy],99,6.254100551452232,0.001,0.7708014814057912,0.7684386100800777,3.112152674078417e-06,0.001,2.798444756516074e-06,3.4700628960039223e-06,,,,,0,,256,,,,,,,,,,,,,,,,,
test_mcopy,besu,MCOPY,presets[memory_mcopy],3773,18.056622756227114,0.001,0.7385591110796086,0.7384897817534563,2.4332771883025114e-05,0.001,2.386724601216699e-05,2.4815754616995e-05,,,,,1024,,256,,,,,,,,,,,,,,,,,
test_mcopy,erigon,MCOPY,presets[memory_mcopy],253,26.300705016447406,0.001,0.2035902850840957,0.20041733801271755,6.6626388027728476e-06,0.001,4.680439867045935e-06,7.654629099193849e-06,,,,,1024,,256,,,,,,,,,,,,,,,,,
test_mcopy,ethrex,MCOPY,presets[memory_mcopy],1606,8.02858769655153,0.001,0.7829958642968952,0.7828605749354842,3.931144739879064e-06,0.001,3.822003406336321e-06,4.0355060445742045e-06,,,,,1024,,256,,,,,,,,,,,,,,,,,
test_mcopy,geth,MCOPY,presets[memory_mcopy],4224,20.800050413371338,0.001,0.7412585190859733,0.7411972349834356,1.1038727323558934e-05,0.001,1.0831056623343653e-05,1.1253459346636437e-05,,,,,1024,,256,,,,,,,,,,,,,,,,,
test_mcopy,nethermind,MCOPY,presets[memory_mcopy],1177,4.2804658468988155,0.001,0.9627778136468123,0.9627461351903415,1.6563143913324404e-05,0.001,1.6370035817683882e-05,1.6754157315816965e-05,,,,,1024,,256,,,,,,,,,,,,,,,,,
test_mcopy,reth,MCOPY,presets[memory_mcopy],99,4.207615916664543,0.001,0.8259434935279498,0.8241490965540111,3.5959586955240747e-06,0.001,3.238914463116944e-06,3.91543383256711e-06,,,,,1024,,256,,,,,,,,,,,,,,,,,
test_mcopy,besu,MCOPY,presets[memory_mcopy],3773,31.388668609372353,0.001,0.7133168754398376,0.713240852336003,2.1163328695864804e-05,0.001,2.075788429639656e-05,2.157468146176285e-05,,,,,10240,,256,,,,,,,,,,,,,,,,,
test_mcopy,erigon,MCOPY,presets[memory_mcopy],253,20.01925788813775,0.001,0.3064148625838242,0.30365157518375985,7.789054983527791e-06,0.001,7.3324156919430955e-06,8.439725757228288e-06,,,,,10240,,256,,,,,,,,,,,,,,,,,
test_mcopy,ethrex,MCOPY,presets[memory_mcopy],1606,7.393760336320668,0.001,0.809093507668989,0.8089744886588076,4.020957284697995e-06,0.001,3.918530428663175e-06,4.124092716002949e-06,,,,,10240,,256,,,,,,,,,,,,,,,,,
test_mcopy,geth,MCOPY,presets[memory_mcopy],4224,20.38061153577467,0.001,0.7491185326825174,0.7490591102601305,1.1064761472735528e-05,0.001,1.0867474528064272e-05,1.1265643622681943e-05,,,,,10240,,256,,,,,,,,,,,,,,,,,
test_mcopy,nethermind,MCOPY,presets[memory_mcopy],1177,4.043095490325611,0.001,0.9390991003111704,0.9390472697582437,1.664927590870711e-05,0.001,1.63665080656436e-05,1.6975977948735728e-05,,,,,10240,,256,,,,,,,,,,,,,,,,,
test_mcopy,reth,MCOPY,presets[memory_mcopy],99,7.411164403853766,0.001,0.6504103857844139,0.6468063691430161,2.987705017704671e-06,0.001,2.5748847594746468e-06,3.4358254467098873e-06,,,,,10240,,256,,,,,,,,,,,,,,,,,
test_mcopy,besu,MCOPY,presets[memory_mcopy],3773,31.525488331459645,0.001,0.7030289646703904,0.702950213401409,2.0262603526111682e-05,0.001,1.9859529417566902e-05,2.0693880603596424e-05,,,,,1048576,,256,,,,,,,,,,,,,,,,,
test_mcopy,erigon,MCOPY,presets[memory_mcopy],253,18.27281420644508,0.001,0.2465375249431232,0.24353568241301615,8.064888047867074e-06,0.001,7.259822060988504e-06,9.418656544428257e-06,,,,,1048576,,256,,,,,,,,,,,,,,,,,
test_mcopy,ethrex,MCOPY,presets[memory_mcopy],1606,7.201026009167204,0.001,0.8082786884371005,0.8081591614348792,4.064740494259644e-06,0.001,3.957456274121604e-06,4.17975810492146e-06,,,,,1048576,,256,,,,,,,,,,,,,,,,,
test_mcopy,geth,MCOPY,presets[memory_mcopy],4224,17.648921970097245,0.001,0.6795253495849221,0.6794494436989876,1.1933719453961932e-05,0.001,1.1658609967856998e-05,1.2201594812566339e-05,,,,,1048576,,256,,,,,,,,,,,,,,,,,
test_mcopy,nethermind,MCOPY,presets[memory_mcopy],1177,4.340911160905089,0.001,0.9638459238118386,0.9638151543852955,1.657149444163071e-05,0.001,1.6384205877777328e-05,1.6758870319294092e-05,,,,,1048576,,256,,,,,,,,,,,,,,,,,
test_mcopy,reth,MCOPY,presets[memory_mcopy],99,7.173288045798368,0.001,0.5624356287468465,0.5579246558473294,2.9846455055412117e-06,0.001,2.3723995711533877e-06,3.513650991162643e-06,,,,,1048576,,256,,,,,,,,,,,,,,,,,
test_mcopy,besu,MCOPY,presets[memory_mcopy],3773,32.44253577766878,0.001,0.7228463439531753,0.7227728478895192,2.0573298060749636e-05,0.001,2.0195536537437416e-05,2.097683570396566e-05,,,,,256,,256,,,,,,,,,,,,,,,,,
test_mcopy,erigon,MCOPY,presets[memory_mcopy],253,18.197955658106423,0.001,0.30365781104711453,0.3008835393779795,8.142677246150486e-06,0.001,7.155473350007392e-06,9.921380012849268e-06,,,,,256,,256,,,,,,,,,,,,,,,,,
test_mcopy,ethrex,MCOPY,presets[memory_mcopy],1606,7.559299436564376,0.001,0.8068705460878437,0.8067501411913898,4.040630221849492e-06,0.001,3.942831815596282e-06,4.146827536565853e-06,,,,,256,,256,,,,,,,,,,,,,,,,,
test_mcopy,geth,MCOPY,presets[memory_mcopy],4224,19.21330887481933,0.001,0.7551318718453834,0.755073873709866,1.1363977583886254e-05,0.001,1.1149234654576258e-05,1.1584570731072455e-05,,,,,256,,256,,,,,,,,,,,,,,,,,
test_mcopy,nethermind,MCOPY,presets[memory_mcopy],1177,4.459605308160675,0.001,0.961776239795419,0.9617437089356704,1.6548945177390193e-05,0.001,1.634713805394478e-05,1.6743446881200758e-05,,,,,256,,256,,,,,,,,,,,,,,,,,
test_mcopy,reth,MCOPY,presets[memory_mcopy],99,8.444195147835178,0.001,0.661253939371591,0.6577617119424322,2.7688496469087083e-06,0.001,2.4112080375227347e-06,3.1502151162483858e-06,,,,,256,,256,,,,,,,,,,,,,,,,,
test_mcopy,besu,MCOPY,presets[memory_mcopy],3773,31.575235615405294,0.001,0.7212586107361276,0.7211846936347583,2.0770323707791274e-05,0.001,2.0329981366699474e-05,2.123950145832591e-05,,,,,32,,256,,,,,,,,,,,,,,,,,
test_mcopy,erigon,MCOPY,presets[memory_mcopy],253,23.195092390892754,0.001,0.17940436527197334,0.17613505995433187,7.28261479164583e-06,0.001,6.505371238329962e-06,7.872470684854828e-06,,,,,32,,256,,,,,,,,,,,,,,,,,
test_mcopy,ethrex,MCOPY,presets[memory_mcopy],1606,8.014612391625239,0.001,0.7974579408061243,0.7973316677018887,3.976994148303945e-06,0.001,3.867679169754218e-06,4.0794737175763576e-06,,,,,32,,256,,,,,,,,,,,,,,,,,
test_mcopy,geth,MCOPY,presets[memory_mcopy],4224,19.637489824278738,0.001,0.7542587866777244,0.7542005817479939,1.1223208105063813e-05,0.001,1.1028024100175479e-05,1.1451464299929498e-05,,,,,32,,256,,,,,,,,,,,,,,,,,
test_mcopy,nethermind,MCOPY,presets[memory_mcopy],1177,4.368617722599578,0.001,0.9632121428186942,0.9631808340040717,1.655794561592946e-05,0.001,1.6376684965160106e-05,1.6748414571873524e-05,,,,,32,,256,,,,,,,,,,,,,,,,,
test_mcopy,reth,MCOPY,presets[memory_mcopy],99,6.42138459748484,0.001,0.6968053253698643,0.6936796070747082,3.157538139948969e-06,0.001,2.725750994082534e-06,3.622348581420689e-06,,,,,32,,256,,,,,,,,,,,,,,,,,
test_mcopy,besu,MCOPY,presets[memory_mcopy],3773,68.50977276900856,0.001,0.6559514893424739,0.655860253990934,1.8733413144825315e-05,0.001,1.8306156619863797e-05,1.9171557645066398e-05,,,,,0,,32,,,,,,,,,,,,,,,,,
test_mcopy,erigon,MCOPY,presets[memory_mcopy],253,21.989026557713263,0.001,0.7176769049606686,0.7165521117533407,7.627854680018543e-06,0.001,7.337041495473803e-06,7.92746314393256e-06,,,,,0,,32,,,,,,,,,,,,,,,,,
test_mcopy,ethrex,MCOPY,presets[memory_mcopy],1606,14.395454075458408,0.001,0.804641344551454,0.8045195498784811,3.382560215373744e-06,0.001,3.295826396022248e-06,3.4670780998822078e-06,,,,,0,,32,,,,,,,,,,,,,,,,,
test_mcopy,geth,MCOPY,presets[memory_mcopy],4224,44.68201423973996,0.001,0.7911894385117819,0.7911399807757591,1.052184998846573e-05,0.001,1.0330319198251567e-05,1.0722960245551913e-05,,,,,0,,32,,,,,,,,,,,,,,,,,
test_mcopy,nethermind,MCOPY,presets[memory_mcopy],1177,5.666390205053429,0.001,0.9577172878404584,0.9576813025535141,1.6006031366147305e-05,0.001,1.5808335893784234e-05,1.6203795006184986e-05,,,,,0,,32,,,,,,,,,,,,,,,,,
test_mcopy,reth,MCOPY,presets[memory_mcopy],99,11.240131298724299,0.001,0.6881557558349984,0.6849408667198953,2.4134397819606796e-06,0.001,2.1354619660373347e-06,2.679351267689324e-06,,,,,0,,32,,,,,,,,,,,,,,,,,
test_mcopy,besu,MCOPY,presets[memory_mcopy],3773,70.34288539686649,0.001,0.651815774367535,0.6517234423002763,1.8540894764959413e-05,0.001,1.8123335642190476e-05,1.898349510562292e-05,,,,,1024,,32,,,,,,,,,,,,,,,,,
test_mcopy,erigon,MCOPY,presets[memory_mcopy],253,20.64955424998823,0.001,0.6987044436896144,0.6975040629871825,7.764007421812809e-06,0.001,7.384408373783641e-06,8.301527145291288e-06,,,,,1024,,32,,,,,,,,,,,,,,,,,
test_mcopy,ethrex,MCOPY,presets[memory_mcopy],1606,14.350179931282263,0.001,0.792328055196428,0.792198583909144,3.4297071054498293e-06,0.001,3.335201657329954e-06,3.516603489491068e-06,,,,,1024,,32,,,,,,,,,,,,,,,,,
test_mcopy,geth,MCOPY,presets[memory_mcopy],4224,42.66085181767138,0.001,0.7942913456762118,0.7942426226410807,1.0691278702227815e-05,0.001,1.0509898070032791e-05,1.0874098263874462e-05,,,,,1024,,32,,,,,,,,,,,,,,,,,
test_mcopy,nethermind,MCOPY,presets[memory_mcopy],1177,6.02647741532332,0.001,0.9525080548432759,0.9524676361665468,1.599340861930885e-05,0.001,1.5749380402160514e-05,1.622349878043427e-05,,,,,1024,,32,,,,,,,,,,,,,,,,,
test_mcopy,reth,MCOPY,presets[memory_mcopy],99,10.682156735101469,0.001,0.7739150209871778,0.7715842480076641,2.4882640179773902e-06,0.001,2.2129174803646853e-06,2.754055933594465e-06,,,,,1024,,32,,,,,,,,,,,,,,,,,
test_mcopy,besu,MCOPY,presets[memory_mcopy],3773,70.13183348500466,0.001,0.6500528775044927,0.6499600779493362,1.8569522954640612e-05,0.001,1.8133993290801275e-05,1.899899846588682e-05,,,,,10240,,32,,,,,,,,,,,,,,,,,
test_mcopy,erigon,MCOPY,presets[memory_mcopy],253,22.929982453196747,0.001,0.5098843733272524,0.5079317214281578,7.719336030123132e-06,0.001,7.388391625461555e-06,8.068517320058962e-06,,,,,10240,,32,,,,,,,,,,,,,,,,,
test_mcopy,ethrex,MCOPY,presets[memory_mcopy],1606,15.162738490839283,0.001,0.7978221024844663,0.797696056413696,3.380672740817373e-06,0.001,3.294039036091464e-06,3.472445069369333e-06,,,,,10240,,32,,,,,,,,,,,,,,,,,
test_mcopy,geth,MCOPY,presets[memory_mcopy],4224,42.8754679001829,0.001,0.7966264346442725,0.7965782646856379,1.06333559985976e-05,0.001,1.0457569424815514e-05,1.0802363357588966e-05,,,,,10240,,32,,,,,,,,,,,,,,,,,
test_mcopy,nethermind,MCOPY,presets[memory_mcopy],1177,5.9667455377716685,0.001,0.951426262801806,0.951384923450999,1.601114669534696e-05,0.001,1.5794085433779732e-05,1.6236365293475842e-05,,,,,10240,,32,,,,,,,,,,,,,,,,,
test_mcopy,reth,MCOPY,presets[memory_mcopy],99,10.486486845351166,0.001,0.7590264050079152,0.7565421411420175,2.466750062121442e-06,0.001,2.182880716893384e-06,2.78831333321681e-06,,,,,10240,,32,,,,,,,,,,,,,,,,,
test_mcopy,besu,MCOPY,presets[memory_mcopy],3773,64.72554770775005,0.001,0.649893942990124,0.6498011012884508,1.8370426321345866e-05,0.001,1.7915077888545884e-05,1.8801421927479278e-05,,,,,1048576,,32,,,,,,,,,,,,,,,,,
test_mcopy,erigon,MCOPY,presets[memory_mcopy],253,28.852403557510677,0.001,0.6050816484990893,0.6035082686126315,6.974728536569157e-06,0.001,5.930213010996459e-06,7.5718525807941e-06,,,,,1048576,,32,,,,,,,,,,,,,,,,,
test_mcopy,ethrex,MCOPY,presets[memory_mcopy],1606,14.327135900539117,0.001,0.7869625591018923,0.7868297427422302,3.3403214524910266e-06,0.001,3.245279043052692e-06,3.4284832291798055e-06,,,,,1048576,,32,,,,,,,,,,,,,,,,,
test_mcopy,geth,MCOPY,presets[memory_mcopy],4224,38.07234072914027,0.001,0.768866028573271,0.7688112834355574,1.1069527854594582e-05,0.001,1.0853336562740049e-05,1.1284927917050081e-05,,,,,1048576,,32,,,,,,,,,,,,,,,,,
test_mcopy,nethermind,MCOPY,presets[memory_mcopy],1177,6.083806439221831,0.001,0.9581219215390054,0.9580862806211663,1.594923801785557e-05,0.001,1.5739511113746578e-05,1.6160749444160022e-05,,,,,1048576,,32,,,,,,,,,,,,,,,,,
test_mcopy,reth,MCOPY,presets[memory_mcopy],99,10.101510271680215,0.001,0.7193594172353048,0.7164662153511328,2.456915812111665e-06,0.001,2.1490440531383905e-06,2.79270715688685e-06,,,,,1048576,,32,,,,,,,,,,,,,,,,,
test_mcopy,besu,MCOPY,presets[memory_mcopy],3773,69.34141383348751,0.001,0.6511330343604524,0.6510405212430725,1.8576011206789995e-05,0.001,1.8115097021497785e-05,1.9002981743374267e-05,,,,,256,,32,,,,,,,,,,,,,,,,,
test_mcopy,erigon,MCOPY,presets[memory_mcopy],253,20.743239600222182,0.001,0.9531947265291252,0.9530082513360141,7.6135410556958295e-06,0.001,7.408882658848383e-06,7.803122055700824e-06,,,,,256,,32,,,,,,,,,,,,,,,,,
test_mcopy,ethrex,MCOPY,presets[memory_mcopy],1606,14.323261136993986,0.001,0.8080131805744278,0.8078934880436139,3.3892181541962623e-06,0.001,3.3036910838584994e-06,3.475508381179656e-06,,,,,256,,32,,,,,,,,,,,,,,,,,
test_mcopy,geth,MCOPY,presets[memory_mcopy],4224,45.870726508221466,0.001,0.7820197734115537,0.7819681437984347,1.044530523295633e-05,0.001,1.0256335106665966e-05,1.061789959248339e-05,,,,,256,,32,,,,,,,,,,,,,,,,,
test_mcopy,nethermind,MCOPY,presets[memory_mcopy],1177,5.938936553715745,0.001,0.9587717871216489,0.9587366992809013,1.5972901496488782e-05,0.001,1.5778023690533178e-05,1.6169999944535916e-05,,,,,256,,32,,,,,,,,,,,,,,,,,
test_mcopy,reth,MCOPY,presets[memory_mcopy],99,12.612769126074713,0.001,0.771209130870976,0.7688504621170685,2.3616224421058265e-06,0.001,2.102807237274272e-06,2.6192093300531704e-06,,,,,256,,32,,,,,,,,,,,,,,,,,
test_mcopy,besu,MCOPY,presets[memory_mcopy],3773,68.89858660579748,0.001,0.6560833747374102,0.6559921743594568,1.869816417841625e-05,0.001,1.8235903183699157e-05,1.910028211756479e-05,,,,,32,,32,,,,,,,,,,,,,,,,,
test_mcopy,erigon,MCOPY,presets[memory_mcopy],253,28.420732533704548,0.001,0.6457349115725903,0.6443234968776604,7.153316445037558e-06,0.001,6.403254826419591e-06,7.635098701397655e-06,,,,,32,,32,,,,,,,,,,,,,,,,,
test_mcopy,ethrex,MCOPY,presets[memory_mcopy],1606,14.627265098100292,0.001,0.8028997164844555,0.8027768360084483,3.3640073153076875e-06,0.001,3.2838247863047833e-06,3.45050962961127e-06,,,,,32,,32,,,,,,,,,,,,,,,,,
test_mcopy,geth,MCOPY,presets[memory_mcopy],4224,43.2309103035859,0.001,0.7877990541010721,0.7877487933370032,1.066201052532681e-05,0.001,1.0491027241589274e-05,1.0834876801172201e-05,,,,,32,,32,,,,,,,,,,,,,,,,,
test_mcopy,nethermind,MCOPY,presets[memory_mcopy],1177,5.892818548685841,0.001,0.9603822811074737,0.9603485638999056,1.5980456367354974e-05,0.001,1.5798726845054298e-05,1.6182470395008117e-05,,,,,32,,32,,,,,,,,,,,,,,,,,
test_mcopy,reth,MCOPY,presets[memory_mcopy],99,14.21994231732774,0.001,0.6331414668307033,0.6293594200969992,2.203810732404826e-06,0.001,1.8849599604520784e-06,2.5379880638294995e-06,,,,,32,,32,,,,,,,,,,,,,,,,,
test_memory_access,besu,MLOAD,presets[memory_mload],3773,78.61968246632827,0.001,0.6021450596963076,0.6020395558670041,1.1009286913707198e-05,0.001,1.0717339220387019e-05,1.1305327971747533e-05,,,,,0,,,,,,,,,,,,,,,,,,,
test_memory_access,erigon,MLOAD,presets[memory_mload],253,25.329533658899933,0.001,0.6424421838457959,0.6410176507137074,4.772463461504099e-06,0.001,4.227284941107025e-06,5.218918602321168e-06,,,,,0,,,,,,,,,,,,,,,,,,,
test_memory_access,ethrex,MLOAD,presets[memory_mload],1606,13.016832325748481,0.001,0.7986944682560589,0.7985689660542236,1.6555327124317608e-06,0.001,1.6127758216461948e-06,1.6978177701255406e-06,,,,,0,,,,,,,,,,,,,,,,,,,
test_memory_access,geth,MLOAD,presets[memory_mload],4224,46.31794918727021,0.001,0.7876237210822594,0.7875734187897635,6.484751885693571e-06,0.001,6.371779530970505e-06,6.599484370675221e-06,,,,,0,,,,,,,,,,,,,,,,,,,
test_memory_access,nethermind,MLOAD,presets[memory_mload],1177,13.290067518771565,0.001,0.6556213485211057,0.655328260307081,1.7221498986650542e-06,0.001,1.672873331131653e-06,1.7739257475097501e-06,,,,,0,,,,,,,,,,,,,,,,,,,
test_memory_access,reth,MLOAD,presets[memory_mload],99,19.302954720606387,0.001,0.47747422991746036,0.472087366308362,1.5225505717825934e-06,0.001,1.1662283826311018e-06,1.8982914471988142e-06,,,,,0,,,,,,,,,,,,,,,,,,,
test_memory_access,besu,MLOAD,presets[memory_mload],3773,76.4068626045096,0.001,0.5961092668444101,0.5960021624336025,1.1318348480528382e-05,0.001,1.1008994046091995e-05,1.161151365352684e-05,,,,,1024,,,,,,,,,,,,,,,,,,,
test_memory_access,erigon,MLOAD,presets[memory_mload],253,23.23401544002145,0.001,0.9395423222924916,0.939301455050629,4.80048940631824e-06,0.001,4.633001889867067e-06,4.940497820590646e-06,,,,,1024,,,,,,,,,,,,,,,,,,,
test_memory_access,ethrex,MLOAD,presets[memory_mload],1606,13.204572101114724,0.001,0.8090555546814611,0.8089365120098161,1.6582750784642313e-06,0.001,1.6184686183129333e-06,1.6990857814769346e-06,,,,,1024,,,,,,,,,,,,,,,,,,,
test_memory_access,geth,MLOAD,presets[memory_mload],4224,45.324551197849054,0.001,0.7937478495634154,0.7936989977987454,6.610097579871293e-06,0.001,6.500463794224943e-06,6.72076507884681e-06,,,,,1024,,,,,,,,,,,,,,,,,,,
test_memory_access,nethermind,MLOAD,presets[memory_mload],1177,12.966917750191023,0.001,0.5177177434735414,0.5173072904892635,1.7539300633790461e-06,0.001,1.6492240786382774e-06,1.8692417545070378e-06,,,,,1024,,,,,,,,,,,,,,,,,,,
test_memory_access,reth,MLOAD,presets[memory_mload],99,27.497691273409544,0.001,0.33024455201716285,0.3233398566771335,1.547114957784769e-06,0.001,1.1689849073243759e-06,1.955372726808518e-06,,,,,1024,,,,,,,,,,,,,,,,,,,
test_memory_access,besu,MLOAD,presets[memory_mload],3773,77.02013636429301,0.001,0.5900451542388321,0.5899364417366414,1.1322040924375159e-05,0.001,1.104485819710645e-05,1.1612891055725162e-05,,,,,10240,,,,,,,,,,,,,,,,,,,
test_memory_access,erigon,MLOAD,presets[memory_mload],253,18.179515536741782,0.001,0.6441038878008487,0.6426859750032425,5.1046049516648015e-06,0.001,4.766853994210179e-06,5.5666125461249126e-06,,,,,10240,,,,,,,,,,,,,,,,,,,
test_memory_access,ethrex,MLOAD,presets[memory_mload],1606,12.171850516881577,0.001,0.8016494629438466,0.8015258030080261,1.7305472714795376e-06,0.001,1.6877411048334626e-06,1.7731800328575372e-06,,,,,10240,,,,,,,,,,,,,,,,,,,
test_memory_access,geth,MLOAD,presets[memory_mload],4224,45.58724702051393,0.001,0.7738605244122214,0.7738069622436786,6.604473245133837e-06,0.001,6.492190868486392e-06,6.711633033359136e-06,,,,,10240,,,,,,,,,,,,,,,,,,,
test_memory_access,nethermind,MLOAD,presets[memory_mload],1177,13.643331679457416,0.001,0.7162581628960996,0.7160166804815431,1.7088142784828303e-06,0.001,1.6392001582593224e-06,1.7816866835704707e-06,,,,,10240,,,,,,,,,,,,,,,,,,,
test_memory_access,reth,MLOAD,presets[memory_mload],99,23.800490769040042,0.001,0.4123341831388345,0.4062757726557298,1.7277291915382724e-06,0.001,1.3247317131789306e-06,2.209561163439595e-06,,,,,10240,,,,,,,,,,,,,,,,,,,
test_memory_access,besu,MLOAD,presets[memory_mload],3773,57.24821248678678,0.001,0.6241679459411202,0.6240682821771163,1.2473448882896496e-05,0.001,1.2149128469015921e-05,1.2775177907393816e-05,,,,,256,,,,,,,,,,,,,,,,,,,
test_memory_access,erigon,MLOAD,presets[memory_mload],253,22.89166769964195,0.001,0.9335423585104795,0.9332775870304416,4.786310349658679e-06,0.001,4.6266639621608385e-06,4.940232819648445e-06,,,,,256,,,,,,,,,,,,,,,,,,,
test_memory_access,ethrex,MLOAD,presets[memory_mload],1606,12.25304481295906,0.001,0.8144835658452495,0.8143679072204648,1.7339116203133203e-06,0.001,1.6892640052498216e-06,1.783593341602826e-06,,,,,256,,,,,,,,,,,,,,,,,,,
test_memory_access,geth,MLOAD,presets[memory_mload],4224,45.93717984919543,0.001,0.7917629181018069,0.7917135961970465,6.624450283768103e-06,0.001,6.515875745773937e-06,6.745196962521058e-06,,,,,256,,,,,,,,,,,,,,,,,,,
test_memory_access,nethermind,MLOAD,presets[memory_mload],1177,14.346081600080701,0.001,0.7063570279065692,0.7061071189941492,1.6914861530831893e-06,0.001,1.6331152583441772e-06,1.751313148204775e-06,,,,,256,,,,,,,,,,,,,,,,,,,
test_memory_access,reth,MLOAD,presets[memory_mload],99,31.328190660346845,0.001,0.3060951082136927,0.2989414495354833,1.663710041762533e-06,0.001,1.2065508024170914e-06,2.173202738720173e-06,,,,,256,,,,,,,,,,,,,,,,,,,
test_memory_access,besu,MLOAD,presets[memory_mload],3773,77.97350103253906,0.001,0.599300563888437,0.5991943057510434,1.108228973204147e-05,0.001,1.080494924941573e-05,1.1375499696509182e-05,,,,,32,,,,,,,,,,,,,,,,,,,
test_memory_access,erigon,MLOAD,presets[memory_mload],253,24.040552308994414,0.001,0.5541367273129352,0.5523603796129867,4.89657243602744e-06,0.001,4.332388987385842e-06,5.602295954421312e-06,,,,,32,,,,,,,,,,,,,,,,,,,
test_memory_access,ethrex,MLOAD,presets[memory_mload],1606,12.973282331089749,0.001,0.816939821512027,0.8168256942187053,1.6581556124323343e-06,0.001,1.6168332256615864e-06,1.6980125421173527e-06,,,,,32,,,,,,,,,,,,,,,,,,,
test_memory_access,geth,MLOAD,presets[memory_mload],4224,47.95837540498661,0.001,0.765033107476624,0.7649774544940273,6.554407171161389e-06,0.001,6.433943967722866e-06,6.671444749555225e-06,,,,,32,,,,,,,,,,,,,,,,,,,
test_memory_access,nethermind,MLOAD,presets[memory_mload],1177,13.291077129686276,0.001,0.8221255157491103,0.8219741332093223,1.7241814995895854e-06,0.001,1.6790446621007312e-06,1.7671580844468791e-06,,,,,32,,,,,,,,,,,,,,,,,,,
test_memory_access,reth,MLOAD,presets[memory_mload],99,15.771644973104465,0.001,0.4862867097849016,0.48099069648371506,1.5942095025080324e-06,0.001,1.263820301383859e-06,1.927269228858312e-06,,,,,32,,,,,,,,,,,,,,,,,,,
test_memory_access,besu,MSTORE,presets[memory_mstore],3773,104.42356633238849,0.001,0.8069159262605023,0.8068647239073494,1.647370940276998e-05,0.001,1.6187100191839928e-05,1.673643882242128e-05,,,,,0,,,,,,,,,,,,,,,,,,,
test_memory_access,erigon,MSTORE,presets[memory_mstore],253,23.972117535614977,0.001,0.9503195413951263,0.9501216112811627,5.980549057520675e-06,0.001,5.817030631556974e-06,6.128900356892773e-06,,,,,0,,,,,,,,,,,,,,,,,,,
test_memory_access,ethrex,MSTORE,presets[memory_mstore],1606,12.208406010434736,0.001,0.7800094296761928,0.7798722784478114,1.7566498078181152e-06,0.001,1.7132803341035133e-06,1.8002159753438917e-06,,,,,0,,,,,,,,,,,,,,,,,,,
test_memory_access,geth,MSTORE,presets[memory_mstore],4224,53.66187935891351,0.001,0.8041252184265575,0.8040788245891407,7.761115116527671e-06,0.001,7.63835065564831e-06,7.89115224170516e-06,,,,,0,,,,,,,,,,,,,,,,,,,
test_memory_access,nethermind,MSTORE,presets[memory_mstore],1177,14.27381865211271,0.001,0.8246714152752009,0.8245221994584139,2.036040588400546e-06,0.001,1.974712405990585e-06,2.095153893527727e-06,,,,,0,,,,,,,,,,,,,,,,,,,
test_memory_access,reth,MSTORE,presets[memory_mstore],99,11.85637610232627,0.001,0.7518837527740616,0.7493258533181241,1.471885331606992e-06,0.001,1.325372382109154e-06,1.6342813847627335e-06,,,,,0,,,,,,,,,,,,,,,,,,,
test_memory_access,besu,MSTORE,presets[memory_mstore],3773,105.87706042884561,0.001,0.8031268071111783,0.8030745999531596,1.6355642716615035e-05,0.001,1.6098128550530508e-05,1.6616395572980166e-05,,,,,1024,,,,,,,,,,,,,,,,,,,
test_memory_access,erigon,MSTORE,presets[memory_mstore],253,24.42094380506647,0.001,0.5750504668214389,0.573357440792839,6.131676967508765e-06,0.001,5.859777156940778e-06,6.48829316931443e-06,,,,,1024,,,,,,,,,,,,,,,,,,,
test_memory_access,ethrex,MSTORE,presets[memory_mstore],1606,11.8661250012167,0.001,0.8075715500062836,0.8074515821446915,1.776047876531795e-06,0.001,1.7336421729448264e-06,1.8208197861566932e-06,,,,,1024,,,,,,,,,,,,,,,,,,,
test_memory_access,geth,MSTORE,presets[memory_mstore],4224,53.50335452559579,0.001,0.7734818954683654,0.7734282436198264,7.825424275316022e-06,0.001,7.673855819341416e-06,7.967120600018773e-06,,,,,1024,,,,,,,,,,,,,,,,,,,
test_memory_access,nethermind,MSTORE,presets[memory_mstore],1177,13.756683855106848,0.001,0.7992669615591622,0.7990961249307019,2.0898889084380144e-06,0.001,2.0216488747812163e-06,2.1536391596641156e-06,,,,,1024,,,,,,,,,,,,,,,,,,,
test_memory_access,reth,MSTORE,presets[memory_mstore],99,25.232998496975895,0.001,0.7551642923855073,0.752640212925564,3.568410128568522e-06,0.001,3.146457134331582e-06,3.9862995094939965e-06,,,,,1024,,,,,,,,,,,,,,,,,,,
test_memory_access,besu,MSTORE,presets[memory_mstore],3773,104.31062121117051,0.001,0.8019166872863004,0.8018641592267104,1.645166806924792e-05,0.001,1.6192164440517033e-05,1.6721962612762367e-05,,,,,10240,,,,,,,,,,,,,,,,,,,
test_memory_access,erigon,MSTORE,presets[memory_mstore],253,24.625765884428475,0.001,0.9455334784776066,0.9453164803838919,5.925207197785723e-06,0.001,5.74275187969294e-06,6.089225336766944e-06,,,,,10240,,,,,,,,,,,,,,,,,,,
test_memory_access,ethrex,MSTORE,presets[memory_mstore],1606,11.38449491486613,0.001,0.8263503921998475,0.8262421318458574,1.7807320714521395e-06,0.001,1.7354170412103458e-06,1.8243372402825128e-06,,,,,10240,,,,,,,,,,,,,,,,,,,
test_memory_access,geth,MSTORE,presets[memory_mstore],4224,53.73290259403978,0.001,0.7859725098593238,0.7859218164699016,7.795580395505488e-06,0.001,7.663895701558065e-06,7.940318671366813e-06,,,,,10240,,,,,,,,,,,,,,,,,,,
test_memory_access,nethermind,MSTORE,presets[memory_mstore],1177,14.89079113208089,0.001,0.8276620822315449,0.8275154116632313,2.0147008358054857e-06,0.001,1.956692497963382e-06,2.0734365571718963e-06,,,,,10240,,,,,,,,,,,,,,,,,,,
test_memory_access,reth,MSTORE,presets[memory_mstore],99,22.1246273202021,0.001,0.81826389890815,0.8163903308556567,3.6323238863118292e-06,0.001,3.302024794643467e-06,3.96649509420955e-06,,,,,10240,,,,,,,,,,,,,,,,,,,
test_memory_access,besu,MSTORE,presets[memory_mstore],3773,105.97259832308087,0.001,0.8080128955678402,0.8079619841108175,1.6343731566432303e-05,0.001,1.6085965980071532e-05,1.6590813529059302e-05,,,,,256,,,,,,,,,,,,,,,,,,,
test_memory_access,erigon,MSTORE,presets[memory_mstore],253,20.070752585419182,0.001,0.7847533762151537,0.7838958199450946,6.24855561022961e-06,0.001,5.897045761481013e-06,6.8897889609516604e-06,,,,,256,,,,,,,,,,,,,,,,,,,
test_memory_access,ethrex,MSTORE,presets[memory_mstore],1606,12.639395275825203,0.001,0.8214392854874597,0.8213279633462424,1.7334937605513969e-06,0.001,1.6918384443140804e-06,1.775683944609523e-06,,,,,256,,,,,,,,,,,,,,,,,,,
test_memory_access,geth,MSTORE,presets[memory_mstore],4224,54.814000077553764,0.001,0.7849726607097894,0.7849217305015255,7.74766625419052e-06,0.001,7.616315259737074e-06,7.885999864805031e-06,,,,,256,,,,,,,,,,,,,,,,,,,
test_memory_access,nethermind,MSTORE,presets[memory_mstore],1177,15.266883161156969,0.001,0.5910624067260166,0.5907143747317409,2.026805148268971e-06,0.001,1.941647275139873e-06,2.103002345364677e-06,,,,,256,,,,,,,,,,,,,,,,,,,
test_memory_access,reth,MSTORE,presets[memory_mstore],99,29.33801305124454,0.001,0.7920636547368243,0.7899199810743173,3.393084531705586e-06,0.001,3.031635431819488e-06,3.740559009685766e-06,,,,,256,,,,,,,,,,,,,,,,,,,
test_memory_access,besu,MSTORE,presets[memory_mstore],3773,111.08309681985145,0.001,0.8154103583405548,0.8153614085549119,1.6165786366496447e-05,0.001,1.5930222125574775e-05,1.6414201558996885e-05,,,,,32,,,,,,,,,,,,,,,,,,,
test_memory_access,erigon,MSTORE,presets[memory_mstore],253,40.65486786473103,0.001,0.5255811990936643,0.5236910843490175,5.362654250078413e-06,0.001,4.431240261624286e-06,5.950020623025979e-06,,,,,32,,,,,,,,,,,,,,,,,,,
test_memory_access,ethrex,MSTORE,presets[memory_mstore],1606,12.830453828735722,0.001,0.7702759925552134,0.7701327730992005,1.7422438613440487e-06,0.001,1.6940663891805533e-06,1.7912822730092234e-06,,,,,32,,,,,,,,,,,,,,,,,,,
test_memory_access,geth,MSTORE,presets[memory_mstore],4224,53.667134628632645,0.001,0.8023126072127196,0.8022657840500509,7.789195740706868e-06,0.001,7.665258209003333e-06,7.906921085276839e-06,,,,,32,,,,,,,,,,,,,,,,,,,
test_memory_access,nethermind,MSTORE,presets[memory_mstore],1177,14.557226690444134,0.001,0.6011436015484275,0.6008041492944262,2.0453813440578494e-06,0.001,1.971471745753232e-06,2.115476980908648e-06,,,,,32,,,,,,,,,,,,,,,,,,,
test_memory_access,reth,MSTORE,presets[memory_mstore],99,13.6713750974486,0.001,0.7379206850070055,0.7352188363988302,1.527432276322845e-06,0.001,1.3255648217229081e-06,1.7494549759175565e-06,,,,,32,,,,,,,,,,,,,,,,,,,
test_memory_access,besu,MSTORE8,presets[memory_mstore8],3773,70.02377443355444,0.001,0.5404579266386711,0.5403360645136748,1.1078197262270901e-05,0.001,1.0738239503741209e-05,1.139036661294295e-05,,,,,0,,,,,,,,,,,,,,,,,,,
test_memory_access,erigon,MSTORE8,presets[memory_mstore8],253,29.287199661104275,0.001,0.4458030739160437,0.4435951180352311,5.269486684237267e-06,0.001,4.534989693461377e-06,5.975401042511775e-06,,,,,0,,,,,,,,,,,,,,,,,,,
test_memory_access,ethrex,MSTORE8,presets[memory_mstore8],1606,12.388480751439122,0.001,0.7281536726645887,0.7279841924106389,1.642113179120897e-06,0.001,1.5928595355200855e-06,1.6929966754697613e-06,,,,,0,,,,,,,,,,,,,,,,,,,
test_memory_access,geth,MSTORE8,presets[memory_mstore8],4224,51.35196899321815,0.001,0.7720645787197982,0.7720105911733083,7.1059008914643155e-06,0.001,6.9801639193881255e-06,7.237916276899243e-06,,,,,0,,,,,,,,,,,,,,,,,,,
test_memory_access,nethermind,MSTORE8,presets[memory_mstore8],1177,13.624485257137431,0.001,0.7094809448707551,0.7092336946110707,1.987893651158814e-06,0.001,1.9224936875136665e-06,2.0518995717396127e-06,,,,,0,,,,,,,,,,,,,,,,,,,
test_memory_access,reth,MSTORE8,presets[memory_mstore8],99,10.079238471507818,0.001,0.7713410829878026,0.7689837745649964,1.437071999771511e-06,0.001,1.2892246564502253e-06,1.6046056397959015e-06,,,,,0,,,,,,,,,,,,,,,,,,,
test_memory_access,besu,MSTORE8,presets[memory_mstore8],3773,87.29679143661264,0.001,0.5205736961911251,0.5204465611331011,1.0667443612668433e-05,0.001,1.0336574200265385e-05,1.100030930910927e-05,,,,,1024,,,,,,,,,,,,,,,,,,,
test_memory_access,erigon,MSTORE8,presets[memory_mstore8],253,33.56582851735969,0.001,0.5455401509004252,0.5437295538920603,4.956463661230534e-06,0.001,4.157116817075327e-06,5.410465179113306e-06,,,,,1024,,,,,,,,,,,,,,,,,,,
test_memory_access,ethrex,MSTORE8,presets[memory_mstore8],1606,11.04861470219496,0.001,0.7836541836215484,0.7835193046836566,1.689741810760988e-06,0.001,1.6372379933769155e-06,1.7386269857985061e-06,,,,,1024,,,,,,,,,,,,,,,,,,,
test_memory_access,geth,MSTORE8,presets[memory_mstore8],4224,51.75889868299996,0.001,0.7631001509413916,0.7630440401292033,7.122172586786043e-06,0.001,6.997084666575367e-06,7.250995053619645e-06,,,,,1024,,,,,,,,,,,,,,,,,,,
test_memory_access,nethermind,MSTORE8,presets[memory_mstore8],1177,14.130736603054027,0.001,0.7412158394501991,0.7409955976114333,1.977117879591395e-06,0.001,1.9056768406954878e-06,2.038659551287563e-06,,,,,1024,,,,,,,,,,,,,,,,,,,
test_memory_access,reth,MSTORE8,presets[memory_mstore8],99,13.535710038621085,0.001,0.6414072228429326,0.637710390088736,1.195364785162096e-06,0.001,1.0191008403527231e-06,1.3991926554760596e-06,,,,,1024,,,,,,,,,,,,,,,,,,,
test_memory_access,besu,MSTORE8,presets[memory_mstore8],3773,70.38509362629115,0.001,0.5395844776217207,0.5394623838740733,1.1105893315568547e-05,0.001,1.0810811701722292e-05,1.14457021703585e-05,,,,,10240,,,,,,,,,,,,,,,,,,,
test_memory_access,erigon,MSTORE8,presets[memory_mstore8],253,30.226170558056406,0.001,0.6924664671590581,0.6912412339604886,5.095302994119922e-06,0.001,4.640868968374707e-06,5.3985980742934316e-06,,,,,10240,,,,,,,,,,,,,,,,,,,
test_memory_access,ethrex,MSTORE8,presets[memory_mstore8],1606,12.457052535744152,0.001,0.7829444339708294,0.7828091125456241,1.6136651676652345e-06,0.001,1.5674999881983764e-06,1.6635837783745229e-06,,,,,10240,,,,,,,,,,,,,,,,,,,
test_memory_access,geth,MSTORE8,presets[memory_mstore8],4224,47.944140735324204,0.001,0.7795093897796069,0.779457165570649,7.281212817121621e-06,0.001,7.156946155939129e-06,7.408227144996492e-06,,,,,10240,,,,,,,,,,,,,,,,,,,
test_memory_access,nethermind,MSTORE8,presets[memory_mstore8],1177,14.323601567812924,0.001,0.607358000433158,0.6070238370292713,1.97292787398935e-06,0.001,1.909802696458535e-06,2.0350721738877595e-06,,,,,10240,,,,,,,,,,,,,,,,,,,
test_memory_access,reth,MSTORE8,presets[memory_mstore8],99,14.820076192894671,0.001,0.689547572327298,0.6863470318358269,1.158024098196397e-06,0.001,9.801766331023544e-07,1.3628285738694504e-06,,,,,10240,,,,,,,,,,,,,,,,,,,
test_memory_access,besu,MSTORE8,presets[memory_mstore8],3773,69.30169252416614,0.001,0.5410065262630164,0.5408848096165733,1.1084835617292658e-05,0.001,1.0762224663125539e-05,1.1417237637454788e-05,,,,,256,,,,,,,,,,,,,,,,,,,
test_memory_access,erigon,MSTORE8,presets[memory_mstore8],253,34.19042494416906,0.001,0.612394840124514,0.6108505964596713,4.952184588587018e-06,0.001,4.02897331552176e-06,5.460351603814546e-06,,,,,256,,,,,,,,,,,,,,,,,,,
test_memory_access,ethrex,MSTORE8,presets[memory_mstore8],1606,11.452446086197698,0.001,0.8031282514536663,0.8030055134558194,1.6690338232466577e-06,0.001,1.628729934597571e-06,1.7129020510944154e-06,,,,,256,,,,,,,,,,,,,,,,,,,
test_memory_access,geth,MSTORE8,presets[memory_mstore8],4224,49.78653500690165,0.001,0.7665252506068091,0.7664699510451338,7.216713030517275e-06,0.001,7.085961819707885e-06,7.357873857681298e-06,,,,,256,,,,,,,,,,,,,,,,,,,
test_memory_access,nethermind,MSTORE8,presets[memory_mstore8],1177,15.798657151550623,0.001,0.668938527033517,0.6686567725884391,1.9098089988184076e-06,0.001,1.8027863791577584e-06,2.001265754254028e-06,,,,,256,,,,,,,,,,,,,,,,,,,
test_memory_access,reth,MSTORE8,presets[memory_mstore8],99,9.92163863041913,0.001,0.7453366086590683,0.7427112128720483,1.3574943612988918e-06,0.001,1.2014241974885708e-06,1.51642366169435e-06,,,,,256,,,,,,,,,,,,,,,,,,,
test_memory_access,besu,MSTORE8,presets[memory_mstore8],3773,68.85881233834101,0.001,0.5453804577818149,0.5452599010217464,1.1126984798956496e-05,0.001,1.0805741288416107e-05,1.1462204025114389e-05,,,,,32,,,,,,,,,,,,,,,,,,,
test_memory_access,erigon,MSTORE8,presets[memory_mstore8],253,29.169044482583132,0.001,0.6555872151790885,0.6542150526897621,5.184464980899583e-06,0.001,4.784064473703243e-06,5.4481662941397584e-06,,,,,32,,,,,,,,,,,,,,,,,,,
test_memory_access,ethrex,MSTORE8,presets[memory_mstore8],1606,11.64965872394431,0.001,0.7825816132278725,0.7824460656051966,1.6553359893634797e-06,0.001,1.608684559169182e-06,1.7057466960531475e-06,,,,,32,,,,,,,,,,,,,,,,,,,
test_memory_access,geth,MSTORE8,presets[memory_mstore8],4224,49.456048738975625,0.001,0.7646171931881266,0.7645614416943294,7.222594744482326e-06,0.001,7.0904512057226445e-06,7.359984767776897e-06,,,,,32,,,,,,,,,,,,,,,,,,,
test_memory_access,nethermind,MSTORE8,presets[memory_mstore8],1177,13.654442265719801,0.001,0.8336337773188799,0.8334921890442577,1.980213079750136e-06,0.001,1.9231325421387075e-06,2.034766152502084e-06,,,,,32,,,,,,,,,,,,,,,,,,,
test_memory_access,reth,MSTORE8,presets[memory_mstore8],99,16.742013272673017,0.001,0.3023153209323096,0.29512269537491065,1.1431744713585738e-06,0.001,6.811514424020353e-07,1.4442008228656303e-06,,,,,32,,,,,,,,,,,,,,,,,,,
test_mod,besu,MOD,presets[arithmetic_mod_bits],3773,131.94516365271724,0.001,0.8414391528743905,0.8413971054474148,1.9518163869431905e-05,0.001,1.9230223905511594e-05,1.9786821011707956e-05,127,,,,,,,,,,,,,,,,,,,,,,,
test_mod,erigon,MOD,presets[arithmetic_mod_bits],253,36.25902235027446,0.001,0.8889686013415142,0.8885262451715601,1.2218137577546146e-05,0.001,1.1725232335996418e-05,1.2623236440274837e-05,127,,,,,,,,,,,,,,,,,,,,,,,
test_mod,ethrex,MOD,presets[arithmetic_mod_bits],1606,82.86450853360424,0.001,0.8376403840498027,0.8375391623440981,1.0366703900171649e-05,0.001,1.010744288602683e-05,1.0582961898312136e-05,127,,,,,,,,,,,,,,,,,,,,,,,
test_mod,geth,MOD,presets[arithmetic_mod_bits],4224,87.8851710058956,0.001,0.8337737279729341,0.8337343565205355,1.1578561481441709e-05,0.001,1.1396717349032198e-05,1.1749037906731826e-05,127,,,,,,,,,,,,,,,,,,,,,,,
test_mod,nethermind,MOD,presets[arithmetic_mod_bits],1177,44.363599906527675,0.001,0.8835516940206807,0.8834525890794217,1.0127708764879401e-05,0.001,9.907917419555031e-06,1.0335635752016343e-05,127,,,,,,,,,,,,,,,,,,,,,,,
test_mod,reth,MOD,presets[arithmetic_mod_bits],99,50.72366402004476,0.001,0.8526891212244646,0.8511704523711086,7.020041149591645e-06,0.001,6.4093737411223805e-06,7.625892575181518e-06,127,,,,,,,,,,,,,,,,,,,,,,,
test_mod,besu,MOD,presets[arithmetic_mod_bits],3773,132.44618961448228,0.001,0.8305869143795914,0.8305419891381116,1.781604535117904e-05,0.001,1.7585347711876038e-05,1.8069497017838516e-05,191,,,,,,,,,,,,,,,,,,,,,,,
test_mod,erigon,MOD,presets[arithmetic_mod_bits],253,35.29456765653457,0.001,0.8218784271439528,0.8211687794433311,1.1828968703605311e-05,0.001,1.1354326322815058e-05,1.2262728392432884e-05,191,,,,,,,,,,,,,,,,,,,,,,,
test_mod,ethrex,MOD,presets[arithmetic_mod_bits],1606,71.01727371220527,0.001,0.8402052740258175,0.8401056513787014,8.849003356568939e-06,0.001,8.642039756906298e-06,9.048524833043196e-06,191,,,,,,,,,,,,,,,,,,,,,,,
test_mod,geth,MOD,presets[arithmetic_mod_bits],4224,83.77709996327722,0.001,0.8343034491235798,0.8342642031380572,1.1079371717140055e-05,0.001,1.0920893426725788e-05,1.12411457655898e-05,191,,,,,,,,,,,,,,,,,,,,,,,
test_mod,nethermind,MOD,presets[arithmetic_mod_bits],1177,51.45111677305618,0.001,0.8954738446522419,0.8953848862221587,1.1218894608873907e-05,0.001,1.1010791382005208e-05,1.1426273747581227e-05,191,,,,,,,,,,,,,,,,,,,,,,,
test_mod,reth,MOD,presets[arithmetic_mod_bits],99,80.15445450121577,0.001,0.8484383098860583,0.846875818235399,9.667342792014586e-06,0.001,8.781801371960786e-06,1.058870985840751e-05,191,,,,,,,,,,,,,,,,,,,,,,,
test_mod,besu,MOD,presets[arithmetic_mod_bits],3773,102.78331892971339,0.001,0.8009271166592387,0.8008743261836776,1.4518101251771672e-05,0.001,1.428705224813482e-05,1.4768412001265996e-05,255,,,,,,,,,,,,,,,,,,,,,,,
test_mod,erigon,MOD,presets[arithmetic_mod_bits],253,28.140279405562993,0.001,0.7766720122615731,0.7757822593223762,1.1652451029194093e-05,0.001,1.1118776242984415e-05,1.2218687855360396e-05,255,,,,,,,,,,,,,,,,,,,,,,,
test_mod,ethrex,MOD,presets[arithmetic_mod_bits],1606,54.53479047479798,0.001,0.8361155513142206,0.8360133789646658,6.938056942881048e-06,0.001,6.754926963430338e-06,7.110791776677967e-06,255,,,,,,,,,,,,,,,,,,,,,,,
test_mod,geth,MOD,presets[arithmetic_mod_bits],4224,75.88099298683147,0.001,0.83473068674218,0.8346915419498404,1.0139522752417663e-05,0.001,9.99440720765504e-06,1.0282309349126435e-05,255,,,,,,,,,,,,,,,,,,,,,,,
test_mod,nethermind,MOD,presets[arithmetic_mod_bits],1177,50.08182887697767,0.001,0.9199358029959533,0.9198676632538223,1.0342965968301053e-05,0.001,1.0162376411929992e-05,1.0502580800758516e-05,255,,,,,,,,,,,,,,,,,,,,,,,
test_mod,reth,MOD,presets[arithmetic_mod_bits],99,74.81787435915389,0.001,0.8312586894944686,0.8295190883552364,8.048349806130022e-06,0.001,7.340751211109122e-06,8.778636061140337e-06,255,,,,,,,,,,,,,,,,,,,,,,,
test_mod,besu,MOD,presets[arithmetic_mod_bits],3773,97.7653682657885,0.001,0.8178649617261194,0.817816662856251,1.4502954467091415e-05,0.001,1.427698011337165e-05,1.4715121220789378e-05,63,,,,,,,,,,,,,,,,,,,,,,,
test_mod,erigon,MOD,presets[arithmetic_mod_bits],253,17.08412163528121,0.001,0.7653477813006045,0.7644129119033958,9.030155007157895e-06,0.001,8.549136042942633e-06,9.575205226896357e-06,63,,,,,,,,,,,,,,,,,,,,,,,
test_mod,ethrex,MOD,presets[arithmetic_mod_bits],1606,44.57602790481588,0.001,0.8289403194061746,0.8288336737200188,5.588778320466297e-06,0.001,5.453155433202118e-06,5.720008008011537e-06,63,,,,,,,,,,,,,,,,,,,,,,,
test_mod,geth,MOD,presets[arithmetic_mod_bits],4224,62.15365299595259,0.001,0.8318884112761498,0.8318485932778732,8.18260665758972e-06,0.001,8.060417706233113e-06,8.297323273618571e-06,63,,,,,,,,,,,,,,,,,,,,,,,
test_mod,nethermind,MOD,presets[arithmetic_mod_bits],1177,31.717446597542562,0.001,0.9021349080192256,0.902051618579242,6.904325537489034e-06,0.001,6.788507506938007e-06,7.027675172874817e-06,63,,,,,,,,,,,,,,,,,,,,,,,
test_mod,reth,MOD,presets[arithmetic_mod_bits],99,51.84877712265836,0.001,0.8595898481055761,0.8581423207664584,6.34049673335427e-06,0.001,5.802321580175308e-06,6.884783466090284e-06,63,,,,,,,,,,,,,,,,,,,,,,,
test_mod,besu,SMOD,presets[arithmetic_smod_bits],3773,142.59194625346282,0.001,0.8452984543525295,0.8452574303414854,2.0127604072615668e-05,0.001,1.9862182722632927e-05,2.0417892439095782e-05,127,,,,,,,,,,,,,,,,,,,,,,,
test_mod,erigon,SMOD,presets[arithmetic_smod_bits],253,32.19883421735776,0.001,0.8964779140414675,0.8960654754519912,1.2841253392650586e-05,0.001,1.2342748617254599e-05,1.331286075787057e-05,127,,,,,,,,,,,,,,,,,,,,,,,
test_mod,ethrex,SMOD,presets[arithmetic_smod_bits],1606,81.75362748366544,0.001,0.8342834660782666,0.8341801515309339,1.0548218011960293e-05,0.001,1.0299880175975699e-05,1.0804364388799257e-05,127,,,,,,,,,,,,,,,,,,,,,,,
test_mod,geth,SMOD,presets[arithmetic_smod_bits],4224,87.97488727947646,0.001,0.8321545692821275,0.8321148143245913,1.2170501522308917e-05,0.001,1.1994112897112409e-05,1.2351870333723852e-05,127,,,,,,,,,,,,,,,,,,,,,,,
test_mod,nethermind,SMOD,presets[arithmetic_smod_bits],1177,48.58764219509327,0.001,0.9337534292337587,0.9336970491735321,1.10454601256485e-05,0.001,1.0879663868823553e-05,1.1208174647927874e-05,127,,,,,,,,,,,,,,,,,,,,,,,
test_mod,reth,SMOD,presets[arithmetic_smod_bits],99,56.11999135741176,0.001,0.8674767071265065,0.8661104876123468,7.022182407459678e-06,0.001,6.457351484796753e-06,7.573597298599626e-06,127,,,,,,,,,,,,,,,,,,,,,,,
test_mod,besu,SMOD,presets[arithmetic_smod_bits],3773,133.39105277104292,0.001,0.8287570703504382,0.8287116598679005,1.872861927179265e-05,0.001,1.845625261606719e-05,1.898976611402563e-05,191,,,,,,,,,,,,,,,,,,,,,,,
test_mod,erigon,SMOD,presets[arithmetic_smod_bits],253,33.64130943690942,0.001,0.8953329315813728,0.8949159313087887,1.2453148686408554e-05,0.001,1.1963733016777565e-05,1.2963112225909849e-05,191,,,,,,,,,,,,,,,,,,,,,,,
test_mod,ethrex,SMOD,presets[arithmetic_smod_bits],1606,70.22762481418688,0.001,0.8396652007947555,0.8395652414436301,8.990930696760577e-06,0.001,8.784282395693204e-06,9.18955760915043e-06,191,,,,,,,,,,,,,,,,,,,,,,,
test_mod,geth,SMOD,presets[arithmetic_smod_bits],4224,85.50251883412548,0.001,0.8308503215154625,0.8308102576408807,1.157592706595464e-05,0.001,1.1403533188626504e-05,1.1749811973402119e-05,191,,,,,,,,,,,,,,,,,,,,,,,
test_mod,nethermind,SMOD,presets[arithmetic_smod_bits],1177,55.06092532707062,0.001,0.914478198356417,0.9144054138443799,1.2399573035628984e-05,0.001,1.2185284209180065e-05,1.2611779293129439e-05,191,,,,,,,,,,,,,,,,,,,,,,,
test_mod,reth,SMOD,presets[arithmetic_smod_bits],99,66.70332120783138,0.001,0.8589090276166496,0.8574544815096047,1.0579388341052486e-05,0.001,9.657919239239316e-06,1.1519785713970112e-05,191,,,,,,,,,,,,,,,,,,,,,,,
test_mod,besu,SMOD,presets[arithmetic_smod_bits],3773,104.99595014038778,0.001,0.8090874507156183,0.8090368242109022,1.5351920739702515e-05,0.001,1.509915115959763e-05,1.559226235501518e-05,255,,,,,,,,,,,,,,,,,,,,,,,
test_mod,erigon,SMOD,presets[arithmetic_smod_bits],253,23.540911598402754,0.001,0.8796520584364769,0.8791725845657059,1.1912472152633158e-05,0.001,1.1353969977620839e-05,1.249025162299551e-05,255,,,,,,,,,,,,,,,,,,,,,,,
test_mod,ethrex,SMOD,presets[arithmetic_smod_bits],1606,55.41599825310475,0.001,0.8384347388011391,0.8383340123290699,7.2942274221529506e-06,0.001,7.122074712726677e-06,7.475468184547506e-06,255,,,,,,,,,,,,,,,,,,,,,,,
test_mod,geth,SMOD,presets[arithmetic_smod_bits],4224,78.73395738053287,0.001,0.830763954055011,0.8307238697239013,1.0299757789754482e-05,0.001,1.013424888347784e-05,1.0457947761012215e-05,255,,,,,,,,,,,,,,,,,,,,,,,
test_mod,nethermind,SMOD,presets[arithmetic_smod_bits],1177,50.59377031591461,0.001,0.9266200229431918,0.9265575718988881,1.110172269713702e-05,0.001,1.091949008626292e-05,1.1290653507081627e-05,255,,,,,,,,,,,,,,,,,,,,,,,
test_mod,reth,SMOD,presets[arithmetic_smod_bits],99,69.82015987423085,0.001,0.8422319709652357,0.8406054964391041,8.752523757943517e-06,0.001,7.994458426889806e-06,9.54593205739296e-06,255,,,,,,,,,,,,,,,,,,,,,,,
test_mod,besu,SMOD,presets[arithmetic_smod_bits],3773,114.30369836942835,0.001,0.8097925545659019,0.8097421150417878,1.546621322458084e-05,0.001,1.522445192655584e-05,1.572226780258392e-05,63,,,,,,,,,,,,,,,,,,,,,,,
test_mod,erigon,SMOD,presets[arithmetic_smod_bits],253,19.342396966222875,0.001,0.8958559875840864,0.8954410711999592,9.17808750031987e-06,0.001,8.754849934051232e-06,9.555807229093593e-06,63,,,,,,,,,,,,,,,,,,,,,,,
test_mod,ethrex,SMOD,presets[arithmetic_smod_bits],1606,37.60604220243595,0.001,0.827893400159303,0.82778610178035,4.536511864485702e-06,0.001,4.424953180050697e-06,4.6445404920524696e-06,63,,,,,,,,,,,,,,,,,,,,,,,
test_mod,geth,SMOD,presets[arithmetic_smod_bits],4224,67.51944775942938,0.001,0.8295564284281496,0.8295160580890752,8.626960107945343e-06,0.001,8.502846941096739e-06,8.75585050706609e-06,63,,,,,,,,,,,,,,,,,,,,,,,
test_mod,nethermind,SMOD,presets[arithmetic_smod_bits],1177,35.48623646763689,0.001,0.915488484895696,0.9154165602019902,8.109260597617466e-06,0.001,7.970219013179406e-06,8.246811580471788e-06,63,,,,,,,,,,,,,,,,,,,,,,,
test_mod,reth,SMOD,presets[arithmetic_smod_bits],99,51.75717411704747,0.001,0.8655420025513629,0.864155837629212,6.348019432521799e-06,0.001,5.832286440262792e-06,6.881060068399001e-06,63,,,,,,,,,,,,,,,,,,,,,,,
test_mod_arithmetic,besu,ADDMOD,presets[arithmetic_addmod_bits],3773,107.49165443858318,0.001,0.8295993166714,0.8295541295371309,2.333141333885947e-05,0.001,2.3008878424179144e-05,2.3643292976615753e-05,191,,,,,,,,,,,,,,,,,,,,,,,
test_mod_arithmetic,erigon,ADDMOD,presets[arithmetic_addmod_bits],253,28.94525013153314,0.001,0.904099822887574,0.9037177504687993,1.820668553554499e-05,0.001,1.749691302771528e-05,1.8860253352900287e-05,191,,,,,,,,,,,,,,,,,,,,,,,
test_mod_arithmetic,ethrex,ADDMOD,presets[arithmetic_addmod_bits],1606,61.40406515410124,0.001,0.8363092639988605,0.8362072124178124,1.3594956004521115e-05,0.001,1.3288043742322887e-05,1.3914510347727853e-05,191,,,,,,,,,,,,,,,,,,,,,,,
test_mod_arithmetic,geth,ADDMOD,presets[arithmetic_addmod_bits],4224,70.95157396180939,0.001,0.8380537092279912,0.8380153515087179,1.6497663816003994e-05,0.001,1.6247888001179935e-05,1.6732563329230233e-05,191,,,,,,,,,,,,,,,,,,,,,,,
test_mod_arithmetic,nethermind,ADDMOD,presets[arithmetic_addmod_bits],1177,33.50995627675256,0.001,0.9298781782204139,0.9298185000742185,1.3289693177747841e-05,0.001,1.3086869026455983e-05,1.349608373870739e-05,191,,,,,,,,,,,,,,,,,,,,,,,
test_mod_arithmetic,reth,ADDMOD,presets[arithmetic_addmod_bits],99,40.735969199887016,0.001,0.8578635463784672,0.8563982221143277,9.424295564539909e-06,0.001,8.542667913149146e-06,1.0305885308136105e-05,191,,,,,,,,,,,,,,,,,,,,,,,
test_mod_arithmetic,besu,MULMOD,presets[arithmetic_mulmod_bits],3773,155.02984648439337,0.001,0.8470026015805694,0.8469620294780981,3.5696378338528256e-05,0.001,3.5215629907717465e-05,3.6169818309264546e-05,191,,,,,,,,,,,,,,,,,,,,,,,
test_mod_arithmetic,erigon,MULMOD,presets[arithmetic_mulmod_bits],253,47.48195864742501,0.001,0.8804474230530718,0.8799711179656338,2.5993602259542283e-05,0.001,2.4706558736416326e-05,2.715154306615842e-05,191,,,,,,,,,,,,,,,,,,,,,,,
test_mod_arithmetic,ethrex,MULMOD,presets[arithmetic_mulmod_bits],1606,102.30608171254153,0.001,0.8254831764741875,0.8253743754620142,2.2654180273066494e-05,0.001,2.206729555038174e-05,2.319774264757756e-05,191,,,,,,,,,,,,,,,,,,,,,,,
test_mod_arithmetic,geth,MULMOD,presets[arithmetic_mulmod_bits],4224,100.34464027901558,0.001,0.8361842976153993,0.8361454971174398,2.3844398024511364e-05,0.001,2.3512643004540053e-05,2.419017449558256e-05,191,,,,,,,,,,,,,,,,,,,,,,,
test_mod_arithmetic,nethermind,MULMOD,presets[arithmetic_mulmod_bits],1177,84.118397187551,0.001,0.9089185197735722,0.9088410036201879,3.3512626321761084e-05,0.001,3.287447087094343e-05,3.410370582771339e-05,191,,,,,,,,,,,,,,,,,,,,,,,
test_mod_arithmetic,reth,MULMOD,presets[arithmetic_mulmod_bits],99,89.12842774996645,0.001,0.8532673389319213,0.8517546310858586,1.6842973389462694e-05,0.001,1.539191962116757e-05,1.8323174889544914e-05,191,,,,,,,,,,,,,,,,,,,,,,,
test_msize,besu,MSIZE,presets[memory_msize],3773,109.74470428895107,0.001,0.5734111094300223,0.5732979858843925,3.794688214122974e-06,0.001,3.6829160008351477e-06,3.89860092951136e-06,,,,,,,,,,,,,,,,,,,,,,,,
test_msize,erigon,MSIZE,presets[memory_msize],253,23.63079118505539,0.001,0.9378090488024027,0.9375612760884681,1.5724935773337232e-06,0.001,1.5194100002929375e-06,1.6276240688771415e-06,,,,,,,,,,,,,,,,,,,,,,,,
test_msize,ethrex,MSIZE,presets[memory_msize],1606,16.734772326806404,0.001,0.8149768749617333,0.8148615238862731,5.595340757247525e-07,0.001,5.46312499085331e-07,5.730389246529736e-07,,,,,,,,,,,,,,,,,,,,,,,,
test_msize,geth,MSIZE,presets[memory_msize],4224,41.14268783335307,0.001,0.800208036849499,0.8001607152097192,1.6699626549006522e-06,0.001,1.6441559415655135e-06,1.6958627225022753e-06,,,,,,,,,,,,,,,,,,,,,,,,
test_msize,nethermind,MSIZE,presets[memory_msize],1177,23.633154582399303,0.001,0.8413848594426127,0.8412498678336277,7.517807225356013e-07,0.001,7.329647076880098e-07,7.712812223547917e-07,,,,,,,,,,,,,,,,,,,,,,,,
test_msize,reth,MSIZE,presets[memory_msize],99,12.612867138944223,0.001,0.8387276400749605,0.8370650384262488,4.994853647807698e-07,0.001,4.542348207817859e-07,5.475428534829174e-07,,,,,,,,,,,,,,,,,,,,,,,,
test_not_op,besu,NOT,presets[bitwise_not],3773,83.38250744708107,0.001,0.5387957076425254,0.5386734047275539,4.178922523429293e-06,0.001,4.058331068483197e-06,4.300204829961556e-06,,,,,,,,,,,,,,,,,,,,,,,,
test_not_op,erigon,NOT,presets[bitwise_not],253,14.239497073473645,0.001,0.9359020921364993,0.9356467219856487,1.0821087728710102e-06,0.001,1.0448279050587913e-06,1.1191726775384081e-06,,,,,,,,,,,,,,,,,,,,,,,,
test_not_op,ethrex,NOT,presets[bitwise_not],1606,11.442052212425683,0.001,0.7965244906514856,0.796397635595782,5.31629318799063e-07,0.001,5.175512333125007e-07,5.456389553303555e-07,,,,,,,,,,,,,,,,,,,,,,,,
test_not_op,geth,NOT,presets[bitwise_not],4224,26.430186901935873,0.001,0.722569333077824,0.7225036223561465,1.4478465337714432e-06,0.001,1.4199423164763183e-06,1.4764965577412668e-06,,,,,,,,,,,,,,,,,,,,,,,,
test_not_op,nethermind,NOT,presets[bitwise_not],1177,16.82958066654858,0.001,0.7696870894235495,0.7694910784358249,6.356098455398567e-07,0.001,6.07586567376509e-07,6.603458855240118e-07,,,,,,,,,,,,,,,,,,,,,,,,
test_not_op,reth,NOT,presets[bitwise_not],99,12.518193605079967,0.001,0.7744055427422653,0.7720798266880617,5.116497902533324e-07,0.001,4.566551475865907e-07,5.741058655929991e-07,,,,,,,,,,,,,,,,,,,,,,,,
test_p256verify,besu,P256VERIFY,presets[precompile_p256verify],3773,76.98892006255397,0.001,0.8685654223382335,0.8685305683001371,0.008330805182315222,0.001,0.008222245438858074,0.008447744084572151,,,,,,,,,,,,,,,,,,,,,,,,
test_p256verify,erigon,P256VERIFY,presets[precompile_p256verify],253,49.028701132025,0.001,0.8414694607433666,0.8408378649694358,0.014041086821280762,0.001,0.01342750456374328,0.014597110140643932,,,,,,,,,,,,,,,,,,,,,,,,
test_p256verify,ethrex,P256VERIFY,presets[precompile_p256verify],1606,332.84635512598527,0.001,0.7188037399368439,0.718628430547777,0.03761617195707447,0.001,0.03636449117589738,0.038818229124571814,,,,,,,,,,,,,,,,,,,,,,,,
test_p256verify,geth,P256VERIFY,presets[precompile_p256verify],4224,95.5642366495054,0.001,0.8270775311047659,0.8270365736275287,0.011694615371026779,0.001,0.01151295312878093,0.011866328420400044,,,,,,,,,,,,,,,,,,,,,,,,
test_p256verify,nethermind,P256VERIFY,presets[precompile_p256verify],1177,59.24285532462766,0.001,0.8825124131481592,0.8824124237125406,0.00859691676058704,0.001,0.00839065475893664,0.008810447687457994,,,,,,,,,,,,,,,,,,,,,,,,
test_p256verify,reth,P256VERIFY,presets[precompile_p256verify],99,63.0967625662034,0.001,0.8426669112784041,0.8410449206730268,0.008423631596158885,0.001,0.0076265446841861624,0.009186117840065127,,,,,,,,,,,,,,,,,,,,,,,,
test_p256verify_uncachable,besu,P256VERIFY,presets[precompile_p256verify_uncachable],3773,25.19920629105402,0.001,0.9095703383419371,0.9095463580551013,0.010899585684317254,0.001,0.010790218876744853,0.011010401253247855,,,,,,,,,,,,,,,,,,,,,,,,
test_p256verify_uncachable,erigon,P256VERIFY,presets[precompile_p256verify_uncachable],253,51.011213122443245,0.001,0.8184569622278933,0.8177336831929447,0.014050197916722115,0.001,0.013054180935350178,0.01477654069792459,,,,,,,,,,,,,,,,,,,,,,,,
test_p256verify_uncachable,ethrex,P256VERIFY,presets[precompile_p256verify_uncachable],1606,329.1772183707091,0.001,0.7188874107425542,0.7187121535173314,0.03772847440355303,0.001,0.036494582036678394,0.038962035264027785,,,,,,,,,,,,,,,,,,,,,,,,
test_p256verify_uncachable,geth,P256VERIFY,presets[precompile_p256verify_uncachable],4224,92.48770047706768,0.001,0.8257609714953671,0.825719702184968,0.011844545519224927,0.001,0.011664579114262563,0.01201879988980345,,,,,,,,,,,,,,,,,,,,,,,,
test_p256verify_uncachable,nethermind,P256VERIFY,presets[precompile_p256verify_uncachable],1177,56.84342552574053,0.001,0.8846659021584512,0.8845677454794372,0.00876141714671599,0.001,0.008544695613146148,0.00897240966341287,,,,,,,,,,,,,,,,,,,,,,,,
test_p256verify_uncachable,reth,P256VERIFY,presets[precompile_p256verify_uncachable],99,69.21176675844094,0.001,0.8658086711956479,0.8644252554347782,0.008419160132410848,0.001,0.007681139561822037,0.009119777711982016,,,,,,,,,,,,,,,,,,,,,,,,
test_pc_op,besu,PC,presets[control_flow_pc],3773,97.59390689456025,0.001,0.5445985814604777,0.5444778173611566,3.61555535524498e-06,0.001,3.516846589100937e-06,3.7227361412542357e-06,,,,,,,,,,,,,,,,,,,,,,,,
test_pc_op,erigon,PC,presets[control_flow_pc],253,26.69222501574647,0.001,0.8871934937040103,0.8867440653920742,1.4688272018055666e-06,0.001,1.4099157803690558e-06,1.523279086395106e-06,,,,,,,,,,,,,,,,,,,,,,,,
test_pc_op,ethrex,PC,presets[control_flow_pc],1606,15.007335952526033,0.001,0.8267424687169089,0.8266344527996501,5.612529138841573e-07,0.001,5.473354214072997e-07,5.754158157862302e-07,,,,,,,,,,,,,,,,,,,,,,,,
test_pc_op,geth,PC,presets[control_flow_pc],4224,40.7177731620954,0.001,0.8093849354191125,0.8093397873697091,1.647583651549891e-06,0.001,1.621689775055344e-06,1.6756164855452634e-06,,,,,,,,,,,,,,,,,,,,,,,,
test_pc_op,nethermind,PC,presets[control_flow_pc],1177,16.8920227863358,0.001,0.882316980940042,0.8822168251791399,7.755596409784044e-07,0.001,7.569171363527327e-07,7.937507009560664e-07,,,,,,,,,,,,,,,,,,,,,,,,
test_pc_op,reth,PC,presets[control_flow_pc],99,12.951465833129642,0.001,0.9199009236458037,0.919075159972049,6.077669573238655e-07,0.001,5.735182072281905e-07,6.416624702702242e-07,,,,,,,,,,,,,,,,,,,,,,,,
test_point_evaluation,besu,POINT_EVALUATION,presets[precompile_point_evaluation],3773,419.64140332090204,0.001,0.8753350592606876,0.8753020004060762,0.17317589171601816,0.001,0.17060315512028454,0.17587235547615174,,,,,,,,,,,,,,,,,,,,,,,,
test_point_evaluation,erigon,POINT_EVALUATION,presets[precompile_point_evaluation],253,67.8188428964698,0.001,0.8983229100338853,0.8979178220260522,0.17878884892894767,0.001,0.1718132723686973,0.18536320342906398,,,,,,,,,,,,,,,,,,,,,,,,
test_point_evaluation,ethrex,POINT_EVALUATION,presets[precompile_point_evaluation],1606,294.6640147595287,0.001,0.8134275089432261,0.8133111919288516,0.2363145849736316,0.001,0.23079186320558054,0.24235933428561998,,,,,,,,,,,,,,,,,,,,,,,,
test_point_evaluation,geth,POINT_EVALUATION,presets[precompile_point_evaluation],4224,230.64519929001426,0.001,0.8292724629241595,0.8292320253265574,0.19796215543410975,0.001,0.19499407608974773,0.20113245837529697,,,,,,,,,,,,,,,,,,,,,,,,
test_point_evaluation,nethermind,POINT_EVALUATION,presets[precompile_point_evaluation],1177,199.36221143368726,0.001,0.8777756458344737,0.8776716251075243,0.21584504146644531,0.001,0.2107059884377853,0.2213103262625932,,,,,,,,,,,,,,,,,,,,,,,,
test_point_evaluation,reth,POINT_EVALUATION,presets[precompile_point_evaluation],99,224.92849251532527,0.001,0.839795857452802,0.8381442683543774,0.19783612044870794,0.001,0.17988913114899518,0.21515193765310123,,,,,,,,,,,,,,,,,,,,,,,,
test_point_evaluation_uncachable,besu,POINT_EVALUATION,presets[precompile_point_evaluation_uncachable],3773,219.89154746597853,0.001,0.8756055754238057,0.8755725883051166,0.20832590473739424,0.001,0.2057956447337441,0.2109446889625581,,,,,,,,,,,,,,,,,,,,,,,,
test_point_evaluation_uncachable,erigon,POINT_EVALUATION,presets[precompile_point_evaluation_uncachable],253,68.05753658873205,0.001,0.8961303694701925,0.8957165462409902,0.19444667345901062,0.001,0.18757450182876778,0.20147799804087954,,,,,,,,,,,,,,,,,,,,,,,,
test_point_evaluation_uncachable,ethrex,POINT_EVALUATION,presets[precompile_point_evaluation_uncachable],1606,284.08756936636166,0.001,0.8149575416833431,0.8148421785547167,0.23818869669465872,0.001,0.23232093884145394,0.24407309107180641,,,,,,,,,,,,,,,,,,,,,,,,
test_point_evaluation_uncachable,geth,POINT_EVALUATION,presets[precompile_point_evaluation_uncachable],4224,194.82988316145207,0.001,0.8411001525694091,0.8410625164141674,0.19234031007205202,0.001,0.18968422925700987,0.19502629134265817,,,,,,,,,,,,,,,,,,,,,,,,
test_point_evaluation_uncachable,nethermind,POINT_EVALUATION,presets[precompile_point_evaluation_uncachable],1177,149.09335464449228,0.001,0.8639922228795434,0.8638764715798664,0.2343618309341056,0.001,0.22834949203064148,0.24019870691509534,,,,,,,,,,,,,,,,,,,,,,,,
test_point_evaluation_uncachable,reth,POINT_EVALUATION,presets[precompile_point_evaluation_uncachable],99,225.54522694563,0.001,0.8354640312721059,0.8337677841718183,0.1966337823720074,0.001,0.1780203888709506,0.21390806356908573,,,,,,,,,,,,,,,,,,,,,,,,
test_push,besu,PUSH0,presets[stack_push],3773,73.69864805333928,0.001,0.37404993043953083,0.37388393996762403,2.6216739112873544e-06,0.001,2.516204352258559e-06,2.7176633767691885e-06,,PUSH0,,,,,,,,,,,,,,,,,,,,,,
test_push,erigon,PUSH0,presets[stack_push],253,32.53786393754404,0.001,0.6015300769165659,0.5999425473425283,1.3916716221049359e-06,0.001,1.2736767493857272e-06,1.4710382212113248e-06,,PUSH0,,,,,,,,,,,,,,,,,,,,,,
test_push,ethrex,PUSH0,presets[stack_push],1606,13.274092128155825,0.001,0.813459187947145,0.8133428906827729,5.299799497557609e-07,0.001,5.171948053044723e-07,5.415868767424692e-07,,PUSH0,,,,,,,,,,,,,,,,,,,,,,
test_push,geth,PUSH0,presets[stack_push],4224,43.500892861822805,0.001,0.8014807170135005,0.8014336968138354,1.5762805113016883e-06,0.001,1.548865058519501e-06,1.604769647552445e-06,,PUSH0,,,,,,,,,,,,,,,,,,,,,,
test_push,nethermind,PUSH0,presets[stack_push],1177,14.58746363906144,0.001,0.8290402189791218,0.8288947212931466,7.225391510923892e-07,0.001,7.033956805046429e-07,7.425874872192721e-07,,PUSH0,,,,,,,,,,,,,,,,,,,,,,
test_push,reth,PUSH0,presets[stack_push],99,7.393657213274295,0.001,0.869013520468292,0.8676631443906455,4.327360688674304e-07,0.001,3.9724758479398773e-07,4.6779888310130066e-07,,PUSH0,,,,,,,,,,,,,,,,,,,,,,
test_push,besu,PUSH0,presets[stack_push0],3773,73.69864805333928,0.001,0.37404993043953083,0.37388393996762403,2.6216739112873544e-06,0.001,2.516204352258559e-06,2.7176633767691885e-06,,,,,,,,,,,,,,,,,,,,,,,,
test_push,erigon,PUSH0,presets[stack_push0],253,32.53786393754404,0.001,0.6015300769165659,0.5999425473425283,1.3916716221049359e-06,0.001,1.2736767493857272e-06,1.4710382212113248e-06,,,,,,,,,,,,,,,,,,,,,,,,
test_push,ethrex,PUSH0,presets[stack_push0],1606,13.274092128155825,0.001,0.813459187947145,0.8133428906827729,5.299799497557609e-07,0.001,5.171948053044723e-07,5.415868767424692e-07,,,,,,,,,,,,,,,,,,,,,,,,
test_push,geth,PUSH0,presets[stack_push0],4224,43.500892861822805,0.001,0.8014807170135005,0.8014336968138354,1.5762805113016883e-06,0.001,1.548865058519501e-06,1.604769647552445e-06,,,,,,,,,,,,,,,,,,,,,,,,
test_push,nethermind,PUSH0,presets[stack_push0],1177,14.58746363906144,0.001,0.8290402189791218,0.8288947212931466,7.225391510923892e-07,0.001,7.033956805046429e-07,7.425874872192721e-07,,,,,,,,,,,,,,,,,,,,,,,,
test_push,reth,PUSH0,presets[stack_push0],99,7.393657213274295,0.001,0.869013520468292,0.8676631443906455,4.327360688674304e-07,0.001,3.9724758479398773e-07,4.6779888310130066e-07,,,,,,,,,,,,,,,,,,,,,,,,
test_push,besu,PUSH1,presets[stack_push],3773,61.76530685275086,0.001,0.5216492703449576,0.5215224205094617,3.259494712820782e-06,0.001,3.1573680124771396e-06,3.3605443309460968e-06,,PUSH1,,,,,,,,,,,,,,,,,,,,,,
test_push,erigon,PUSH1,presets[stack_push],253,30.070560392733068,0.001,0.4737069940514287,0.47161020916717145,1.4324733347444192e-06,0.001,1.2720316894725088e-06,1.530687155451529e-06,,PUSH1,,,,,,,,,,,,,,,,,,,,,,
test_push,ethrex,PUSH1,presets[stack_push],1606,12.63653498964081,0.001,0.8103848237682887,0.8102666098180196,6.208887537180133e-07,0.001,6.066995591487641e-07,6.378962177380598e-07,,PUSH1,,,,,,,,,,,,,,,,,,,,,,
test_push,geth,PUSH1,presets[stack_push],4224,33.274152136038836,0.001,0.791332208873204,0.791282784952994,1.696730013539019e-06,0.001,1.668969797625197e-06,1.7267180055261706e-06,,PUSH1,,,,,,,,,,,,,,,,,,,,,,
test_push,nethermind,PUSH1,presets[stack_push],1177,12.287254686482028,0.001,0.8727896768321387,0.872681412727315,7.996255005466328e-07,0.001,7.797586216337321e-07,8.178351476848991e-07,,PUSH1,,,,,,,,,,,,,,,,,,,,,,
test_push,reth,PUSH1,presets[stack_push],99,9.118777022348903,0.001,0.8172928677546034,0.8154092890716611,5.061073628337837e-07,0.001,4.5682582410085355e-07,5.602982515944711e-07,,PUSH1,,,,,,,,,,,,,,,,,,,,,,
test_push,besu,PUSH10,presets[stack_push],3773,60.0527153476454,0.001,0.5263140895140943,0.52618847670304,3.277718975954545e-06,0.001,3.184633695811147e-06,3.373514660373939e-06,,PUSH10,,,,,,,,,,,,,,,,,,,,,,
test_push,erigon,PUSH10,presets[stack_push],253,31.837561158601133,0.004,0.5799307426049488,0.5782571599061638,3.4723102454474096e-06,0.001,3.124451404078397e-06,3.867473491353048e-06,,PUSH10,,,,,,,,,,,,,,,,,,,,,,
test_push,ethrex,PUSH10,presets[stack_push],1606,14.468717088362865,0.001,0.80339857610159,0.8032760066353192,6.713294655957274e-07,0.001,6.530552117045556e-07,6.890496958198543e-07,,PUSH10,,,,,,,,,,,,,,,,,,,,,,
test_push,geth,PUSH10,presets[stack_push],4224,43.778721644251966,0.001,0.8343424778644967,0.8343032411231097,2.409295696996005e-06,0.001,2.3727362588088036e-06,2.4473055932364506e-06,,PUSH10,,,,,,,,,,,,,,,,,,,,,,
test_push,nethermind,PUSH10,presets[stack_push],1177,17.418786392117553,0.001,0.6400566034598145,0.6397502686542484,7.881968187503008e-07,0.001,7.498440038534461e-07,8.440057690862661e-07,,PUSH10,,,,,,,,,,,,,,,,,,,,,,
test_push,reth,PUSH10,presets[stack_push],99,11.506611056451234,0.001,0.8399522982214657,0.8383023219144705,4.7205776191342014e-07,0.001,4.360443573068166e-07,5.124752392650734e-07,,PUSH10,,,,,,,,,,,,,,,,,,,,,,
test_push,besu,PUSH11,presets[stack_push],3773,60.1824171085683,0.001,0.5256537533564288,0.5255279654363431,3.2761138288161417e-06,0.001,3.1756530165315506e-06,3.3691548067048403e-06,,PUSH11,,,,,,,,,,,,,,,,,,,,,,
test_push,erigon,PUSH11,presets[stack_push],253,30.405773671916226,0.001,0.9034166612126687,0.9030318670342331,3.3886903982608285e-06,0.001,3.2576293019868334e-06,3.5107911078511355e-06,,PUSH11,,,,,,,,,,,,,,,,,,,,,,
test_push,ethrex,PUSH11,presets[stack_push],1606,14.356066064619784,0.001,0.8128998801113585,0.8127832341513281,7.263362671980518e-07,0.001,7.080607714017623e-07,7.440966257322883e-07,,PUSH11,,,,,,,,,,,,,,,,,,,,,,
test_push,geth,PUSH11,presets[stack_push],4224,42.87570851391589,0.001,0.8366827330744561,0.8366440506332136,2.3880346229378784e-06,0.001,2.350796799025481e-06,2.4223920025282486e-06,,PUSH11,,,,,,,,,,,,,,,,,,,,,,
test_push,nethermind,PUSH11,presets[stack_push],1177,19.252644652621793,0.001,0.8572160996567122,0.8570945814436541,7.755941615104684e-07,0.001,7.561129534764945e-07,7.964963886947336e-07,,PUSH11,,,,,,,,,,,,,,,,,,,,,,
test_push,reth,PUSH11,presets[stack_push],99,9.969071376175757,0.001,0.8070671392464024,0.8050781406819323,4.98338926800909e-07,0.001,4.483133742528666e-07,5.448698112150629e-07,,PUSH11,,,,,,,,,,,,,,,,,,,,,,
test_push,besu,PUSH12,presets[stack_push],3773,68.50401267261655,0.001,0.5258042636453781,0.525678515637859,3.2368408967413213e-06,0.001,3.1378129700391034e-06,3.3372515317260735e-06,,PUSH12,,,,,,,,,,,,,,,,,,,,,,
test_push,erigon,PUSH12,presets[stack_push],253,40.415688465268715,0.001,0.5682038732753263,0.5664835699816024,3.3298972990006744e-06,0.001,3.028452842413943e-06,3.633153121896874e-06,,PUSH12,,,,,,,,,,,,,,,,,,,,,,
test_push,ethrex,PUSH12,presets[stack_push],1606,14.32630073566505,0.001,0.8144732470777544,0.8143575820198228,7.022243030297236e-07,0.001,6.843709824113295e-07,7.188603580116309e-07,,PUSH12,,,,,,,,,,,,,,,,,,,,,,
test_push,geth,PUSH12,presets[stack_push],4224,43.980357399147806,0.001,0.8370947379443817,0.8370561530883761,2.4143037601430393e-06,0.001,2.3804917173895198e-06,2.4498468681531067e-06,,PUSH12,,,,,,,,,,,,,,,,,,,,,,
test_push,nethermind,PUSH12,presets[stack_push],1177,17.119384834962055,0.001,0.826800466630148,0.8266530627719608,7.835158417555661e-07,0.001,7.655997922890368e-07,8.018552073397613e-07,,PUSH12,,,,,,,,,,,,,,,,,,,,,,
test_push,reth,PUSH12,presets[stack_push],99,9.030814441693183,0.001,0.8462591038519814,0.8446741461597338,5.076420464043354e-07,0.001,4.676664260475864e-07,5.528972345628797e-07,,PUSH12,,,,,,,,,,,,,,,,,,,,,,
test_push,besu,PUSH13,presets[stack_push],3773,60.25690517352662,0.001,0.5277020948261729,0.5275768500886566,3.2786462812167226e-06,0.001,3.1775778055214476e-06,3.3730577858222437e-06,,PUSH13,,,,,,,,,,,,,,,,,,,,,,
test_push,erigon,PUSH13,presets[stack_push],253,33.09079155854715,0.001,0.7622016638792861,0.7612542601497215,3.3892174852490144e-06,0.001,3.262348570593262e-06,3.513455335860573e-06,,PUSH13,,,,,,,,,,,,,,,,,,,,,,
test_push,ethrex,PUSH13,presets[stack_push],1606,15.175749404360438,0.001,0.8051176402911582,0.8049961425606664,7.174229218800514e-07,0.001,6.972859323289951e-07,7.356607650924358e-07,,PUSH13,,,,,,,,,,,,,,,,,,,,,,
test_push,geth,PUSH13,presets[stack_push],4224,42.35714572455003,0.001,0.8440896416394272,0.8440527135583376,2.3997140770588372e-06,0.001,2.3632512838899986e-06,2.432743003221906e-06,,PUSH13,,,,,,,,,,,,,,,,,,,,,,
test_push,nethermind,PUSH13,presets[stack_push],1177,18.939853222647503,0.001,0.8654993222407137,0.8653848535787909,7.723596181017357e-07,0.001,7.543659691538388e-07,7.915772552596944e-07,,PUSH13,,,,,,,,,,,,,,,,,,,,,,
test_push,reth,PUSH13,presets[stack_push],99,8.647582273384643,0.001,0.8698068668761766,0.8684646696274774,5.15809659720204e-07,0.001,4.759239644748529e-07,5.606524598454555e-07,,PUSH13,,,,,,,,,,,,,,,,,,,,,,
test_push,besu,PUSH14,presets[stack_push],3773,59.804155843112795,0.001,0.529380141000952,0.5292553412504881,3.2913574695436043e-06,0.001,3.195523713753117e-06,3.392784197359034e-06,,PUSH14,,,,,,,,,,,,,,,,,,,,,,
test_push,erigon,PUSH14,presets[stack_push],253,32.75916488047478,0.001,0.8104487388928953,0.8096935545856956,3.4875729519060103e-06,0.001,3.3541326591789266e-06,3.621276442011933e-06,,PUSH14,,,,,,,,,,,,,,,,,,,,,,
test_push,ethrex,PUSH14,presets[stack_push],1606,15.898768954759202,0.001,0.8144363868521323,0.8143206988140101,7.430875131125269e-07,0.001,7.240533479568945e-07,7.627584301065423e-07,,PUSH14,,,,,,,,,,,,,,,,,,,,,,
test_push,geth,PUSH14,presets[stack_push],4224,44.970831986951936,0.001,0.843095872100011,0.8430587086400632,2.6485055187886004e-06,0.001,2.61207018744142e-06,2.6860147341911864e-06,,PUSH14,,,,,,,,,,,,,,,,,,,,,,
test_push,nethermind,PUSH14,presets[stack_push],1177,18.779054854314825,0.001,0.8695129267128132,0.8694018738844838,7.80151052960387e-07,0.001,7.621035877969417e-07,7.997857717209824e-07,,PUSH14,,,,,,,,,,,,,,,,,,,,,,
test_push,reth,PUSH14,presets[stack_push],99,10.497703792633388,0.001,0.8267959669998819,0.8250103584122518,5.445322211996966e-07,0.001,4.906118455541503e-07,5.923618142885241e-07,,PUSH14,,,,,,,,,,,,,,,,,,,,,,
test_push,besu,PUSH15,presets[stack_push],3773,60.1667174484087,0.001,0.5327024548431952,0.532578536109396,3.296413182865099e-06,0.001,3.1928389676385635e-06,3.390560292293277e-06,,PUSH15,,,,,,,,,,,,,,,,,,,,,,
test_push,erigon,PUSH15,presets[stack_push],253,36.820769062923105,0.001,0.7960499099059937,0.7952373597462565,3.45001766069469e-06,0.001,3.289859876953839e-06,3.6222176230173137e-06,,PUSH15,,,,,,,,,,,,,,,,,,,,,,
test_push,ethrex,PUSH15,presets[stack_push],1606,15.449715865211541,0.001,0.8095668867183644,0.8094481628322786,7.502616453455171e-07,0.001,7.304766411512987e-07,7.684446471707836e-07,,PUSH15,,,,,,,,,,,,,,,,,,,,,,
test_push,geth,PUSH15,presets[stack_push],4224,45.34254159298267,0.001,0.8119870344641567,0.8119425027338071,2.6534943819624127e-06,0.001,2.6122531897555715e-06,2.6959714670727267e-06,,PUSH15,,,,,,,,,,,,,,,,,,,,,,
test_push,nethermind,PUSH15,presets[stack_push],1177,21.101632992390336,0.001,0.6293947117399796,0.6290793029840136,7.580435978378213e-07,0.001,7.246458695490884e-07,7.874647318034797e-07,,PUSH15,,,,,,,,,,,,,,,,,,,,,,
test_push,reth,PUSH15,presets[stack_push],99,11.56800255234314,0.001,0.8589435619887418,0.8574893719061515,5.109779873317543e-07,0.001,4.670130145522784e-07,5.543570946790634e-07,,PUSH15,,,,,,,,,,,,,,,,,,,,,,
test_push,besu,PUSH16,presets[stack_push],3773,60.53149997959979,0.001,0.5288877592173964,0.5287628288963191,3.282175325649031e-06,0.001,3.183037949394164e-06,3.3822430244195106e-06,,PUSH16,,,,,,,,,,,,,,,,,,,,,,
test_push,erigon,PUSH16,presets[stack_push],253,30.184958408761783,0.001,0.7415487297021505,0.7405190433663025,3.447645743627649e-06,0.001,3.290461070327438e-06,3.6232393954733277e-06,,PUSH16,,,,,,,,,,,,,,,,,,,,,,
test_push,ethrex,PUSH16,presets[stack_push],1606,14.14814508190592,0.001,0.8200750546359772,0.8199628819767727,6.906028071102303e-07,0.001,6.722812617527808e-07,7.075754744139103e-07,,PUSH16,,,,,,,,,,,,,,,,,,,,,,
test_push,geth,PUSH16,presets[stack_push],4224,41.641837541418184,0.001,0.8452230815734176,0.8451864219527576,2.429851832276965e-06,0.001,2.3973224132183886e-06,2.466226819887654e-06,,PUSH16,,,,,,,,,,,,,,,,,,,,,,
test_push,nethermind,PUSH16,presets[stack_push],1177,18.20101280963767,0.001,0.8516829839219269,0.8515567566742008,7.422643821237969e-07,0.001,7.233111855649838e-07,7.62260592298191e-07,,PUSH16,,,,,,,,,,,,,,,,,,,,,,
test_push,reth,PUSH16,presets[stack_push],101,10.653319860866166,0.001,0.8414277359348796,0.8398259958938178,4.7366863197818794e-07,0.001,4.3439235320120386e-07,5.153753928567267e-07,,PUSH16,,,,,,,,,,,,,,,,,,,,,,
test_push,besu,PUSH17,presets[stack_push],3773,59.05447271908087,0.001,0.5342326615922317,0.5341091486411822,3.3075381167001493e-06,0.001,3.2127391290883723e-06,3.4027269510793235e-06,,PUSH17,,,,,,,,,,,,,,,,,,,,,,
test_push,erigon,PUSH17,presets[stack_push],253,36.792690246538825,0.001,0.734167015392703,0.7331079198364987,3.343465496374208e-06,0.001,3.18203887603641e-06,3.5194431038164223e-06,,PUSH17,,,,,,,,,,,,,,,,,,,,,,
test_push,ethrex,PUSH17,presets[stack_push],1606,14.490236430801426,0.001,0.8238472314173221,0.8237374104892781,7.207166453714602e-07,0.001,7.027699512598767e-07,7.382956187561639e-07,,PUSH17,,,,,,,,,,,,,,,,,,,,,,
test_push,geth,PUSH17,presets[stack_push],4224,40.50372788565167,0.001,0.8482180266560932,0.8481820764018668,2.4690268799228515e-06,0.001,2.4348060449458583e-06,2.500865673406812e-06,,PUSH17,,,,,,,,,,,,,,,,,,,,,,
test_push,nethermind,PUSH17,presets[stack_push],1177,18.976119034369464,0.001,0.5663277459629802,0.5659586631935869,7.836150562171588e-07,0.001,7.313365057053371e-07,8.432960290762602e-07,,PUSH17,,,,,,,,,,,,,,,,,,,,,,
test_push,reth,PUSH17,presets[stack_push],110,11.702910107795828,0.001,0.7421890773435393,0.7398019391707944,4.721666042871943e-07,0.001,4.29708032381592e-07,5.200256758274614e-07,,PUSH17,,,,,,,,,,,,,,,,,,,,,,
test_push,besu,PUSH18,presets[stack_push],3773,60.192405923320806,0.001,0.5276600642979847,0.5275348084147438,3.300096064924459e-06,0.001,3.1984336650817516e-06,3.4023929451276834e-06,,PUSH18,,,,,,,,,,,,,,,,,,,,,,
test_push,erigon,PUSH18,presets[stack_push],253,41.556564841207106,0.001,0.7277011859025655,0.726616330069508,3.287068244399439e-06,0.001,3.0348768425539274e-06,3.4852160633192887e-06,,PUSH18,,,,,,,,,,,,,,,,,,,,,,
test_push,ethrex,PUSH18,presets[stack_push],1606,14.078563815010744,0.001,0.8084220057987085,0.8083025681464633,7.1293573214147e-07,0.001,6.946341199306432e-07,7.331578944136958e-07,,PUSH18,,,,,,,,,,,,,,,,,,,,,,
test_push,geth,PUSH18,presets[stack_push],4224,41.63998649934814,0.001,0.8524736925311008,0.8524387502507909,2.4592026113295982e-06,0.001,2.4252510364908396e-06,2.4914434498263297e-06,,PUSH18,,,,,,,,,,,,,,,,,,,,,,
test_push,nethermind,PUSH18,presets[stack_push],1177,19.477385899792083,0.001,0.6705376812299839,0.6702572877672008,7.727702172867258e-07,0.001,7.488551897003587e-07,7.989814574875357e-07,,PUSH18,,,,,,,,,,,,,,,,,,,,,,
test_push,reth,PUSH18,presets[stack_push],110,8.349543439188452,0.001,0.8236657506945141,0.8220330261639077,5.765992445112991e-07,0.001,5.271440049752912e-07,6.273114931360089e-07,,PUSH18,,,,,,,,,,,,,,,,,,,,,,
test_push,besu,PUSH19,presets[stack_push],3773,60.39337580968849,0.001,0.5291503215674112,0.5290254608730509,3.2851554841665404e-06,0.001,3.1861190396516085e-06,3.3887696323850697e-06,,PUSH19,,,,,,,,,,,,,,,,,,,,,,
test_push,erigon,PUSH19,presets[stack_push],253,53.21144520639379,0.001,0.6528622875476494,0.6514792687729389,3.135291470686437e-06,0.001,2.829881603278725e-06,3.384233313464472e-06,,PUSH19,,,,,,,,,,,,,,,,,,,,,,
test_push,ethrex,PUSH19,presets[stack_push],1606,14.733633950300629,0.001,0.8122048901567416,0.8120878109112034,7.275649197064977e-07,0.001,7.084069387697459e-07,7.480431505650904e-07,,PUSH19,,,,,,,,,,,,,,,,,,,,,,
test_push,geth,PUSH19,presets[stack_push],4224,41.811816746268995,0.001,0.8441846117551052,0.8441477061681215,2.4573069959319825e-06,0.001,2.4226772043151725e-06,2.489749423066739e-06,,PUSH19,,,,,,,,,,,,,,,,,,,,,,
test_push,nethermind,PUSH19,presets[stack_push],1177,20.35083771829388,0.001,0.6751139010448994,0.6748374022372781,7.716423645732733e-07,0.001,7.400016222271508e-07,7.988136355360978e-07,,PUSH19,,,,,,,,,,,,,,,,,,,,,,
test_push,reth,PUSH19,presets[stack_push],110,12.149053442909619,0.001,0.7950591832385459,0.7931615830833472,5.161562332296787e-07,0.001,4.713435657699292e-07,5.565102471622858e-07,,PUSH19,,,,,,,,,,,,,,,,,,,,,,
test_push,besu,PUSH2,presets[stack_push],3773,60.582568104166214,0.001,0.5246088866234749,0.5244828216239055,3.262260405746618e-06,0.001,3.1573540121626156e-06,3.360277369199478e-06,,PUSH2,,,,,,,,,,,,,,,,,,,,,,
test_push,erigon,PUSH2,presets[stack_push],253,32.67243235028566,0.001,0.9370111763994348,0.9367602249109863,3.1896433127959076e-06,0.001,3.0860544713926575e-06,3.2833179466015273e-06,,PUSH2,,,,,,,,,,,,,,,,,,,,,,
test_push,ethrex,PUSH2,presets[stack_push],1606,14.117939257108711,0.001,0.7984815607057164,0.7983559257685005,6.791549409652846e-07,0.001,6.61914864896403e-07,6.974487291099635e-07,,PUSH2,,,,,,,,,,,,,,,,,,,,,,
test_push,geth,PUSH2,presets[stack_push],4224,30.41803868396689,0.001,0.8176943597940497,0.8176511798697944,1.7337143901327092e-06,0.001,1.706144795512867e-06,1.7614667104058738e-06,,PUSH2,,,,,,,,,,,,,,,,,,,,,,
test_push,nethermind,PUSH2,presets[stack_push],1177,16.75415384202843,0.001,0.7181220582725946,0.7178821621519755,9.51583987604548e-07,0.001,9.273401963051398e-07,9.743744844385904e-07,,PUSH2,,,,,,,,,,,,,,,,,,,,,,
test_push,reth,PUSH2,presets[stack_push],110,11.198094195145744,0.001,0.7790429118823895,0.7769970129183376,4.893071847342475e-07,0.001,4.4077488892762754e-07,5.435546454416449e-07,,PUSH2,,,,,,,,,,,,,,,,,,,,,,
test_push,besu,PUSH20,presets[stack_push],3773,59.233085035475256,0.001,0.5307792129251672,0.5306547841829039,3.305132616424732e-06,0.001,3.2038128427064407e-06,3.3989521795365063e-06,,PUSH20,,,,,,,,,,,,,,,,,,,,,,
test_push,erigon,PUSH20,presets[stack_push],253,49.27324158874068,0.001,0.7336438645491041,0.7325826847265906,3.1649273336848557e-06,0.001,2.85714916069441e-06,3.4047751945485923e-06,,PUSH20,,,,,,,,,,,,,,,,,,,,,,
test_push,ethrex,PUSH20,presets[stack_push],1606,13.429278445566608,0.001,0.8245952277997799,0.8244858732036451,7.339179345540013e-07,0.001,7.152508286153961e-07,7.523698264692541e-07,,PUSH20,,,,,,,,,,,,,,,,,,,,,,
test_push,geth,PUSH20,presets[stack_push],4224,39.37014854683711,0.001,0.7863916749685627,0.7863410808603126,2.3640191854331754e-06,0.001,2.3244652814831612e-06,2.402974115881285e-06,,PUSH20,,,,,,,,,,,,,,,,,,,,,,
test_push,nethermind,PUSH20,presets[stack_push],1177,14.573816720004954,0.001,0.8757423002482506,0.8756365490144193,8.242779312544442e-07,0.001,8.051871706410203e-07,8.440960153361598e-07,,PUSH20,,,,,,,,,,,,,,,,,,,,,,
test_push,reth,PUSH20,presets[stack_push],110,11.028557841281549,0.001,0.8391712792504789,0.837682124428724,5.292856092706303e-07,0.001,4.858185389539588e-07,5.735773187916878e-07,,PUSH20,,,,,,,,,,,,,,,,,,,,,,
test_push,besu,PUSH21,presets[stack_push],3773,60.223698146606644,0.001,0.5289840087389388,0.5288591039414683,3.293155026483354e-06,0.001,3.1983868601108384e-06,3.395625052004712e-06,,PUSH21,,,,,,,,,,,,,,,,,,,,,,
test_push,erigon,PUSH21,presets[stack_push],253,34.49707696853458,0.001,0.6929252215251037,0.6917018160331718,3.5331942979435116e-06,0.001,3.30698956736992e-06,3.7579265773108863e-06,,PUSH21,,,,,,,,,,,,,,,,,,,,,,
test_push,ethrex,PUSH21,presets[stack_push],1606,15.151906851715449,0.001,0.8013270036801048,0.8012031427098305,7.165289556133795e-07,0.001,6.987617312261381e-07,7.366923970654864e-07,,PUSH21,,,,,,,,,,,,,,,,,,,,,,
test_push,geth,PUSH21,presets[stack_push],4224,44.48268146222586,0.001,0.8470713818231118,0.847035159980815,2.63658239021974e-06,0.001,2.5988372908944075e-06,2.673398659961147e-06,,PUSH21,,,,,,,,,,,,,,,,,,,,,,
test_push,nethermind,PUSH21,presets[stack_push],1177,19.32790627335571,0.001,0.8670924742089574,0.8669793614210501,7.864521150453466e-07,0.001,7.672394908224422e-07,8.06975442250978e-07,,PUSH21,,,,,,,,,,,,,,,,,,,,,,
test_push,reth,PUSH21,presets[stack_push],110,8.03370330722036,0.001,0.8668733689098513,0.8656407149182759,5.789265135421552e-07,0.001,5.359348027008113e-07,6.270135170250345e-07,,PUSH21,,,,,,,,,,,,,,,,,,,,,,
test_push,besu,PUSH22,presets[stack_push],3773,52.02914947144373,0.001,0.5569010158968373,0.556783514177372,3.466879027005057e-06,0.001,3.3725192969296432e-06,3.57050644326888e-06,,PUSH22,,,,,,,,,,,,,,,,,,,,,,
test_push,erigon,PUSH22,presets[stack_push],253,41.853877325529105,0.001,0.6625061645921579,0.6611615676383418,3.3896127243361553e-06,0.001,3.193473587962381e-06,3.533487175215989e-06,,PUSH22,,,,,,,,,,,,,,,,,,,,,,
test_push,ethrex,PUSH22,presets[stack_push],1606,14.53297201170603,0.001,0.8163300534351853,0.8162155459872023,7.443659393835585e-07,0.001,7.248352914050776e-07,7.636098416612757e-07,,PUSH22,,,,,,,,,,,,,,,,,,,,,,
test_push,geth,PUSH22,presets[stack_push],4224,44.77014353242562,0.001,0.840255500762613,0.8402176645477297,2.637996453199598e-06,0.001,2.5991120626666147e-06,2.6767047118475907e-06,,PUSH22,,,,,,,,,,,,,,,,,,,,,,
test_push,nethermind,PUSH22,presets[stack_push],1177,19.770357947809707,0.001,0.8701975671456338,0.8700870969900131,7.793799125245186e-07,0.001,7.599474382236593e-07,7.960215221237872e-07,,PUSH22,,,,,,,,,,,,,,,,,,,,,,
test_push,reth,PUSH22,presets[stack_push],110,11.416773727213538,0.001,0.8327941920237816,0.8312459900980759,5.370438979369565e-07,0.001,4.968236740951618e-07,5.818346732270553e-07,,PUSH22,,,,,,,,,,,,,,,,,,,,,,
test_push,besu,PUSH23,presets[stack_push],3773,33.30002711098355,0.001,0.5860740134424569,0.5859642478665996,3.87235301311637e-06,0.001,3.760052778672751e-06,3.973795531403301e-06,,PUSH23,,,,,,,,,,,,,,,,,,,,,,
test_push,erigon,PUSH23,presets[stack_push],253,44.45802056567975,0.001,0.8506161052545118,0.8500209502953664,3.3187507152349677e-06,0.001,3.091667049738318e-06,3.48686016557389e-06,,PUSH23,,,,,,,,,,,,,,,,,,,,,,
test_push,ethrex,PUSH23,presets[stack_push],1606,16.01746941584761,0.001,0.8003508965178308,0.8002264270019441,7.566939168515562e-07,0.001,7.36862468126439e-07,7.762825302873217e-07,,PUSH23,,,,,,,,,,,,,,,,,,,,,,
test_push,geth,PUSH23,presets[stack_push],4224,45.650437364156865,0.001,0.842673498163951,0.8426362346628056,2.621273706855705e-06,0.001,2.584487808009188e-06,2.6587313749764195e-06,,PUSH23,,,,,,,,,,,,,,,,,,,,,,
test_push,nethermind,PUSH23,presets[stack_push],1177,19.630362966200277,0.001,0.8753506767044882,0.875244592174024,8.082530620462369e-07,0.001,7.900792203370442e-07,8.267601459018878e-07,,PUSH23,,,,,,,,,,,,,,,,,,,,,,
test_push,reth,PUSH23,presets[stack_push],110,10.895755891764777,0.001,0.8215663967251812,0.8199142337318959,5.267899667568208e-07,0.001,4.777013457844069e-07,5.695771852851795e-07,,PUSH23,,,,,,,,,,,,,,,,,,,,,,
test_push,besu,PUSH24,presets[stack_push],3773,60.44132009106705,0.001,0.5291577711913182,0.5290329124724615,3.295319800254508e-06,0.001,3.1926906612716924e-06,3.3941829520643042e-06,,PUSH24,,,,,,,,,,,,,,,,,,,,,,
test_push,erigon,PUSH24,presets[stack_push],253,36.41734961382696,0.001,0.7631258310642561,0.7621821092756675,3.3434005007928785e-06,0.001,3.2282002761889117e-06,3.4511730722065674e-06,,PUSH24,,,,,,,,,,,,,,,,,,,,,,
test_push,ethrex,PUSH24,presets[stack_push],1606,13.71198208644303,0.001,0.8203254108409019,0.8202133942641194,7.016776370158133e-07,0.001,6.838845433035712e-07,7.191443888820782e-07,,PUSH24,,,,,,,,,,,,,,,,,,,,,,
test_push,geth,PUSH24,presets[stack_push],4224,42.36337064019815,0.001,0.8335871455231467,0.833547729877842,2.4444069078589033e-06,0.001,2.408666184386362e-06,2.4821816886709964e-06,,PUSH24,,,,,,,,,,,,,,,,,,,,,,
test_push,nethermind,PUSH24,presets[stack_push],1177,19.81612623712964,0.001,0.8576701420358723,0.8575490102418604,7.680697801747941e-07,0.001,7.48472076840123e-07,7.867128570531044e-07,,PUSH24,,,,,,,,,,,,,,,,,,,,,,
test_push,reth,PUSH24,presets[stack_push],110,11.497109567301171,0.001,0.8370844632493495,0.8355759860572138,4.733613944081089e-07,0.001,4.3845263126914813e-07,5.112161815223204e-07,,PUSH24,,,,,,,,,,,,,,,,,,,,,,
test_push,besu,PUSH25,presets[stack_push],3773,60.24091273955247,0.001,0.5300052555644129,0.5298806215828602,3.29609398716086e-06,0.001,3.198431523330174e-06,3.392980461722275e-06,,PUSH25,,,,,,,,,,,,,,,,,,,,,,
test_push,erigon,PUSH25,presets[stack_push],253,40.0795397099633,0.001,0.8985242090239508,0.8981199230041259,3.2758355506162224e-06,0.001,3.1231239651403375e-06,3.4127518094224007e-06,,PUSH25,,,,,,,,,,,,,,,,,,,,,,
test_push,ethrex,PUSH25,presets[stack_push],1606,14.330943681663895,0.001,0.8050194280777314,0.8048978691176801,7.297546453147119e-07,0.001,7.103208583718646e-07,7.502874097593305e-07,,PUSH25,,,,,,,,,,,,,,,,,,,,,,
test_push,geth,PUSH25,presets[stack_push],4224,42.55618501499727,0.001,0.8385427937531388,0.838504551875771,2.4395173501875087e-06,0.001,2.4029815821905392e-06,2.4760660023864554e-06,,PUSH25,,,,,,,,,,,,,,,,,,,,,,
test_push,nethermind,PUSH25,presets[stack_push],1177,18.809081520756266,0.001,0.6877565026637873,0.6874907635171181,7.869323509714574e-07,0.001,7.63991567973002e-07,8.137932375771358e-07,,PUSH25,,,,,,,,,,,,,,,,,,,,,,
test_push,reth,PUSH25,presets[stack_push],110,11.76467774957295,0.001,0.8178998218605457,0.8162137090999951,4.796859512422972e-07,0.001,4.406321782589421e-07,5.194705093314762e-07,,PUSH25,,,,,,,,,,,,,,,,,,,,,,
test_push,besu,PUSH26,presets[stack_push],3773,57.844947782490124,0.001,0.538276176852499,0.5381537361674956,3.341222398250752e-06,0.001,3.2422195236729294e-06,3.4414856621452876e-06,,PUSH26,,,,,,,,,,,,,,,,,,,,,,
test_push,erigon,PUSH26,presets[stack_push],253,39.92847589448025,0.001,0.7342584099027762,0.733199678468126,3.334900589396677e-06,0.001,3.161048890141186e-06,3.496976200139121e-06,,PUSH26,,,,,,,,,,,,,,,,,,,,,,
test_push,ethrex,PUSH26,presets[stack_push],1606,14.679509120106632,0.001,0.8017796075525866,0.8016560287543026,7.265883991316462e-07,0.001,7.073213382468597e-07,7.45787350015651e-07,,PUSH26,,,,,,,,,,,,,,,,,,,,,,
test_push,geth,PUSH26,presets[stack_push],4224,40.744190870100546,0.001,0.8434807561145534,0.8434436838161438,2.4224578726158465e-06,0.001,2.3849827049264626e-06,2.4560293574601447e-06,,PUSH26,,,,,,,,,,,,,,,,,,,,,,
test_push,nethermind,PUSH26,presets[stack_push],1177,19.288111323008984,0.001,0.8665232726752667,0.8664096754605223,7.774444457447819e-07,0.001,7.58763354618753e-07,7.962469093742555e-07,,PUSH26,,,,,,,,,,,,,,,,,,,,,,
test_push,reth,PUSH26,presets[stack_push],110,8.830831277204068,0.001,0.8596161092065515,0.8583162583658714,5.201629771141308e-07,0.001,4.849946566019591e-07,5.583570957434207e-07,,PUSH26,,,,,,,,,,,,,,,,,,,,,,
test_push,besu,PUSH27,presets[stack_push],3773,60.06014019469771,0.001,0.5300778937361837,0.5299532790169411,3.2962378657999505e-06,0.001,3.2039070155634883e-06,3.3971784456268212e-06,,PUSH27,,,,,,,,,,,,,,,,,,,,,,
test_push,erigon,PUSH27,presets[stack_push],253,35.38474649662189,0.001,0.8583136230689771,0.857749135511483,3.3791952568322085e-06,0.001,3.2112918803617244e-06,3.5288386953829418e-06,,PUSH27,,,,,,,,,,,,,,,,,,,,,,
test_push,ethrex,PUSH27,presets[stack_push],1606,15.009543871249821,0.001,0.8040738404140222,0.8039516919354773,7.213258680278602e-07,0.001,7.021085833163552e-07,7.400498291954742e-07,,PUSH27,,,,,,,,,,,,,,,,,,,,,,
test_push,geth,PUSH27,presets[stack_push],4224,41.7388871793823,0.001,0.8431062660560626,0.8430691050579707,2.4584419753017656e-06,0.001,2.422763395207305e-06,2.492682360255148e-06,,PUSH27,,,,,,,,,,,,,,,,,,,,,,
test_push,nethermind,PUSH27,presets[stack_push],1177,19.37957295898345,0.001,0.8504526720153709,0.8503253976936819,7.924164154671852e-07,0.001,7.707781122311994e-07,8.133142417494299e-07,,PUSH27,,,,,,,,,,,,,,,,,,,,,,
test_push,reth,PUSH27,presets[stack_push],110,11.033232150548839,0.001,0.7620864057973218,0.7598835021472969,5.170337889070791e-07,0.001,4.6119632272120464e-07,5.808545709656191e-07,,PUSH27,,,,,,,,,,,,,,,,,,,,,,
test_push,besu,PUSH28,presets[stack_push],3773,56.62329340950036,0.001,0.5379160929149593,0.5377935567423036,3.377713657988994e-06,0.001,3.275475656417615e-06,3.482518490987733e-06,,PUSH28,,,,,,,,,,,,,,,,,,,,,,
test_push,erigon,PUSH28,presets[stack_push],253,27.405728068048706,0.002,0.7396634934996753,0.7386262962626222,3.501774651119435e-06,0.001,3.2341021918303173e-06,3.869345132921917e-06,,PUSH28,,,,,,,,,,,,,,,,,,,,,,
test_push,ethrex,PUSH28,presets[stack_push],1606,14.7458981312102,0.001,0.8044337319997186,0.8043118078924865,7.22513758643565e-07,0.001,7.027653572149589e-07,7.412418086305984e-07,,PUSH28,,,,,,,,,,,,,,,,,,,,,,
test_push,geth,PUSH28,presets[stack_push],4224,42.30130620758569,0.001,0.8407032370170583,0.8406655068505535,2.4375046420433834e-06,0.001,2.400862070812066e-06,2.478122237713661e-06,,PUSH28,,,,,,,,,,,,,,,,,,,,,,
test_push,nethermind,PUSH28,presets[stack_push],1177,18.23402648371059,0.001,0.871344888706576,0.8712353949948369,7.946106374467558e-07,0.001,7.760680159488218e-07,8.130392220401052e-07,,PUSH28,,,,,,,,,,,,,,,,,,,,,,
test_push,reth,PUSH28,presets[stack_push],110,9.958934320475542,0.001,0.7924113780356175,0.7904892611655768,5.108318280400554e-07,0.001,4.633375728536407e-07,5.600145694421071e-07,,PUSH28,,,,,,,,,,,,,,,,,,,,,,
test_push,besu,PUSH29,presets[stack_push],3773,57.98947621211244,0.001,0.5393814290438742,0.5392592814514701,3.3352225863546123e-06,0.001,3.2360276809996366e-06,3.4324946518999347e-06,,PUSH29,,,,,,,,,,,,,,,,,,,,,,
test_push,erigon,PUSH29,presets[stack_push],253,22.971922091066617,0.007,0.778215183781802,0.7773315789363111,3.7041559837764066e-06,0.001,3.4436023176764623e-06,4.039664408053625e-06,,PUSH29,,,,,,,,,,,,,,,,,,,,,,
test_push,ethrex,PUSH29,presets[stack_push],1606,14.754726759959043,0.001,0.8119163907216578,0.8117991316136289,7.266034731327208e-07,0.001,7.075262442946109e-07,7.449350788181304e-07,,PUSH29,,,,,,,,,,,,,,,,,,,,,,
test_push,geth,PUSH29,presets[stack_push],4224,44.84313501873379,0.001,0.8448307838478164,0.8447940313096467,2.616618390370505e-06,0.001,2.5764900897131693e-06,2.6550774830873536e-06,,PUSH29,,,,,,,,,,,,,,,,,,,,,,
test_push,nethermind,PUSH29,presets[stack_push],1177,19.407974369540135,0.001,0.8681487852360881,0.868036571436289,7.964733578948137e-07,0.001,7.783151306970052e-07,8.167847833998326e-07,,PUSH29,,,,,,,,,,,,,,,,,,,,,,
test_push,reth,PUSH29,presets[stack_push],110,11.020066108202611,0.001,0.7699996553237665,0.7678700225026902,5.387661093060066e-07,0.001,4.792471821311556e-07,6.104432411324393e-07,,PUSH29,,,,,,,,,,,,,,,,,,,,,,
test_push,besu,PUSH3,presets[stack_push],3773,60.25583596420557,0.001,0.5263211882077792,0.5261955772791681,3.2722847976822675e-06,0.001,3.1706799984608758e-06,3.3703961905680697e-06,,PUSH3,,,,,,,,,,,,,,,,,,,,,,
test_push,erigon,PUSH3,presets[stack_push],253,45.05093954684551,0.001,0.7523779623261707,0.7513914203434064,3.2034895937293857e-06,0.001,2.8263420053717168e-06,3.4557846745725673e-06,,PUSH3,,,,,,,,,,,,,,,,,,,,,,
test_push,ethrex,PUSH3,presets[stack_push],1606,14.640900172348777,0.001,0.8175742189666951,0.8174604871830086,7.279921722088759e-07,0.001,7.09110467917049e-07,7.468366090550726e-07,,PUSH3,,,,,,,,,,,,,,,,,,,,,,
test_push,geth,PUSH3,presets[stack_push],4224,43.454254986370664,0.001,0.8318660724181766,0.8318262491288393,2.4197408476761398e-06,0.001,2.383028188007674e-06,2.455565964438252e-06,,PUSH3,,,,,,,,,,,,,,,,,,,,,,
test_push,nethermind,PUSH3,presets[stack_push],1177,13.241381853929152,0.001,0.8154872472082371,0.8153302150782015,8.503825030382503e-07,0.001,8.224424678430059e-07,8.841986648281965e-07,,PUSH3,,,,,,,,,,,,,,,,,,,,,,
test_push,reth,PUSH3,presets[stack_push],110,11.449740707323414,0.001,0.8413897400016547,0.8399211264831514,4.6866405891211607e-07,0.001,4.3189076297854296e-07,5.035829035572247e-07,,PUSH3,,,,,,,,,,,,,,,,,,,,,,
test_push,besu,PUSH30,presets[stack_push],3773,60.71445997818657,0.001,0.5296908932033324,0.5295661758586502,3.287163366244573e-06,0.001,3.1863129034739206e-06,3.3763530060910272e-06,,PUSH30,,,,,,,,,,,,,,,,,,,,,,
test_push,erigon,PUSH30,presets[stack_push],253,49.34474134557921,0.001,0.5416626825910554,0.5398366375017767,3.3668616903055536e-06,0.001,2.9182142881776474e-06,3.809995317319355e-06,,PUSH30,,,,,,,,,,,,,,,,,,,,,,
test_push,ethrex,PUSH30,presets[stack_push],1606,14.910235024523073,0.001,0.8063551887039879,0.8062344625124068,7.205354326239713e-07,0.001,7.024884345426685e-07,7.382892205476327e-07,,PUSH30,,,,,,,,,,,,,,,,,,,,,,
test_push,geth,PUSH30,presets[stack_push],4224,45.90469808371648,0.001,0.8456134018337951,0.845576834662273,2.6023942711606562e-06,0.001,2.567667121676621e-06,2.639572421842588e-06,,PUSH30,,,,,,,,,,,,,,,,,,,,,,
test_push,nethermind,PUSH30,presets[stack_push],1177,18.723291300716436,0.001,0.8603386740458343,0.8602198133428947,8.119592305426007e-07,0.001,7.9177251621926e-07,8.320553054203853e-07,,PUSH30,,,,,,,,,,,,,,,,,,,,,,
test_push,reth,PUSH30,presets[stack_push],110,11.747919713968301,0.001,0.8451855773021747,0.8437521104253429,5.269114905685996e-07,0.001,4.835595338205396e-07,5.725973039530307e-07,,PUSH30,,,,,,,,,,,,,,,,,,,,,,
test_push,besu,PUSH31,presets[stack_push],3773,60.880297399701945,0.001,0.5286123633663009,0.5284873600152975,3.28659159391876e-06,0.001,3.1825217019852834e-06,3.386469873885358e-06,,PUSH31,,,,,,,,,,,,,,,,,,,,,,
test_push,erigon,PUSH31,presets[stack_push],253,33.95002292833431,0.003,0.6969949029293903,0.695787711307595,3.5443931950109736e-06,0.001,3.204110530332379e-06,3.927019037972127e-06,,PUSH31,,,,,,,,,,,,,,,,,,,,,,
test_push,ethrex,PUSH31,presets[stack_push],1606,15.146121335924713,0.001,0.8029584003343866,0.8028355564443208,7.734818187937517e-07,0.001,7.537417840066578e-07,7.929386414869341e-07,,PUSH31,,,,,,,,,,,,,,,,,,,,,,
test_push,geth,PUSH31,presets[stack_push],4224,45.915602345421334,0.001,0.8394306856564939,0.8393926540803822,2.6398121236394787e-06,0.001,2.6029478250982006e-06,2.6795413235589884e-06,,PUSH31,,,,,,,,,,,,,,,,,,,,,,
test_push,nethermind,PUSH31,presets[stack_push],1177,19.46718089688429,0.001,0.8516795014762999,0.8515532712647904,8.122476267802642e-07,0.001,7.946668186162075e-07,8.315048089603144e-07,,PUSH31,,,,,,,,,,,,,,,,,,,,,,
test_push,reth,PUSH31,presets[stack_push],110,11.001561326983962,0.001,0.8439686405206598,0.8425239057106659,5.290741970775603e-07,0.001,4.864468071704344e-07,5.737842727625324e-07,,PUSH31,,,,,,,,,,,,,,,,,,,,,,
test_push,besu,PUSH32,presets[stack_push],3773,62.901221628414376,0.001,0.5346381512984297,0.5345147458758093,3.1929798340605646e-06,0.001,3.093434225603115e-06,3.285580750857251e-06,,PUSH32,,,,,,,,,,,,,,,,,,,,,,
test_push,erigon,PUSH32,presets[stack_push],253,57.06412820751647,0.001,0.6288160782551473,0.6273372578497893,3.1208175206207835e-06,0.001,2.6911984260112352e-06,3.4664816654341824e-06,,PUSH32,,,,,,,,,,,,,,,,,,,,,,
test_push,ethrex,PUSH32,presets[stack_push],1606,15.032734573640125,0.001,0.8063524369822738,0.8062317090751555,7.778099423682776e-07,0.001,7.569153930694808e-07,7.98687307166536e-07,,PUSH32,,,,,,,,,,,,,,,,,,,,,,
test_push,geth,PUSH32,presets[stack_push],4224,39.78521345280159,0.001,0.8168146989985656,0.8167713107226298,2.289569325709511e-06,0.001,2.2538305035326865e-06,2.325640090923336e-06,,PUSH32,,,,,,,,,,,,,,,,,,,,,,
test_push,nethermind,PUSH32,presets[stack_push],1177,14.351817269157713,0.001,0.8589151849975158,0.858795112814535,7.799018343781374e-07,0.001,7.603091241744217e-07,7.984118611217424e-07,,PUSH32,,,,,,,,,,,,,,,,,,,,,,
test_push,reth,PUSH32,presets[stack_push],110,9.945414112245727,0.001,0.8477352149076498,0.8463253557864243,5.125406415302176e-07,0.001,4.7123241889708836e-07,5.57804214603384e-07,,PUSH32,,,,,,,,,,,,,,,,,,,,,,
test_push,besu,PUSH4,presets[stack_push],3773,60.60355457807708,0.001,0.5268178211040706,0.5266923418733902,3.2689752746700148e-06,0.001,3.1719362933310805e-06,3.3649683683884984e-06,,PUSH4,,,,,,,,,,,,,,,,,,,,,,
test_push,erigon,PUSH4,presets[stack_push],253,44.279496901819265,0.001,0.6737450368028095,0.6724452162323027,3.2153814594912663e-06,0.001,2.9185182574424944e-06,3.4168482054991107e-06,,PUSH4,,,,,,,,,,,,,,,,,,,,,,
test_push,ethrex,PUSH4,presets[stack_push],1606,13.518841364503839,0.001,0.8071870999785848,0.8070668924349306,6.854582185464854e-07,0.001,6.681610978462864e-07,7.037099779855251e-07,,PUSH4,,,,,,,,,,,,,,,,,,,,,,
test_push,geth,PUSH4,presets[stack_push],4224,41.61462612133881,0.001,0.8393870881428552,0.8393490462404731,2.4436513235407023e-06,0.001,2.4081183161867104e-06,2.479336366451552e-06,,PUSH4,,,,,,,,,,,,,,,,,,,,,,
test_push,nethermind,PUSH4,presets[stack_push],1177,15.101746272049963,0.001,0.8630295783432076,0.8629130077715848,8.214951402676211e-07,0.001,8.006751744265214e-07,8.412181562779581e-07,,PUSH4,,,,,,,,,,,,,,,,,,,,,,
test_push,reth,PUSH4,presets[stack_push],110,10.331156818760743,0.001,0.8331652724129353,0.8316205064167588,4.95743499078069e-07,0.001,4.507211929521299e-07,5.454951360438286e-07,,PUSH4,,,,,,,,,,,,,,,,,,,,,,
test_push,besu,PUSH5,presets[stack_push],3773,60.47149885695792,0.001,0.5259396350060133,0.5258139228964949,3.267830879052532e-06,0.001,3.1733909989670708e-06,3.3710209962016857e-06,,PUSH5,,,,,,,,,,,,,,,,,,,,,,
test_push,erigon,PUSH5,presets[stack_push],253,33.53015215411251,0.001,0.760215234213699,0.7592599164217216,3.3558503773205535e-06,0.001,3.179579591385429e-06,3.547346719528179e-06,,PUSH5,,,,,,,,,,,,,,,,,,,,,,
test_push,ethrex,PUSH5,presets[stack_push],1606,12.337600857582222,0.001,0.8373376819489408,0.8372362715262156,7.710359278422295e-07,0.001,7.541947764899459e-07,7.893991684181734e-07,,PUSH5,,,,,,,,,,,,,,,,,,,,,,
test_push,geth,PUSH5,presets[stack_push],4224,42.327692594180476,0.001,0.8371307115808482,0.8370921352453629,2.370812016605064e-06,0.001,2.3369485548689865e-06,2.403985407409861e-06,,PUSH5,,,,,,,,,,,,,,,,,,,,,,
test_push,nethermind,PUSH5,presets[stack_push],1177,19.126757738198442,0.001,0.8658323315203991,0.8657181462706292,7.779511145070801e-07,0.001,7.594662047723116e-07,7.961670028953905e-07,,PUSH5,,,,,,,,,,,,,,,,,,,,,,
test_push,reth,PUSH5,presets[stack_push],110,9.560010459034597,0.001,0.8680625692096391,0.8668409263319505,5.001566609507851e-07,0.001,4.6285083207023215e-07,5.36910577766481e-07,,PUSH5,,,,,,,,,,,,,,,,,,,,,,
test_push,besu,PUSH6,presets[stack_push],3773,22.94614601539594,0.001,0.6133923248913631,0.6132898036303955,4.482450986685209e-06,0.001,4.368774167156418e-06,4.600164288120076e-06,,PUSH6,,,,,,,,,,,,,,,,,,,,,,
test_push,erigon,PUSH6,presets[stack_push],253,47.21621435265168,0.001,0.7728931341553584,0.7719883259249016,3.147613469631901e-06,0.001,2.808614549505356e-06,3.3799594957147717e-06,,PUSH6,,,,,,,,,,,,,,,,,,,,,,
test_push,ethrex,PUSH6,presets[stack_push],1606,14.833777320056692,0.001,0.8105829070488741,0.8104648165919222,7.200131578926212e-07,0.001,7.019257318177587e-07,7.363976026349108e-07,,PUSH6,,,,,,,,,,,,,,,,,,,,,,
test_push,geth,PUSH6,presets[stack_push],4224,42.619218301134445,0.001,0.8405565087312141,0.8405187438114441,2.420120298284489e-06,0.001,2.383688753448669e-06,2.45240746042256e-06,,PUSH6,,,,,,,,,,,,,,,,,,,,,,
test_push,nethermind,PUSH6,presets[stack_push],1177,20.263370205308906,0.001,0.7743791991446166,0.7741871814417609,7.696522130437825e-07,0.001,7.485944314870849e-07,7.893137211611743e-07,,PUSH6,,,,,,,,,,,,,,,,,,,,,,
test_push,reth,PUSH6,presets[stack_push],110,9.886230341397418,0.001,0.7992829825835361,0.7974244916815318,5.039268692872054e-07,0.001,4.5699132312069706e-07,5.494424897704087e-07,,PUSH6,,,,,,,,,,,,,,,,,,,,,,
test_push,besu,PUSH7,presets[stack_push],3773,71.11954611068427,0.001,0.5420469685703688,0.5419255278301329,3.7279018107782377e-06,0.001,3.6223160710523454e-06,3.839687245673118e-06,,PUSH7,,,,,,,,,,,,,,,,,,,,,,
test_push,erigon,PUSH7,presets[stack_push],253,37.936359305611425,0.001,0.6161252203602391,0.6145958387680488,3.5124848623446943e-06,0.001,3.256467872373083e-06,3.795504405859659e-06,,PUSH7,,,,,,,,,,,,,,,,,,,,,,
test_push,ethrex,PUSH7,presets[stack_push],1606,15.550621048000949,0.001,0.8198162100575802,0.8197038760239503,8.102001942928116e-07,0.001,7.888128406279882e-07,8.310599153324508e-07,,PUSH7,,,,,,,,,,,,,,,,,,,,,,
test_push,geth,PUSH7,presets[stack_push],4224,46.098279702979255,0.001,0.8381699289142343,0.838131598722125,2.584017474386928e-06,0.001,2.545194023295932e-06,2.6183883128324968e-06,,PUSH7,,,,,,,,,,,,,,,,,,,,,,
test_push,nethermind,PUSH7,presets[stack_push],1177,19.548085322550094,0.001,0.8708136565074374,0.8707037106831883,8.132444558268538e-07,0.001,7.946938523164678e-07,8.324609647855949e-07,,PUSH7,,,,,,,,,,,,,,,,,,,,,,
test_push,reth,PUSH7,presets[stack_push],110,10.633174859257887,0.001,0.8525988373119675,0.8512340117315228,4.889873445851198e-07,0.001,4.50153504672604e-07,5.320069025788292e-07,,PUSH7,,,,,,,,,,,,,,,,,,,,,,
test_push,besu,PUSH8,presets[stack_push],3773,71.29551518053202,0.001,0.566374499018705,0.5662595094931199,3.22210845964831e-06,0.001,3.1241853745254914e-06,3.3187577127340974e-06,,PUSH8,,,,,,,,,,,,,,,,,,,,,,
test_push,erigon,PUSH8,presets[stack_push],253,30.718042247460485,0.001,0.7789459830325741,0.7780652897378831,3.4116640648255344e-06,0.001,3.279256958197124e-06,3.541947533423124e-06,,PUSH8,,,,,,,,,,,,,,,,,,,,,,
test_push,ethrex,PUSH8,presets[stack_push],1606,14.274303620777046,0.001,0.7903398208379139,0.7902091100030249,6.821428052338375e-07,0.001,6.640659451580199e-07,7.02005517835529e-07,,PUSH8,,,,,,,,,,,,,,,,,,,,,,
test_push,geth,PUSH8,presets[stack_push],4224,43.62673652488899,0.001,0.8385600509225708,0.8385218131326424,2.392178912516729e-06,0.001,2.356884376915202e-06,2.4261146473443416e-06,,PUSH8,,,,,,,,,,,,,,,,,,,,,,
test_push,nethermind,PUSH8,presets[stack_push],1177,19.71147409753996,0.001,0.8491467157458646,0.8490183299720313,7.296550123765657e-07,0.001,7.096284565662807e-07,7.505136794062385e-07,,PUSH8,,,,,,,,,,,,,,,,,,,,,,
test_push,reth,PUSH8,presets[stack_push],110,8.39673854389798,0.001,0.8307048127211333,0.8291372646907734,5.174250389217117e-07,0.001,4.777730169582234e-07,5.624623346144709e-07,,PUSH8,,,,,,,,,,,,,,,,,,,,,,
test_push,besu,PUSH9,presets[stack_push],3773,61.85040948766163,0.001,0.530385116027318,0.5302605827777893,3.2684728845346332e-06,0.001,3.1728814252997565e-06,3.3701822004139723e-06,,PUSH9,,,,,,,,,,,,,,,,,,,,,,
test_push,erigon,PUSH9,presets[stack_push],253,35.26333351174994,0.001,0.666325412087986,0.6649960312596512,3.3687620456706744e-06,0.001,3.126542597962616e-06,3.6291863973297038e-06,,PUSH9,,,,,,,,,,,,,,,,,,,,,,
test_push,ethrex,PUSH9,presets[stack_push],1606,13.230245036571102,0.001,0.8151653394929765,0.8150501059141069,6.977077811929293e-07,0.001,6.803689803609624e-07,7.167259397315706e-07,,PUSH9,,,,,,,,,,,,,,,,,,,,,,
test_push,geth,PUSH9,presets[stack_push],4224,43.03916860391045,0.001,0.8318019035295935,0.8317620650415617,2.3686733901726805e-06,0.001,2.3333961798333968e-06,2.4020217610023447e-06,,PUSH9,,,,,,,,,,,,,,,,,,,,,,
test_push,nethermind,PUSH9,presets[stack_push],1177,19.799084674539216,0.001,0.8422727810776611,0.8421385451466634,7.506843387738397e-07,0.001,7.32548917602717e-07,7.695198483040495e-07,,PUSH9,,,,,,,,,,,,,,,,,,,,,,
test_push,reth,PUSH9,presets[stack_push],110,9.424819643330752,0.001,0.8368334133190262,0.8353226115904986,5.082809058852542e-07,0.001,4.697307609748616e-07,5.491422575303445e-07,,PUSH9,,,,,,,,,,,,,,,,,,,,,,
test_returndatacopy,besu,RETURNDATACOPY,presets[call_returndatacopy],3773,107.51099682159969,0.001,0.4932217034261748,0.4930873151215941,1.647426639112872e-05,0.001,1.5933423182987697e-05,1.7017716990980313e-05,,,,,0,0,,,,,,,,,,,,,,,,,,
test_returndatacopy,erigon,RETURNDATACOPY,presets[call_returndatacopy],253,23.97311819750609,0.001,0.9396968825000714,0.9394566310359282,7.834557608348741e-06,0.001,7.605997705096623e-06,8.056417514515632e-06,,,,,0,0,,,,,,,,,,,,,,,,,,
test_returndatacopy,ethrex,RETURNDATACOPY,presets[call_returndatacopy],1606,12.852792066720673,0.001,0.8233360186170919,0.8232258789778257,2.3088086116786875e-06,0.001,2.251389388706742e-06,2.3680361754702385e-06,,,,,0,0,,,,,,,,,,,,,,,,,,
test_returndatacopy,geth,RETURNDATACOPY,presets[call_returndatacopy],4224,70.00785919811138,0.001,0.797690476325297,0.7976425583897985,1.0850298837560865e-05,0.001,1.0679643748588479e-05,1.10253675618536e-05,,,,,0,0,,,,,,,,,,,,,,,,,,
test_returndatacopy,nethermind,RETURNDATACOPY,presets[call_returndatacopy],1177,20.365030039045486,0.001,0.8526626876061648,0.8525372941488083,3.0769269999046574e-06,0.001,2.9922659583583357e-06,3.154614761181113e-06,,,,,0,0,,,,,,,,,,,,,,,,,,
test_returndatacopy,reth,RETURNDATACOPY,presets[call_returndatacopy],99,13.151588954598354,0.001,0.7863055460408747,0.7841025104330486,1.8227400966295537e-06,0.001,1.6378591098580707e-06,2.0469551200994623e-06,,,,,0,0,,,,,,,,,,,,,,,,,,
test_returndatacopy,besu,RETURNDATACOPY,presets[call_returndatacopy],3773,13.958310697041782,0.001,0.556921613999762,0.5568041177425358,2.1833803298222668e-05,0.001,2.1195066268139877e-05,2.24407950456948e-05,,,,,0,1024,,,,,,,,,,,,,,,,,,
test_returndatacopy,erigon,RETURNDATACOPY,presets[call_returndatacopy],253,9.807070287342768,0.001,0.8785846896700796,0.8781009633341038,1.0384891739333008e-05,0.001,9.901186897003459e-06,1.0850026241486504e-05,,,,,0,1024,,,,,,,,,,,,,,,,,,
test_returndatacopy,ethrex,RETURNDATACOPY,presets[call_returndatacopy],1606,4.363171640069402,0.001,0.7587616004972885,0.7586112024926109,4.874033355311191e-06,0.001,4.726290969555026e-06,5.018137101447786e-06,,,,,0,1024,,,,,,,,,,,,,,,,,,
test_returndatacopy,geth,RETURNDATACOPY,presets[call_returndatacopy],4224,10.250042792960224,0.001,0.6741010791807547,0.6740238885315791,1.4395828477813293e-05,0.001,1.4053013143657868e-05,1.4728354711404494e-05,,,,,0,1024,,,,,,,,,,,,,,,,,,
test_returndatacopy,nethermind,RETURNDATACOPY,presets[call_returndatacopy],1177,6.8818366347791695,0.001,0.8240961514598386,0.8239464460568258,9.556985189899585e-06,0.001,9.273506733385051e-06,9.818448742960517e-06,,,,,0,1024,,,,,,,,,,,,,,,,,,
test_returndatacopy,reth,RETURNDATACOPY,presets[call_returndatacopy],99,3.3374198128440895,0.001,0.7235419545998466,0.720691871657577,4.838501661280725e-06,0.001,4.328035516956752e-06,5.403847717087347e-06,,,,,0,1024,,,,,,,,,,,,,,,,,,
test_returndatacopy,besu,RETURNDATACOPY,presets[call_returndatacopy],3773,7.544299061479267,0.001,0.5280838174426217,0.5279586739309385,3.120052690635671e-05,0.001,3.0285064167383665e-05,3.218442226053179e-05,,,,,0,10240,,,,,,,,,,,,,,,,,,
test_returndatacopy,erigon,RETURNDATACOPY,presets[call_returndatacopy],253,6.962476345591251,0.001,0.845523383113366,0.8449079384245746,2.900677793862848e-05,0.001,2.717742234151114e-05,3.066911051393545e-05,,,,,0,10240,,,,,,,,,,,,,,,,,,
test_returndatacopy,ethrex,RETURNDATACOPY,presets[call_returndatacopy],1606,3.1447074518291895,0.001,0.7430642872681128,0.7429041029085542,2.450899118960936e-05,0.001,2.3723674324994507e-05,2.521502109375347e-05,,,,,0,10240,,,,,,,,,,,,,,,,,,
test_returndatacopy,geth,RETURNDATACOPY,presets[call_returndatacopy],4224,4.293673298988568,0.001,0.2900395401795671,0.2898713827992213,2.977208919887918e-05,0.001,2.8375042849270642e-05,3.1237465431073496e-05,,,,,0,10240,,,,,,,,,,,,,,,,,,
test_returndatacopy,nethermind,RETURNDATACOPY,presets[call_returndatacopy],1177,3.6855326193826046,0.001,0.712935493306737,0.7126911830882747,2.7769770512354066e-05,0.001,2.6711104499513242e-05,2.877754686981064e-05,,,,,0,10240,,,,,,,,,,,,,,,,,,
test_returndatacopy,reth,RETURNDATACOPY,presets[call_returndatacopy],99,2.1084758712683476,0.001,0.5224848009553579,0.517561963851805,2.7883162639850498e-05,0.001,2.2455686637927788e-05,3.572457423170318e-05,,,,,0,10240,,,,,,,,,,,,,,,,,,
test_returndatacopy,besu,RETURNDATACOPY,presets[call_returndatacopy],3773,12.590785998663435,0.001,0.0765842782115288,0.07633940530731553,0.0017189151344489458,0.001,0.0015304242544575595,0.0019417189584835174,,,,,0,1048576,,,,,,,,,,,,,,,,,,
test_returndatacopy,erigon,RETURNDATACOPY,presets[call_returndatacopy],253,24.70356032822601,0.001,0.334710910628812,0.3320603564878909,0.004494950889793919,0.001,0.0035516582744047746,0.005830391777324649,,,,,0,1048576,,,,,,,,,,,,,,,,,,
test_returndatacopy,ethrex,RETURNDATACOPY,presets[call_returndatacopy],1606,9.222670043487188,0.001,0.24588817809040864,0.2454180335630335,0.0012645224322119849,0.001,0.001147311551215174,0.0014007137804586498,,,,,0,1048576,,,,,,,,,,,,,,,,,,
test_returndatacopy,geth,RETURNDATACOPY,presets[call_returndatacopy],4224,26.48491675377562,0.001,0.12891312643470998,0.12870680552671254,0.0051721029874563975,0.001,0.004754099856394928,0.0056687415227126975,,,,,0,1048576,,,,,,,,,,,,,,,,,,
test_returndatacopy,nethermind,RETURNDATACOPY,presets[call_returndatacopy],1177,9.94732056498361,0.001,0.27991504906381526,0.27930221080769935,0.0013905747462422172,0.001,0.001253326160870637,0.001563900454146096,,,,,0,1048576,,,,,,,,,,,,,,,,,,
test_returndatacopy,reth,RETURNDATACOPY,presets[call_returndatacopy],99,8.843359474452441,0.001,0.13281900438073257,0.1238789941166164,0.0009438603403549922,0.001,0.0005622901245483524,0.0016803915861183486,,,,,0,1048576,,,,,,,,,,,,,,,,,,
test_returndatacopy,besu,RETURNDATACOPY,presets[call_returndatacopy],3773,39.18764473374988,0.001,0.5206301198492711,0.5205029997537658,2.0653958724672063e-05,0.001,2.006767104437348e-05,2.1326924831760333e-05,,,,,0,256,,,,,,,,,,,,,,,,,,
test_returndatacopy,erigon,RETURNDATACOPY,presets[call_returndatacopy],253,20.74002512361406,0.001,0.15752076135410364,0.15416427036348246,8.642458419431162e-06,0.001,8.03870823390025e-06,9.459991378403746e-06,,,,,0,256,,,,,,,,,,,,,,,,,,
test_returndatacopy,ethrex,RETURNDATACOPY,presets[call_returndatacopy],1606,6.873633426126026,0.001,0.7926260954864808,0.7924968100098514,3.467038002357742e-06,0.001,3.3802227384409035e-06,3.561837540127132e-06,,,,,0,256,,,,,,,,,,,,,,,,,,
test_returndatacopy,geth,RETURNDATACOPY,presets[call_returndatacopy],4224,21.186529121205528,0.001,0.7655021269139685,0.7654465850207695,1.356106350138734e-05,0.001,1.3318980497950855e-05,1.3778947003274761e-05,,,,,0,256,,,,,,,,,,,,,,,,,,
test_returndatacopy,nethermind,RETURNDATACOPY,presets[call_returndatacopy],1177,12.503196817241584,0.001,0.8538886781131516,0.8537643280519713,7.484261323950193e-06,0.001,7.293537115081789e-06,7.680105893754736e-06,,,,,0,256,,,,,,,,,,,,,,,,,,
test_returndatacopy,reth,RETURNDATACOPY,presets[call_returndatacopy],99,4.719144171817311,0.001,0.8178414553504678,0.8159635322097509,3.737831801635611e-06,0.001,3.410152000700469e-06,4.086726922093925e-06,,,,,0,256,,,,,,,,,,,,,,,,,,
test_returndatacopy,besu,RETURNDATACOPY,presets[call_returndatacopy],3773,103.72785242740922,0.001,0.45795143487310486,0.4578076935405334,2.0761762728688558e-05,0.001,1.9989436409070842e-05,2.148069553131839e-05,,,,,0,32,,,,,,,,,,,,,,,,,,
test_returndatacopy,erigon,RETURNDATACOPY,presets[call_returndatacopy],253,21.54758186292201,0.001,0.9362095358721867,0.9359553905967771,8.668771249307344e-06,0.001,8.404648659056508e-06,8.936457991697375e-06,,,,,0,32,,,,,,,,,,,,,,,,,,
test_returndatacopy,ethrex,RETURNDATACOPY,presets[call_returndatacopy],1606,14.545488208876348,0.001,0.8168003476299981,0.8166861333828846,2.9075746947304505e-06,0.001,2.8336309500372094e-06,2.9863683034399195e-06,,,,,0,32,,,,,,,,,,,,,,,,,,
test_returndatacopy,geth,RETURNDATACOPY,presets[call_returndatacopy],4224,57.69971783564003,0.001,0.7985716578063828,0.7985239485827462,1.1821931831006265e-05,0.001,1.1629672279123251e-05,1.203022204301822e-05,,,,,0,32,,,,,,,,,,,,,,,,,,
test_returndatacopy,nethermind,RETURNDATACOPY,presets[call_returndatacopy],1177,25.3569402409816,0.001,0.8713084684684194,0.8711989437607329,6.46356453966745e-06,0.001,6.30404058482551e-06,6.625294478244893e-06,,,,,0,32,,,,,,,,,,,,,,,,,,
test_returndatacopy,reth,RETURNDATACOPY,presets[call_returndatacopy],99,10.415898929453167,0.001,0.8115565651783594,0.8096138493554559,3.118470314273326e-06,0.001,2.845642843735118e-06,3.384636461129746e-06,,,,,0,32,,,,,,,,,,,,,,,,,,
test_returndatacopy,besu,RETURNDATACOPY,presets[call_returndatacopy],3773,96.54050695496319,0.001,0.49748491465124856,0.4973516568720524,1.691114798588872e-05,0.001,1.640027548296168e-05,1.7455347131052793e-05,,,,,1024,0,,,,,,,,,,,,,,,,,,
test_returndatacopy,erigon,RETURNDATACOPY,presets[call_returndatacopy],253,24.726549558558666,0.001,0.7998946068380257,0.7990973741959462,7.873341294298389e-06,0.001,7.596450194221617e-06,8.135352981148845e-06,,,,,1024,0,,,,,,,,,,,,,,,,,,
test_returndatacopy,ethrex,RETURNDATACOPY,presets[call_returndatacopy],1606,13.486490985958149,0.001,0.8100300002034916,0.8099115650415237,2.2610802742148135e-06,0.001,2.2006891762875546e-06,2.319620492167536e-06,,,,,1024,0,,,,,,,,,,,,,,,,,,
test_returndatacopy,geth,RETURNDATACOPY,presets[call_returndatacopy],4224,67.08432220464792,0.001,0.8085212245415291,0.8084758719182561,1.1079531216632294e-05,0.001,1.0901039974422594e-05,1.1256613386042176e-05,,,,,1024,0,,,,,,,,,,,,,,,,,,
test_returndatacopy,nethermind,RETURNDATACOPY,presets[call_returndatacopy],1177,17.264504710868852,0.001,0.8346975781876036,0.8345568952754229,3.2163026668042906e-06,0.001,3.132132490096054e-06,3.2992392419004875e-06,,,,,1024,0,,,,,,,,,,,,,,,,,,
test_returndatacopy,reth,RETURNDATACOPY,presets[call_returndatacopy],99,12.564405637519288,0.001,0.8041403591250166,0.8021211875696044,1.941962071468978e-06,0.001,1.7881646637929388e-06,2.1158723872729126e-06,,,,,1024,0,,,,,,,,,,,,,,,,,,
test_returndatacopy,besu,RETURNDATACOPY,presets[call_returndatacopy],3773,14.088656437964927,0.001,0.5507904149355657,0.5506712927968587,2.181568780863024e-05,0.001,2.119915561454555e-05,2.2462378764818483e-05,,,,,1024,1024,,,,,,,,,,,,,,,,,,
test_returndatacopy,erigon,RETURNDATACOPY,presets[call_returndatacopy],253,7.903062576891074,0.006,0.046888862651226826,0.04309160712394078,1.2604115700785278e-05,0.001,9.93801650599505e-06,1.8011735847327343e-05,,,,,1024,1024,,,,,,,,,,,,,,,,,,
test_returndatacopy,ethrex,RETURNDATACOPY,presets[call_returndatacopy],1606,4.386578265995023,0.001,0.750386710090319,0.7502310908322706,4.864031410182093e-06,0.001,4.717761196077932e-06,5.001240593366451e-06,,,,,1024,1024,,,,,,,,,,,,,,,,,,
test_returndatacopy,geth,RETURNDATACOPY,presets[call_returndatacopy],4224,9.96939694581735,0.001,0.6735822848563082,0.6735049713283254,1.4674583100758335e-05,0.001,1.435735929962133e-05,1.5024061605789052e-05,,,,,1024,1024,,,,,,,,,,,,,,,,,,
test_returndatacopy,nethermind,RETURNDATACOPY,presets[call_returndatacopy],1177,6.149867137785344,0.001,0.4744706296333083,0.47402337059469835,1.0042269812963904e-05,0.001,9.465501018489823e-06,1.0940039792049974e-05,,,,,1024,1024,,,,,,,,,,,,,,,,,,
test_returndatacopy,reth,RETURNDATACOPY,presets[call_returndatacopy],99,3.572696437523826,0.001,0.5447244437030587,0.5400308812670078,4.977110871588159e-06,0.001,4.094436424545713e-06,6.159103333598762e-06,,,,,1024,1024,,,,,,,,,,,,,,,,,,
test_returndatacopy,besu,RETURNDATACOPY,presets[call_returndatacopy],3773,4.804955762776141,0.001,0.6859254102359821,0.6858421234182244,3.996526151306159e-05,0.001,3.909306415384452e-05,4.0911436865838706e-05,,,,,1024,10240,,,,,,,,,,,,,,,,,,
test_returndatacopy,erigon,RETURNDATACOPY,presets[call_returndatacopy],253,7.009084472585645,0.001,0.42178375879270935,0.4194801084293337,2.8782392954697332e-05,0.001,2.422455023564289e-05,3.635519992911816e-05,,,,,1024,10240,,,,,,,,,,,,,,,,,,
test_returndatacopy,ethrex,RETURNDATACOPY,presets[call_returndatacopy],1606,3.043796607213232,0.001,0.7725359234583633,0.7723941129368286,2.4643691136266437e-05,0.001,2.396793963685277e-05,2.5318504997132236e-05,,,,,1024,10240,,,,,,,,,,,,,,,,,,
test_returndatacopy,geth,RETURNDATACOPY,presets[call_returndatacopy],4224,4.440336188729143,0.001,0.26619607451246874,0.26602226969828413,2.9580392329523708e-05,0.001,2.8140985493478294e-05,3.110910813639416e-05,,,,,1024,10240,,,,,,,,,,,,,,,,,,
test_returndatacopy,nethermind,RETURNDATACOPY,presets[call_returndatacopy],1177,3.686155708100988,0.001,0.7818449324977284,0.7816592686104924,2.7897819816165177e-05,0.001,2.700356969216695e-05,2.879786425625773e-05,,,,,1024,10240,,,,,,,,,,,,,,,,,,
test_returndatacopy,reth,RETURNDATACOPY,presets[call_returndatacopy],99,3.0866423058685104,0.001,0.5294805699002576,0.5246298541260335,2.2878439449232327e-05,0.001,1.900022891184116e-05,2.7224768484978292e-05,,,,,1024,10240,,,,,,,,,,,,,,,,,,
test_returndatacopy,besu,RETURNDATACOPY,presets[call_returndatacopy],3773,12.908920320235445,0.001,0.10988759005270232,0.10965154857565451,0.0016367192523508026,0.001,0.0014781483114796783,0.0017912378047138873,,,,,1024,1048576,,,,,,,,,,,,,,,,,,
test_returndatacopy,erigon,RETURNDATACOPY,presets[call_returndatacopy],253,25.2094575570982,0.001,0.30183191160125944,0.2990503654323401,0.00432511276706821,0.001,0.003414801631839959,0.005700990103740313,,,,,1024,1048576,,,,,,,,,,,,,,,,,,
test_returndatacopy,ethrex,RETURNDATACOPY,presets[call_returndatacopy],1606,8.980601076117697,0.001,0.2672975857624801,0.2668407887461225,0.001331227006951289,0.001,0.0012134768102289336,0.0014743705778257415,,,,,1024,1048576,,,,,,,,,,,,,,,,,,
test_returndatacopy,geth,RETURNDATACOPY,presets[call_returndatacopy],4224,26.137549815472735,0.001,0.1206187900986726,0.12041050463919811,0.004370908043497971,0.001,0.003987315199100405,0.004779782285434979,,,,,1024,1048576,,,,,,,,,,,,,,,,,,
test_returndatacopy,nethermind,RETURNDATACOPY,presets[call_returndatacopy],1177,10.008685224292494,0.001,0.03500349353630894,0.03418221991378656,0.0014503548580132252,0.001,0.0012590846827650636,0.0017070786688179991,,,,,1024,1048576,,,,,,,,,,,,,,,,,,
test_returndatacopy,reth,RETURNDATACOPY,presets[call_returndatacopy],99,8.455438482318822,0.001,0.22085941315969837,0.2128270359757778,0.0010089339204216918,0.001,0.0006689929314696846,0.0016844706424859262,,,,,1024,1048576,,,,,,,,,,,,,,,,,,
test_returndatacopy,besu,RETURNDATACOPY,presets[call_returndatacopy],3773,35.38086684843577,0.001,0.5377626992661586,0.5376401224163221,2.1254721103659668e-05,0.001,2.062633489467741e-05,2.1921555694599706e-05,,,,,1024,256,,,,,,,,,,,,,,,,,,
test_returndatacopy,erigon,RETURNDATACOPY,presets[call_returndatacopy],253,17.854190875389428,0.001,0.37004938329403825,0.36753961988086714,8.773086530721792e-06,0.001,8.262993099642853e-06,9.407708907299585e-06,,,,,1024,256,,,,,,,,,,,,,,,,,,
test_returndatacopy,ethrex,RETURNDATACOPY,presets[call_returndatacopy],1606,6.975982261624696,0.001,0.8027752179660432,0.8026522598725059,3.4359666796081364e-06,0.001,3.339843636260422e-06,3.5290222299428164e-06,,,,,1024,256,,,,,,,,,,,,,,,,,,
test_returndatacopy,geth,RETURNDATACOPY,presets[call_returndatacopy],4224,19.445393532735945,0.001,0.7982181442939905,0.7981703513390626,1.3839321596805868e-05,0.001,1.3617863146740792e-05,1.406157352164878e-05,,,,,1024,256,,,,,,,,,,,,,,,,,,
test_returndatacopy,nethermind,RETURNDATACOPY,presets[call_returndatacopy],1177,12.685876698569169,0.001,0.8644743408186889,0.8643589998321516,7.445962760210317e-06,0.001,7.237916620368081e-06,7.635893630961082e-06,,,,,1024,256,,,,,,,,,,,,,,,,,,
test_returndatacopy,reth,RETURNDATACOPY,presets[call_returndatacopy],99,6.040416482518351,0.001,0.7217018773094621,0.7188328244982194,3.4811950925181896e-06,0.001,3.0652960979768325e-06,3.973237012008709e-06,,,,,1024,256,,,,,,,,,,,,,,,,,,
test_returndatacopy,besu,RETURNDATACOPY,presets[call_returndatacopy],3773,92.84960838000372,0.001,0.4668284619241374,0.46668707461624137,2.1307324250496988e-05,0.001,2.0557217036425012e-05,2.199662363820205e-05,,,,,1024,32,,,,,,,,,,,,,,,,,,
test_returndatacopy,erigon,RETURNDATACOPY,presets[call_returndatacopy],253,10.88796207372546,0.083,0.6241462288537879,0.6226488034707353,9.558563044569575e-06,0.001,8.647035635361128e-06,1.0639940179919997e-05,,,,,1024,32,,,,,,,,,,,,,,,,,,
test_returndatacopy,ethrex,RETURNDATACOPY,presets[call_returndatacopy],1606,14.016203327336509,0.001,0.8178782566083524,0.8177647143743177,2.9592864716817094e-06,0.001,2.882981767582247e-06,3.0335777866093565e-06,,,,,1024,32,,,,,,,,,,,,,,,,,,
test_returndatacopy,geth,RETURNDATACOPY,presets[call_returndatacopy],4224,56.057237862289256,0.001,0.7835457722233515,0.7834945040500269,1.186478981976767e-05,0.001,1.1664128479180339e-05,1.2081180900398084e-05,,,,,1024,32,,,,,,,,,,,,,,,,,,
test_returndatacopy,nethermind,RETURNDATACOPY,presets[call_returndatacopy],1177,22.950222928423305,0.001,0.8336307501009288,0.8334891592499509,6.604500916978542e-06,0.001,6.4354217061036955e-06,6.783133943080923e-06,,,,,1024,32,,,,,,,,,,,,,,,,,,
test_returndatacopy,reth,RETURNDATACOPY,presets[call_returndatacopy],99,12.243150235837463,0.001,0.8247117743286526,0.8229046792186387,3.0377542302143016e-06,0.001,2.7288134004919025e-06,3.3674892147692787e-06,,,,,1024,32,,,,,,,,,,,,,,,,,,
test_returndatacopy,besu,RETURNDATACOPY,presets[call_returndatacopy],3773,92.20185315912602,0.001,0.5043044827185651,0.5041730333636774,1.712889840057961e-05,0.001,1.6568847014800337e-05,1.7683341932591867e-05,,,,,256,0,,,,,,,,,,,,,,,,,,
test_returndatacopy,erigon,RETURNDATACOPY,presets[call_returndatacopy],253,23.958495356116,0.001,0.678865244254646,0.6775858229170151,8.058173035303377e-06,0.001,7.758063353519526e-06,8.404657930170539e-06,,,,,256,0,,,,,,,,,,,,,,,,,,
test_returndatacopy,ethrex,RETURNDATACOPY,presets[call_returndatacopy],1606,14.093141395114602,0.001,0.7944226391851882,0.7942944737482712,2.2267567717067634e-06,0.001,2.1681274841812437e-06,2.2873655345271946e-06,,,,,256,0,,,,,,,,,,,,,,,,,,
test_returndatacopy,geth,RETURNDATACOPY,presets[call_returndatacopy],4224,67.48203166280855,0.001,0.8078806796804037,0.8078351753411522,1.1016216493415411e-05,0.001,1.0839816069279265e-05,1.118688637665441e-05,,,,,256,0,,,,,,,,,,,,,,,,,,
test_returndatacopy,nethermind,RETURNDATACOPY,presets[call_returndatacopy],1177,20.033379023471856,0.001,0.6872509657374055,0.6869847963465437,3.1054905021975554e-06,0.001,2.9761992357725557e-06,3.2175253312724725e-06,,,,,256,0,,,,,,,,,,,,,,,,,,
test_returndatacopy,reth,RETURNDATACOPY,presets[call_returndatacopy],99,13.568542815480514,0.001,0.7799249975892562,0.7776561831314135,1.8968443250628972e-06,0.001,1.689971470792857e-06,2.1004703842506e-06,,,,,256,0,,,,,,,,,,,,,,,,,,
test_returndatacopy,besu,RETURNDATACOPY,presets[call_returndatacopy],3773,16.544747298238835,0.001,0.539248218455717,0.5391260355383094,2.095947193586139e-05,0.001,2.033144646447531e-05,2.153280546101243e-05,,,,,256,1024,,,,,,,,,,,,,,,,,,
test_returndatacopy,erigon,RETURNDATACOPY,presets[call_returndatacopy],253,9.931666346955575,0.001,0.8609176180472969,0.8603635049717882,1.0352862869055104e-05,0.001,9.774234915442779e-06,1.0910602253261173e-05,,,,,256,1024,,,,,,,,,,,,,,,,,,
test_returndatacopy,ethrex,RETURNDATACOPY,presets[call_returndatacopy],1606,4.265038155001178,0.001,0.7617221139129154,0.7615735616148561,4.9099524729429365e-06,0.001,4.769871787677312e-06,5.0487641335547135e-06,,,,,256,1024,,,,,,,,,,,,,,,,,,
test_returndatacopy,geth,RETURNDATACOPY,presets[call_returndatacopy],4224,9.907928046690055,0.001,0.6693983464191439,0.6693200419062162,1.4838102631632442e-05,0.001,1.4500707934116764e-05,1.516588873445832e-05,,,,,256,1024,,,,,,,,,,,,,,,,,,
test_returndatacopy,nethermind,RETURNDATACOPY,presets[call_returndatacopy],1177,6.028845584934509,0.001,0.3932254688237429,0.39270906496742264,1.0164090275303142e-05,0.001,9.392154351167934e-06,1.1568358800100869e-05,,,,,256,1024,,,,,,,,,,,,,,,,,,
test_returndatacopy,reth,RETURNDATACOPY,presets[call_returndatacopy],99,3.2396300484455263,0.001,0.7056865055942148,0.7026523458580727,5.039037023642288e-06,0.001,4.408859686644552e-06,5.693015668918653e-06,,,,,256,1024,,,,,,,,,,,,,,,,,,
test_returndatacopy,besu,RETURNDATACOPY,presets[call_returndatacopy],3773,4.832378407716195,0.001,0.6837502141352911,0.6836663504954437,3.975135339365707e-05,0.001,3.8891943427345846e-05,4.066499559217639e-05,,,,,256,10240,,,,,,,,,,,,,,,,,,
test_returndatacopy,erigon,RETURNDATACOPY,presets[call_returndatacopy],253,7.736893781299635,0.001,0.6739343841106173,0.6726353179118549,2.430093388503951e-05,0.001,2.1535015417339958e-05,2.6328730807213034e-05,,,,,256,10240,,,,,,,,,,,,,,,,,,
test_returndatacopy,ethrex,RETURNDATACOPY,presets[call_returndatacopy],1606,3.061239763751108,0.001,0.7426646752306343,0.742504241736389,2.479576324208259e-05,0.001,2.4025826073089444e-05,2.5592485893931767e-05,,,,,256,10240,,,,,,,,,,,,,,,,,,
test_returndatacopy,geth,RETURNDATACOPY,presets[call_returndatacopy],4224,4.510373163955305,0.001,0.2606729431288506,0.2604978301357499,2.8788801774565634e-05,0.001,2.7314540854734872e-05,3.0251270568738356e-05,,,,,256,10240,,,,,,,,,,,,,,,,,,
test_returndatacopy,nethermind,RETURNDATACOPY,presets[call_returndatacopy],1177,2.824209851702894,0.001,0.05856770192180916,0.05776648294472131,3.442575861667515e-05,0.001,2.6710478333970838e-05,4.509044611851635e-05,,,,,256,10240,,,,,,,,,,,,,,,,,,
test_returndatacopy,reth,RETURNDATACOPY,presets[call_returndatacopy],99,2.5161171340894732,0.001,0.5126347296897494,0.5076103454597468,2.676666813034019e-05,0.001,2.2773647610952105e-05,3.099644714495406e-05,,,,,256,10240,,,,,,,,,,,,,,,,,,
test_returndatacopy,besu,RETURNDATACOPY,presets[call_returndatacopy],3773,12.785536622845962,0.001,0.11614613952335362,0.11591175769877748,0.001701231051491315,0.001,0.0015445283479394046,0.0018624794406956978,,,,,256,1048576,,,,,,,,,,,,,,,,,,
test_returndatacopy,erigon,RETURNDATACOPY,presets[call_returndatacopy],253,25.270787176486746,0.001,0.30209311612928447,0.29931261061585535,0.004219467257328188,0.001,0.0033707626527566467,0.0057800016987305195,,,,,256,1048576,,,,,,,,,,,,,,,,,,
test_returndatacopy,ethrex,RETURNDATACOPY,presets[call_returndatacopy],1606,8.967940529247938,0.001,0.27333397574773,0.2728809420667747,0.0013476802808612938,0.001,0.0012260690551497049,0.0014846482930051608,,,,,256,1048576,,,,,,,,,,,,,,,,,,
test_returndatacopy,geth,RETURNDATACOPY,presets[call_returndatacopy],4224,27.16634587403876,0.001,0.10053384402103582,0.10032080135026866,0.004024894567395185,0.001,0.003634413193335488,0.004456264770539424,,,,,256,1048576,,,,,,,,,,,,,,,,,,
test_returndatacopy,nethermind,RETURNDATACOPY,presets[call_returndatacopy],1177,9.818523549100888,0.001,0.2714631697226727,0.27084313837775575,0.0013987965318740978,0.001,0.0012578125193959471,0.0015651975589360517,,,,,256,1048576,,,,,,,,,,,,,,,,,,
test_returndatacopy,reth,RETURNDATACOPY,presets[call_returndatacopy],99,8.131906216912057,0.001,0.2520123874299619,0.24430117492923986,0.0014009566295222638,0.001,0.0009939279466102554,0.0022574237664463688,,,,,256,1048576,,,,,,,,,,,,,,,,,,
test_returndatacopy,besu,RETURNDATACOPY,presets[call_returndatacopy],3773,37.46463801084896,0.001,0.5323267849250155,0.5322027665704478,2.104897287848169e-05,0.001,2.0384336884746814e-05,2.1685695460985272e-05,,,,,256,256,,,,,,,,,,,,,,,,,,
test_returndatacopy,erigon,RETURNDATACOPY,presets[call_returndatacopy],253,14.975539448964351,0.001,0.149308774221506,0.14591956615067525,9.708036130938411e-06,0.001,8.246948870341305e-06,1.1961244015066646e-05,,,,,256,256,,,,,,,,,,,,,,,,,,
test_returndatacopy,ethrex,RETURNDATACOPY,presets[call_returndatacopy],1606,6.90935596402758,0.001,0.8019301013638982,0.8018066163896862,3.4658878336701406e-06,0.001,3.37934269536984e-06,3.557526175104395e-06,,,,,256,256,,,,,,,,,,,,,,,,,,
test_returndatacopy,geth,RETURNDATACOPY,presets[call_returndatacopy],4224,21.091865691598954,0.001,0.7761758379705753,0.7761228241946327,1.3616132978761923e-05,0.001,1.3397521315674225e-05,1.385068382041941e-05,,,,,256,256,,,,,,,,,,,,,,,,,,
test_returndatacopy,nethermind,RETURNDATACOPY,presets[call_returndatacopy],1177,12.981923557428123,0.001,0.851540397047888,0.8514140484496309,7.431291796040949e-06,0.001,7.239558397872618e-06,7.640760665365168e-06,,,,,256,256,,,,,,,,,,,,,,,,,,
test_returndatacopy,reth,RETURNDATACOPY,presets[call_returndatacopy],99,8.397684017508306,0.001,0.800195866328609,0.798136029899007,3.096779622911622e-06,0.001,2.7919071498917735e-06,3.425935098239059e-06,,,,,256,256,,,,,,,,,,,,,,,,,,
test_returndatacopy,besu,RETURNDATACOPY,presets[call_returndatacopy],3773,92.29664629544138,0.001,0.46692323428657145,0.4667818721105669,2.134807699423642e-05,0.001,2.065405965384855e-05,2.2077134141997314e-05,,,,,256,32,,,,,,,,,,,,,,,,,,
test_returndatacopy,erigon,RETURNDATACOPY,presets[call_returndatacopy],253,16.449856223117127,0.002,0.8360430892874171,0.8353898745037016,9.02888212290075e-06,0.001,8.508935946758151e-06,9.860750166325799e-06,,,,,256,32,,,,,,,,,,,,,,,,,,
test_returndatacopy,ethrex,RETURNDATACOPY,presets[call_returndatacopy],1606,13.416812755219322,0.001,0.8126770699340192,0.8125602850649007,2.996858143399634e-06,0.001,2.9160787664443164e-06,3.0747455442879933e-06,,,,,256,32,,,,,,,,,,,,,,,,,,
test_returndatacopy,geth,RETURNDATACOPY,presets[call_returndatacopy],4224,58.247591072269756,0.001,0.7996893364237347,0.799641891927388,1.1724139021124333e-05,0.001,1.1532229713939457e-05,1.1906864256161819e-05,,,,,256,32,,,,,,,,,,,,,,,,,,
test_returndatacopy,nethermind,RETURNDATACOPY,presets[call_returndatacopy],1177,23.997668135358932,0.001,0.8576345566809744,0.857513394601554,6.549386781170974e-06,0.001,6.379417648610285e-06,6.705381364857483e-06,,,,,256,32,,,,,,,,,,,,,,,,,,
test_returndatacopy,reth,RETURNDATACOPY,presets[call_returndatacopy],99,13.77946367508293,0.001,0.8177692837338069,0.8158906165558049,2.8791667332800497e-06,0.001,2.61631323888423e-06,3.1453308605283295e-06,,,,,256,32,,,,,,,,,,,,,,,,,,
test_returndatacopy,besu,RETURNDATACOPY,presets[call_returndatacopy],3773,98.08393126227938,0.001,0.4942810528019298,0.4941469454173639,1.678551637405976e-05,0.001,1.6232602718099618e-05,1.7328965319722348e-05,,,,,32,0,,,,,,,,,,,,,,,,,,
test_returndatacopy,erigon,RETURNDATACOPY,presets[call_returndatacopy],253,24.134411199339457,0.001,0.7834181429538092,0.7825552670293223,7.950198944717581e-06,0.001,7.68938700265417e-06,8.239704380121281e-06,,,,,32,0,,,,,,,,,,,,,,,,,,
test_returndatacopy,ethrex,RETURNDATACOPY,presets[call_returndatacopy],1606,13.846797755430938,0.001,0.8098252604078553,0.8097066976026233,2.2448688730419107e-06,0.001,2.182888527284169e-06,2.301516917877524e-06,,,,,32,0,,,,,,,,,,,,,,,,,,
test_returndatacopy,geth,RETURNDATACOPY,presets[call_returndatacopy],4224,67.02266918821567,0.001,0.8054665399262253,0.8054204637869373,1.1078679020517239e-05,0.001,1.0891820037408173e-05,1.1266543760566046e-05,,,,,32,0,,,,,,,,,,,,,,,,,,
test_returndatacopy,nethermind,RETURNDATACOPY,presets[call_returndatacopy],1177,18.360623029245158,0.001,0.7443822499171726,0.7441647028958256,3.1920151894046937e-06,0.001,3.0870314666722886e-06,3.2795009329219938e-06,,,,,32,0,,,,,,,,,,,,,,,,,,
test_returndatacopy,reth,RETURNDATACOPY,presets[call_returndatacopy],99,16.54171095907332,0.001,0.7829120330469295,0.7806740127690628,1.6967257852184774e-06,0.001,1.5170053802216157e-06,1.901869730677405e-06,,,,,32,0,,,,,,,,,,,,,,,,,,
test_returndatacopy,besu,RETURNDATACOPY,presets[call_returndatacopy],3773,3.1276449344562116,0.001,0.6608786819694867,0.6607887532190146,2.9867062490323755e-05,0.001,2.9172727474715322e-05,3.060370328514028e-05,,,,,32,1024,,,,,,,,,,,,,,,,,,
test_returndatacopy,erigon,RETURNDATACOPY,presets[call_returndatacopy],253,11.207562077278645,0.001,0.8890382305689565,0.888596151806283,9.674905200988103e-06,0.001,9.230253062018133e-06,1.0143305354325334e-05,,,,,32,1024,,,,,,,,,,,,,,,,,,
test_returndatacopy,ethrex,RETURNDATACOPY,presets[call_returndatacopy],1606,4.2801360280082,0.001,0.7432589651220227,0.7430989021326972,4.900174316311504e-06,0.001,4.7481280103345595e-06,5.045807817664503e-06,,,,,32,1024,,,,,,,,,,,,,,,,,,
test_returndatacopy,geth,RETURNDATACOPY,presets[call_returndatacopy],4224,10.58735010766466,0.001,0.6626396808873423,0.6625597755535875,1.4340158041553556e-05,0.001,1.4008468386075844e-05,1.4682337681108308e-05,,,,,32,1024,,,,,,,,,,,,,,,,,,
test_returndatacopy,nethermind,RETURNDATACOPY,presets[call_returndatacopy],1177,8.119776530610615,0.001,0.6340185639973628,0.6337070904348073,9.152766066949505e-06,0.001,8.71627051444736e-06,9.521580014970763e-06,,,,,32,1024,,,,,,,,,,,,,,,,,,
test_returndatacopy,reth,RETURNDATACOPY,presets[call_returndatacopy],99,4.249292435312269,0.001,0.6211791017208139,0.6172737316354615,4.511329048799086e-06,0.001,3.762944889556051e-06,5.3236322472383304e-06,,,,,32,1024,,,,,,,,,,,,,,,,,,
test_returndatacopy,besu,RETURNDATACOPY,presets[call_returndatacopy],3773,5.194542908601212,0.001,0.6605410424480946,0.6604510241618173,3.7998457651617894e-05,0.001,3.7055626798813316e-05,3.896156390341456e-05,,,,,32,10240,,,,,,,,,,,,,,,,,,
test_returndatacopy,erigon,RETURNDATACOPY,presets[call_returndatacopy],253,7.513206256215934,0.001,0.833141941012803,0.8324771678694277,2.525439290257059e-05,0.001,2.3408595564987887e-05,2.6845235493116152e-05,,,,,32,10240,,,,,,,,,,,,,,,,,,
test_returndatacopy,ethrex,RETURNDATACOPY,presets[call_returndatacopy],1606,3.200090881577773,0.001,0.7510055208029476,0.750850287337114,2.398832990546889e-05,0.001,2.332477001613239e-05,2.468309183046441e-05,,,,,32,10240,,,,,,,,,,,,,,,,,,
test_returndatacopy,geth,RETURNDATACOPY,presets[call_returndatacopy],4224,4.29249012165863,0.001,0.28310040891875743,0.2829306079734516,3.0407357169019504e-05,0.001,2.8835748740505676e-05,3.176128180195719e-05,,,,,32,10240,,,,,,,,,,,,,,,,,,
test_returndatacopy,nethermind,RETURNDATACOPY,presets[call_returndatacopy],1177,4.024737403198289,0.001,0.7412019531843055,0.7409816995274411,2.674216580467027e-05,0.001,2.5922546304655085e-05,2.752875443052852e-05,,,,,32,10240,,,,,,,,,,,,,,,,,,
test_returndatacopy,reth,RETURNDATACOPY,presets[call_returndatacopy],99,2.4174346673224743,0.001,0.5211755543409844,0.5162392198496544,2.696967513252746e-05,0.001,2.1216173815211805e-05,3.287024744920907e-05,,,,,32,10240,,,,,,,,,,,,,,,,,,
test_returndatacopy,besu,RETURNDATACOPY,presets[call_returndatacopy],3773,12.950442107598112,0.001,0.11589683679151519,0.11566238885642943,0.001706370583024174,0.001,0.0015525389073931736,0.0018662402843751156,,,,,32,1048576,,,,,,,,,,,,,,,,,,
test_returndatacopy,erigon,RETURNDATACOPY,presets[call_returndatacopy],253,28.55304346936876,0.001,0.013166846389869535,0.009235240200187733,0.0036944487240926863,0.001,0.0020964955624367,0.005379813993597286,,,,,32,1048576,,,,,,,,,,,,,,,,,,
test_returndatacopy,ethrex,RETURNDATACOPY,presets[call_returndatacopy],1606,8.939852453263208,0.001,0.2794069374314657,0.2789576898862235,0.0013432728338545596,0.001,0.001225784392004986,0.0014883104807935893,,,,,32,1048576,,,,,,,,,,,,,,,,,,
test_returndatacopy,geth,RETURNDATACOPY,presets[call_returndatacopy],4224,27.07415116992338,0.001,0.10755964420949848,0.10734826563162292,0.004184437012351155,0.001,0.003806333215488039,0.004634217135289685,,,,,32,1048576,,,,,,,,,,,,,,,,,,
test_returndatacopy,nethermind,RETURNDATACOPY,presets[call_returndatacopy],1177,9.911128197304851,0.001,0.27250993154831404,0.2718907910645254,0.0014212403172693757,0.001,0.0012803158269253988,0.0015954594406916928,,,,,32,1048576,,,,,,,,,,,,,,,,,,
test_returndatacopy,reth,RETURNDATACOPY,presets[call_returndatacopy],99,8.56745636597414,0.001,0.1575117852463277,0.1488263397334032,0.0010997237685010913,0.001,0.0006891438993412109,0.0018473902753847117,,,,,32,1048576,,,,,,,,,,,,,,,,,,
test_returndatacopy,besu,RETURNDATACOPY,presets[call_returndatacopy],3773,34.9375486662244,0.001,0.5344868322599885,0.5343633867103359,2.1256922908359508e-05,0.001,2.0577289787083886e-05,2.186535777287943e-05,,,,,32,256,,,,,,,,,,,,,,,,,,
test_returndatacopy,erigon,RETURNDATACOPY,presets[call_returndatacopy],253,16.55726405890548,0.001,0.26619323602467515,0.2632697031004706,9.074708183836892e-06,0.001,8.182083730146608e-06,1.0493455590061439e-05,,,,,32,256,,,,,,,,,,,,,,,,,,
test_returndatacopy,ethrex,RETURNDATACOPY,presets[call_returndatacopy],1606,7.084043786055851,0.001,0.8061779035602152,0.8060570668417366,3.4244640728973472e-06,0.001,3.334434425938631e-06,3.515256528365727e-06,,,,,32,256,,,,,,,,,,,,,,,,,,
test_returndatacopy,geth,RETURNDATACOPY,presets[call_returndatacopy],4224,20.624001861663,0.001,0.7869766282155901,0.7869261726561907,1.3676667476995746e-05,0.001,1.3470130490126588e-05,1.389542294370165e-05,,,,,32,256,,,,,,,,,,,,,,,,,,
test_returndatacopy,nethermind,RETURNDATACOPY,presets[call_returndatacopy],1177,12.712987805590963,0.001,0.8068529011171894,0.806688520607502,7.440581735147747e-06,0.001,7.211375149612231e-06,7.654852627600423e-06,,,,,32,256,,,,,,,,,,,,,,,,,,
test_returndatacopy,reth,RETURNDATACOPY,presets[call_returndatacopy],99,7.335257375434484,0.001,0.6973087302886891,0.6941882017349643,3.370842133888465e-06,0.001,3.0027764060011075e-06,3.817728868657003e-06,,,,,32,256,,,,,,,,,,,,,,,,,,
test_returndatacopy,besu,RETURNDATACOPY,presets[call_returndatacopy],3773,93.13831591128634,0.001,0.4676314451353317,0.4674902707638482,2.13233105607993e-05,0.001,2.0575830574870036e-05,2.202356414413891e-05,,,,,32,32,,,,,,,,,,,,,,,,,,
test_returndatacopy,erigon,RETURNDATACOPY,presets[call_returndatacopy],253,17.417256821350676,0.001,0.8375563591214776,0.8369091733012445,9.004999410140319e-06,0.001,8.485796644878036e-06,9.810231413233195e-06,,,,,32,32,,,,,,,,,,,,,,,,,,
test_returndatacopy,ethrex,RETURNDATACOPY,presets[call_returndatacopy],1606,14.785824675272643,0.001,0.8034755963460999,0.8033530748974378,2.92448732395174e-06,0.001,2.8545238849074054e-06,3.0026694923065907e-06,,,,,32,32,,,,,,,,,,,,,,,,,,
test_returndatacopy,geth,RETURNDATACOPY,presets[call_returndatacopy],4224,55.65427023393656,0.001,0.8010259157867881,0.8009787878653732,1.1909368505013927e-05,0.001,1.170790488394967e-05,1.2107947743565626e-05,,,,,32,32,,,,,,,,,,,,,,,,,,
test_returndatacopy,nethermind,RETURNDATACOPY,presets[call_returndatacopy],1177,25.151329770239922,0.001,0.8459647875751745,0.8458336937773661,6.448982010089072e-06,0.001,6.2930670496619445e-06,6.603325191237698e-06,,,,,32,32,,,,,,,,,,,,,,,,,,
test_returndatacopy,reth,RETURNDATACOPY,presets[call_returndatacopy],99,12.316802863316045,0.001,0.8185001707430128,0.8166290384826316,2.9948248014994023e-06,0.001,2.7363101364268465e-06,3.2763490223941647e-06,,,,,32,32,,,,,,,,,,,,,,,,,,
test_returndatasize_nonzero,besu,RETURNDATASIZE,presets[call_returndatasize],3773,80.67073896412248,0.001,0.4027462616516666,0.40258788092020326,5.6139697797916104e-06,0.001,5.391971440286213e-06,5.822885646710711e-06,,,,0,,,,,,,,,,,,,,,,,,,,
test_returndatasize_nonzero,erigon,RETURNDATASIZE,presets[call_returndatasize],253,30.85088719234168,0.001,0.42380489120704967,0.42150929316404995,1.6974851763007107e-06,0.001,1.3657266046678097e-06,1.9050789124320674e-06,,,,0,,,,,,,,,,,,,,,,,,,,
test_returndatasize_nonzero,ethrex,RETURNDATASIZE,presets[call_returndatasize],1606,12.613784443185134,0.001,0.8034677958387468,0.8033452695269256,9.497756732592489e-07,0.001,9.261936609376709e-07,9.750198964254e-07,,,,0,,,,,,,,,,,,,,,,,,,,
test_returndatasize_nonzero,geth,RETURNDATASIZE,presets[call_returndatasize],4224,43.89747691225468,0.001,0.6990532565776357,0.6989819759657403,2.9879035112296975e-06,0.001,2.9241219385898774e-06,3.049976659018097e-06,,,,0,,,,,,,,,,,,,,,,,,,,
test_returndatasize_nonzero,nethermind,RETURNDATASIZE,presets[call_returndatasize],1177,9.628959680303844,0.001,0.5871811936157518,0.5868298584613822,7.878556110000589e-07,0.001,7.55622547264097e-07,8.213692132173167e-07,,,,0,,,,,,,,,,,,,,,,,,,,
test_returndatasize_nonzero,reth,RETURNDATASIZE,presets[call_returndatasize],99,11.638017695850152,0.001,0.8573144873810117,0.8558435027148366,9.138853757796473e-07,0.001,8.341205290323639e-07,9.866583433485593e-07,,,,0,,,,,,,,,,,,,,,,,,,,
test_returndatasize_nonzero,besu,RETURNDATASIZE,presets[call_returndatasize],3773,80.13076790711249,0.001,0.40106920574813854,0.4009103802922245,5.640665702282422e-06,0.001,5.426234722333943e-06,5.857965145507483e-06,,,,1024,,,,,,,,,,,,,,,,,,,,
test_returndatasize_nonzero,erigon,RETURNDATASIZE,presets[call_returndatasize],253,39.21437266975033,0.001,0.22952272347573255,0.22645309289197058,1.5887363870273044e-06,0.001,1.140381868957505e-06,1.9053461965934265e-06,,,,1024,,,,,,,,,,,,,,,,,,,,
test_returndatasize_nonzero,ethrex,RETURNDATASIZE,presets[call_returndatasize],1606,14.041250921736616,0.001,0.7717491928889882,0.7716068918870487,9.136224444320454e-07,0.001,8.88365911531123e-07,9.402645551145193e-07,,,,1024,,,,,,,,,,,,,,,,,,,,
test_returndatasize_nonzero,geth,RETURNDATASIZE,presets[call_returndatasize],4224,56.66824631300249,0.001,0.7020077331670935,0.7019371523364841,3.4914271164884376e-06,0.001,3.4233417470161705e-06,3.56736447742118e-06,,,,1024,,,,,,,,,,,,,,,,,,,,
test_returndatasize_nonzero,nethermind,RETURNDATASIZE,presets[call_returndatasize],1177,12.408107537583582,0.001,0.7166193827385092,0.7163782077450952,7.348636892635677e-07,0.001,6.983341958576542e-07,7.670261509400981e-07,,,,1024,,,,,,,,,,,,,,,,,,,,
test_returndatasize_nonzero,reth,RETURNDATASIZE,presets[call_returndatasize],99,12.294034057517232,0.001,0.8444636017724698,0.8428601337495056,8.958999687234339e-07,0.001,8.151127273160694e-07,9.798468125650655e-07,,,,1024,,,,,,,,,,,,,,,,,,,,
test_returndatasize_nonzero,besu,RETURNDATASIZE,presets[call_returndatasize],3773,81.01489307476,0.001,0.39920010725436805,0.39904078614783256,5.611988865039135e-06,0.001,5.372819114922098e-06,5.815620682997418e-06,,,,256,,,,,,,,,,,,,,,,,,,,
test_returndatasize_nonzero,erigon,RETURNDATASIZE,presets[call_returndatasize],253,18.67827271278325,0.001,0.9000438126751367,0.8996455808531253,1.885230273821147e-06,0.001,1.803181630135571e-06,1.970872028941419e-06,,,,256,,,,,,,,,,,,,,,,,,,,
test_returndatasize_nonzero,ethrex,RETURNDATASIZE,presets[call_returndatasize],1606,12.163897469979224,0.001,0.7961040605990835,0.7959769434298809,9.652318996380831e-07,0.001,9.397326173503547e-07,9.915888856732472e-07,,,,256,,,,,,,,,,,,,,,,,,,,
test_returndatasize_nonzero,geth,RETURNDATASIZE,presets[call_returndatasize],4224,57.912847927794125,0.001,0.7034452695231638,0.7033750291796117,3.441750034086826e-06,0.001,3.372714799063172e-06,3.5090318695640215e-06,,,,256,,,,,,,,,,,,,,,,,,,,
test_returndatasize_nonzero,nethermind,RETURNDATASIZE,presets[call_returndatasize],1177,10.58412735930652,0.001,0.6450744775609777,0.6447724132865615,7.661853944586584e-07,0.001,7.334625564423372e-07,8.0404825553834e-07,,,,256,,,,,,,,,,,,,,,,,,,,
test_returndatasize_nonzero,reth,RETURNDATASIZE,presets[call_returndatasize],99,11.560287002211426,0.001,0.8432534700500516,0.8416375264423201,9.065933877820696e-07,0.001,8.261817615343057e-07,9.909047960028724e-07,,,,256,,,,,,,,,,,,,,,,,,,,
test_returndatasize_nonzero,besu,RETURNDATASIZE,presets[call_returndatasize],3773,80.84942933653927,0.001,0.39721605018869743,0.39705620294663657,5.66249557935352e-06,0.001,5.431919436508014e-06,5.898643303268879e-06,,,,32,,,,,,,,,,,,,,,,,,,,
test_returndatasize_nonzero,erigon,RETURNDATASIZE,presets[call_returndatasize],253,20.23285233374671,0.001,0.8881049733706398,0.8876591764517977,1.8573573363183339e-06,0.001,1.7687605795961428e-06,1.937286685896458e-06,,,,32,,,,,,,,,,,,,,,,,,,,
test_returndatasize_nonzero,ethrex,RETURNDATASIZE,presets[call_returndatasize],1606,12.419330071909679,0.001,0.8091424547587173,0.8090234662641778,9.375659330741998e-07,0.001,9.148699879954845e-07,9.59951546796448e-07,,,,32,,,,,,,,,,,,,,,,,,,,
test_returndatasize_nonzero,geth,RETURNDATASIZE,presets[call_returndatasize],4224,48.56347918037968,0.001,0.6759872550912034,0.6759105111914145,2.910918033136836e-06,0.001,2.8424481438853586e-06,2.9724046843457412e-06,,,,32,,,,,,,,,,,,,,,,,,,,
test_returndatasize_nonzero,nethermind,RETURNDATASIZE,presets[call_returndatasize],1177,12.05502264267433,0.001,0.7032285137851008,0.7029759423074711,7.473746337731066e-07,0.001,7.126561850723501e-07,7.804991468756505e-07,,,,32,,,,,,,,,,,,,,,,,,,,
test_returndatasize_nonzero,reth,RETURNDATASIZE,presets[call_returndatasize],99,11.172011362104426,0.001,0.8776619782517079,0.8764007615326533,9.059761217206112e-07,0.001,8.358958968069291e-07,9.807347628380424e-07,,,,32,,,,,,,,,,,,,,,,,,,,
test_ripemd160_fixed_size,besu,RIPEMD160,presets[precompile_ripemd160_fixed],18865,43.01277249394684,0.001,0.6864485738363697,0.6864153269456728,0.0003516475101355326,0.001,0.00034780213542960105,0.0003559156664203196,,,,,,,,,,,,4.504969531901545e-05,0.001,4.413280287123228e-05,4.590575663899636e-05,,,,,,,,,
test_ripemd160_fixed_size,erigon,RIPEMD160,presets[precompile_ripemd160_fixed],1265,18.455543959524643,0.001,0.6932002759203404,0.6927140639962839,0.0005750861331542816,0.001,0.0005461836143136661,0.0006067441137072687,,,,,,,,,,,,1.330302222847769e-05,0.001,8.576370079371825e-06,1.8898899471788024e-05,,,,,,,,,
test_ripemd160_fixed_size,ethrex,RIPEMD160,presets[precompile_ripemd160_fixed],8030,8.996071031895363,0.001,0.7997817758333964,0.7997318896432465,8.276341501316859e-05,0.001,8.130281523409073e-05,8.421896493478165e-05,,,,,,,,,,,,2.2258715281970816e-05,0.001,2.2005102665938536e-05,2.251654076866547e-05,,,,,,,,,
test_ripemd160_fixed_size,geth,RIPEMD160,presets[precompile_ripemd160_fixed],21120,11.100836364120148,0.001,0.5939178540037297,0.5938793937919575,0.00013143645129717662,0.001,0.0001297571642072184,0.0001330746774817286,,,,,,,,,,,,2.0222336500642547e-05,0.001,1.996526824316892e-05,2.0483861205734212e-05,,,,,,,,,
test_ripemd160_fixed_size,nethermind,RIPEMD160,presets[precompile_ripemd160_fixed],5885,20.183819753945954,0.001,0.5755810958122225,0.5754367847261335,0.00015475962041331092,0.001,0.00015072318096175124,0.00015919495929443862,,,,,,,,,,,,2.4550995298343675e-05,0.001,2.378828182368075e-05,2.5369221598316645e-05,,,,,,,,,
test_ripemd160_fixed_size,reth,RIPEMD160,presets[precompile_ripemd160_fixed],495,9.258671788972736,0.001,0.9690480618910667,0.968922241004445,0.0003379965881803637,0.001,0.0003321574640535222,0.00034389253293274263,,,,,,,,,,,,1.3913812966502023e-05,0.001,1.266250252785248e-05,1.5141358447890938e-05,,,,,,,,,
test_ripemd160_uncachable,besu,RIPEMD160,presets[precompile_ripemd160_uncachable],15092,31.52770006398081,0.001,0.8706716582460826,0.8706545161767932,0.0004481566616048453,0.001,0.0004450791098931641,0.00045150103116807803,,,,,,,,,,,,5.413890397204548e-05,0.001,5.367819890057585e-05,5.4603842703006876e-05,,,,,,,,,
test_ripemd160_uncachable,erigon,RIPEMD160,presets[precompile_ripemd160_uncachable],1012,15.990408955591905,0.001,0.9887364171579549,0.9887140909283374,0.000934379793894315,0.001,0.0009258440136324095,0.0009430544424301808,,,,,,,,,,,,7.789621087918315e-06,0.001,6.844574409071477e-06,8.762612648684681e-06,,,,,,,,,
test_ripemd160_uncachable,ethrex,RIPEMD160,presets[precompile_ripemd160_uncachable],6424,9.702820293113735,0.001,0.8150503086265918,0.8149927008734775,7.848174588225076e-05,0.001,7.687275026270428e-05,8.009786486997925e-05,,,,,,,,,,,,2.2691138237340344e-05,0.001,2.2416263363346224e-05,2.2996853864437023e-05,,,,,,,,,
test_ripemd160_uncachable,geth,RIPEMD160,presets[precompile_ripemd160_uncachable],16896,11.780823354041933,0.001,0.6607147099936627,0.6606745412503954,0.00014746829182276131,0.001,0.00014540662881200602,0.00014951231311177663,,,,,,,,,,,,2.1809975958328267e-05,0.001,2.1505503251362703e-05,2.2092352078434273e-05,,,,,,,,,
test_ripemd160_uncachable,nethermind,RIPEMD160,presets[precompile_ripemd160_uncachable],4708,12.957633104677342,0.001,0.6683305060268381,0.6681895200570301,0.00017425697502707402,0.001,0.0001696822121028825,0.00017891663007267686,,,,,,,,,,,,2.9867110805753316e-05,0.001,2.9351435448828956e-05,3.0353865795742685e-05,,,,,,,,,
test_ripemd160_uncachable,reth,RIPEMD160,presets[precompile_ripemd160_uncachable],396,10.396872243680303,0.001,0.9619524622495887,0.9617588361032762,0.00032331131488459936,0.001,0.000316785025353244,0.00033007010354863664,,,,,,,,,,,,1.4939274100143533e-05,0.001,1.3696764521278798e-05,1.6269950723432587e-05,,,,,,,,,
test_sha256_fixed_size,besu,SHA256,presets[precompile_sha256_fixed],18865,71.91034881286082,0.001,0.9329242973571137,0.9329171850993846,0.0002828433611594165,0.001,0.0002818142594172153,0.00028393641705935557,,,,,,,,,,,,0.0,1.0,0.0,0.0,,,,,,,,,
test_sha256_fixed_size,erigon,SHA256,presets[precompile_sha256_fixed],1265,24.502719682683416,0.001,0.9526827869113894,0.952607799251978,0.0005895669621130968,0.001,0.0005836367547775127,0.0005966432974011552,,,,,,,,,,,,1.0723488310584462e-07,0.357,0.0,6.329324832019518e-07,,,,,,,,,
test_sha256_fixed_size,ethrex,SHA256,presets[precompile_sha256_fixed],8030,16.526419807469754,0.001,0.8064311988840999,0.8063829694581335,4.905569940213629e-05,0.001,4.846383870758315e-05,4.964078086350079e-05,,,,,,,,,,,,3.189858029114813e-06,0.001,3.138373266943579e-06,3.2410329634292947e-06,,,,,,,,,
test_sha256_fixed_size,geth,SHA256,presets[precompile_sha256_fixed],21120,18.30733906507799,0.001,0.7585963321810301,0.7585734687375656,0.00010420809559826898,0.001,0.00010350646369911252,0.00010488576016404507,,,,,,,,,,,,2.9515344108466295e-06,0.001,2.870755150241011e-06,3.0315445309581815e-06,,,,,,,,,
test_sha256_fixed_size,nethermind,SHA256,presets[precompile_sha256_fixed],5885,37.69861767153827,0.001,0.9368965890735139,0.9368751326264121,0.0002234350801046228,0.001,0.0002214619141232605,0.00022515054130062192,,,,,,,,,,,,1.7784983679941008e-06,0.001,1.6007002848407807e-06,1.957243390105148e-06,,,,,,,,,
test_sha256_fixed_size,reth,SHA256,presets[precompile_sha256_fixed],495,7.499780980135778,0.001,0.9942658923810056,0.9942425830004405,0.0003805737386273544,0.001,0.00037829761280968693,0.0003827471218127347,,,,,,,,,,,,0.0,1.0,0.0,0.0,,,,,,,,,
test_sha256_uncachable,besu,SHA256,presets[precompile_sha256_uncachable],15092,70.18558842641002,0.001,0.9237570241103775,0.9237469183411563,0.0003622923468010716,0.001,0.0003603557881539911,0.0003642404208969878,,,,,,,,,,,,1.0323307389695476e-07,0.061,0.0,2.2678938745638544e-07,,,,,,,,,
test_sha256_uncachable,erigon,SHA256,presets[precompile_sha256_uncachable],1012,18.49660390668295,0.002,0.9663345284531916,0.9662677980834259,0.0009584424454663926,0.001,0.0009449718121637441,0.000974854084013296,,,,,,,,,,,,4.939779719729212e-07,0.136,0.0,1.501813841222228e-06,,,,,,,,,
test_sha256_uncachable,ethrex,SHA256,presets[precompile_sha256_uncachable],6424,16.662978511902505,0.001,0.8093008450642055,0.8092414464798928,5.3471542058098437e-05,0.001,5.2753897552341635e-05,5.418486434242948e-05,,,,,,,,,,,,3.1884260776353106e-06,0.001,3.135366663185553e-06,3.243291282254046e-06,,,,,,,,,
test_sha256_uncachable,geth,SHA256,presets[precompile_sha256_uncachable],16896,12.07627209065325,0.001,0.7794011161830454,0.7793749989884895,0.00013955163119426923,0.001,0.0001382908491972247,0.0001407655268776659,,,,,,,,,,,,3.0626171070178995e-06,0.001,2.987412950602114e-06,3.1400224629909684e-06,,,,,,,,,
test_sha256_uncachable,nethermind,SHA256,presets[precompile_sha256_uncachable],4708,33.44341356834366,0.001,0.928428715123268,0.928398291622789,0.00023568833235078061,0.001,0.00023344268886551746,0.00023799294222031067,,,,,,,,,,,,2.0231117121225507e-06,0.001,1.8780492802056281e-06,2.159197620930477e-06,,,,,,,,,
test_sha256_uncachable,reth,SHA256,presets[precompile_sha256_uncachable],396,10.820263839680248,0.001,0.992755263046578,0.9927183941562299,0.0003746048092787436,0.001,0.0003719408101284162,0.0003773396628366857,,,,,,,,,,,,0.0,1.0,0.0,1.0715143631645102e-07,,,,,,,,,
test_swap,besu,SWAP1,presets[stack_swap],3773,59.49122915410894,0.001,0.48390545864743995,0.4837685998457023,3.046765913494525e-06,0.001,2.946892614704158e-06,3.148304749720055e-06,,SWAP1,,,,,,,,,,,,,,,,,,,,,,
test_swap,erigon,SWAP1,presets[stack_swap],253,40.02473712532487,0.001,0.25138728262298216,0.24840476183661953,1.0850723972586215e-06,0.001,7.423187030862592e-07,1.3158519261979352e-06,,SWAP1,,,,,,,,,,,,,,,,,,,,,,
test_swap,ethrex,SWAP1,presets[stack_swap],1606,16.450005039782532,0.001,0.8077154427801915,0.8075955646273113,6.947184060587123e-07,0.001,6.759312771116339e-07,7.122038766832713e-07,,SWAP1,,,,,,,,,,,,,,,,,,,,,,
test_swap,geth,SWAP1,presets[stack_swap],4224,33.545373178705184,0.001,0.7543932648909928,0.7543350918130418,1.5422957231875237e-06,0.001,1.5141330782833632e-06,1.5696634267988165e-06,,SWAP1,,,,,,,,,,,,,,,,,,,,,,
test_swap,nethermind,SWAP1,presets[stack_swap],1177,12.63483865529545,0.001,0.7425536565348825,0.7423345532638483,5.624968471921106e-07,0.001,5.338846701318232e-07,5.828364877172916e-07,,SWAP1,,,,,,,,,,,,,,,,,,,,,,
test_swap,reth,SWAP1,presets[stack_swap],110,10.806778188785163,0.001,0.7825407049505915,0.7805271929593932,4.807551719810438e-07,0.001,4.274029880934003e-07,5.404612676153221e-07,,SWAP1,,,,,,,,,,,,,,,,,,,,,,
test_swap,besu,SWAP10,presets[stack_swap],3773,59.2404615276348,0.001,0.4805196012194881,0.48038184455049304,3.0479055029945254e-06,0.001,2.950085577976755e-06,3.1490856843662738e-06,,SWAP10,,,,,,,,,,,,,,,,,,,,,,
test_swap,erigon,SWAP10,presets[stack_swap],253,24.88454154923172,0.001,0.5692854007913786,0.5675694063722208,1.3101303873182618e-06,0.001,1.2534731990621417e-06,1.3814418640659873e-06,,SWAP10,,,,,,,,,,,,,,,,,,,,,,
test_swap,ethrex,SWAP10,presets[stack_swap],1606,16.077468624572887,0.001,0.7575613359053617,0.7574101896060508,7.021527245550729e-07,0.001,6.805417376692449e-07,7.236495171822407e-07,,SWAP10,,,,,,,,,,,,,,,,,,,,,,
test_swap,geth,SWAP10,presets[stack_swap],4224,32.96405175304372,0.001,0.7294617724473254,0.72939769423142,1.5798299187273828e-06,0.001,1.5505371847043035e-06,1.6105255249870326e-06,,SWAP10,,,,,,,,,,,,,,,,,,,,,,
test_swap,nethermind,SWAP10,presets[stack_swap],1177,16.28024265102686,0.001,0.5356746925857748,0.5352795221113797,5.289999854609361e-07,0.001,5.114190250734779e-07,5.478600691730894e-07,,SWAP10,,,,,,,,,,,,,,,,,,,,,,
test_swap,reth,SWAP10,presets[stack_swap],110,10.509437151524596,0.001,0.8224153951656111,0.8207710932689964,4.86636106537136e-07,0.001,4.464162603337941e-07,5.305801313472741e-07,,SWAP10,,,,,,,,,,,,,,,,,,,,,,
test_swap,besu,SWAP11,presets[stack_swap],3773,61.83874783856395,0.001,0.4769269745343937,0.47678826516672845,3.0144343117493035e-06,0.001,2.920702600859514e-06,3.115559691469471e-06,,SWAP11,,,,,,,,,,,,,,,,,,,,,,
test_swap,erigon,SWAP11,presets[stack_swap],253,19.79584156798185,0.018,0.38512429521598734,0.38267459121286374,1.3732256172741078e-06,0.001,1.1519913895296196e-06,1.6916540515218023e-06,,SWAP11,,,,,,,,,,,,,,,,,,,,,,
test_swap,ethrex,SWAP11,presets[stack_swap],1606,15.294898879037783,0.001,0.8101639255743529,0.8100455739070053,7.120142823241594e-07,0.001,6.936525967735154e-07,7.319478509186778e-07,,SWAP11,,,,,,,,,,,,,,,,,,,,,,
test_swap,geth,SWAP11,presets[stack_swap],4224,33.30217798156202,0.001,0.7621803762894711,0.7621240476244521,1.573707457651298e-06,0.001,1.5455914348936157e-06,1.6016118399402232e-06,,SWAP11,,,,,,,,,,,,,,,,,,,,,,
test_swap,nethermind,SWAP11,presets[stack_swap],1177,16.970246387125236,0.001,0.4665585697635404,0.4661045770569562,5.138280657201001e-07,0.001,4.856250005847103e-07,5.422206849117233e-07,,SWAP11,,,,,,,,,,,,,,,,,,,,,,
test_swap,reth,SWAP11,presets[stack_swap],110,12.35885504314655,0.001,0.8011349657296359,0.7992936228197252,4.6664848290536796e-07,0.001,4.2246126563289716e-07,5.118089251024768e-07,,SWAP11,,,,,,,,,,,,,,,,,,,,,,
test_swap,besu,SWAP12,presets[stack_swap],3773,59.350819659899436,0.001,0.4833405066067141,0.48320349799006257,3.0473670030892884e-06,0.001,2.9456941590387006e-06,3.1471384782009073e-06,,SWAP12,,,,,,,,,,,,,,,,,,,,,,
test_swap,erigon,SWAP12,presets[stack_swap],253,11.107935156033006,0.102,0.4601394416003334,0.45798860272224706,1.528205581790252e-06,0.001,1.2766264445449761e-06,1.772201156497272e-06,,SWAP12,,,,,,,,,,,,,,,,,,,,,,
test_swap,ethrex,SWAP12,presets[stack_swap],1606,16.09445741697815,0.001,0.7761505741831641,0.7760110171845251,7.059536841367469e-07,0.001,6.874692458606237e-07,7.243076814813137e-07,,SWAP12,,,,,,,,,,,,,,,,,,,,,,
test_swap,geth,SWAP12,presets[stack_swap],4224,31.77931024334541,0.001,0.7663957960175504,0.7663404657939639,1.533002879741193e-06,0.001,1.506512408176471e-06,1.5592337078841745e-06,,SWAP12,,,,,,,,,,,,,,,,,,,,,,
test_swap,nethermind,SWAP12,presets[stack_swap],1177,15.85158085850127,0.001,0.5557609950175072,0.555382919268586,5.324184864856757e-07,0.001,5.080544490017485e-07,5.569200651096322e-07,,SWAP12,,,,,,,,,,,,,,,,,,,,,,
test_swap,reth,SWAP12,presets[stack_swap],110,11.788306699057882,0.001,0.8102052304932941,0.8084478715163801,4.6083149094250477e-07,0.001,4.1838472471431517e-07,5.078385524502671e-07,,SWAP12,,,,,,,,,,,,,,,,,,,,,,
test_swap,besu,SWAP13,presets[stack_swap],3773,59.12064745593685,0.001,0.48139088648039197,0.4812533608602595,3.0519892306549202e-06,0.001,2.9569059166119926e-06,3.1573608486936555e-06,,SWAP13,,,,,,,,,,,,,,,,,,,,,,
test_swap,erigon,SWAP13,presets[stack_swap],253,23.622630451420807,0.001,0.932581442633107,0.9323128428029601,1.2837151982186045e-06,0.001,1.236265556054821e-06,1.3242509803844285e-06,,SWAP13,,,,,,,,,,,,,,,,,,,,,,
test_swap,ethrex,SWAP13,presets[stack_swap],1606,16.998643927680195,0.001,0.7622690309960801,0.762120819668771,6.900218312563021e-07,0.001,6.649968459501672e-07,7.116112836816567e-07,,SWAP13,,,,,,,,,,,,,,,,,,,,,,
test_swap,geth,SWAP13,presets[stack_swap],4224,31.741204981922106,0.001,0.7270623358046657,0.726997689271223,1.5439800861537637e-06,0.001,1.5103090979406322e-06,1.5748038624410507e-06,,SWAP13,,,,,,,,,,,,,,,,,,,,,,
test_swap,nethermind,SWAP13,presets[stack_swap],1177,16.10822428955276,0.001,0.5684909692505049,0.5681237275222075,5.21771812857654e-07,0.001,4.971729326910582e-07,5.526458873533771e-07,,SWAP13,,,,,,,,,,,,,,,,,,,,,,
test_swap,reth,SWAP13,presets[stack_swap],110,12.189434585033935,0.001,0.7896983408946593,0.7877511033103506,4.5460474943682863e-07,0.001,4.080037451333009e-07,5.011339666725576e-07,,SWAP13,,,,,,,,,,,,,,,,,,,,,,
test_swap,besu,SWAP14,presets[stack_swap],3773,59.57878995396272,0.001,0.47240692191399336,0.47226701391131876,3.060703652976935e-06,0.001,2.956853771051499e-06,3.161425232276926e-06,,SWAP14,,,,,,,,,,,,,,,,,,,,,,
test_swap,erigon,SWAP14,presets[stack_swap],253,17.62728211406463,0.001,0.5848371679607622,0.5831831327733549,1.4270171717786204e-06,0.001,1.2930886813304088e-06,1.6213029616107987e-06,,SWAP14,,,,,,,,,,,,,,,,,,,,,,
test_swap,ethrex,SWAP14,presets[stack_swap],1606,15.6474315769506,0.001,0.8143179859286633,0.8142022240745042,7.053628149770327e-07,0.001,6.870780986384498e-07,7.230733234414995e-07,,SWAP14,,,,,,,,,,,,,,,,,,,,,,
test_swap,geth,SWAP14,presets[stack_swap],4224,32.00193938753503,0.001,0.7333947701818662,0.733331623514453,1.5397391784538674e-06,0.001,1.5123239912370043e-06,1.5700934219913104e-06,,SWAP14,,,,,,,,,,,,,,,,,,,,,,
test_swap,nethermind,SWAP14,presets[stack_swap],1177,19.435093758909062,0.001,0.4874711457013673,0.4870349509317514,4.784934829971526e-07,0.001,4.4197740402339325e-07,5.056143692335292e-07,,SWAP14,,,,,,,,,,,,,,,,,,,,,,
test_swap,reth,SWAP14,presets[stack_swap],110,10.370184222752657,0.001,0.7667292544344483,0.7645693401236562,4.910775707924414e-07,0.001,4.39255310009412e-07,5.458111033928221e-07,,SWAP14,,,,,,,,,,,,,,,,,,,,,,
test_swap,besu,SWAP15,presets[stack_swap],3773,58.78044504096916,0.001,0.4771000349745753,0.476961371499363,3.0675391830154505e-06,0.001,2.968074084317347e-06,3.1763745138854094e-06,,SWAP15,,,,,,,,,,,,,,,,,,,,,,
test_swap,erigon,SWAP15,presets[stack_swap],253,33.24959623122521,0.001,0.396682527786565,0.39427887251878235,1.1666655589752907e-06,0.001,8.336293965695269e-07,1.3429818337662728e-06,,SWAP15,,,,,,,,,,,,,,,,,,,,,,
test_swap,ethrex,SWAP15,presets[stack_swap],1606,15.263915936354433,0.001,0.814683053330615,0.8145675190745867,7.094145316304991e-07,0.001,6.923932790264681e-07,7.262817266119172e-07,,SWAP15,,,,,,,,,,,,,,,,,,,,,,
test_swap,geth,SWAP15,presets[stack_swap],4224,32.55136148977557,0.001,0.7349092313969968,0.7348464434366455,1.5323777195185615e-06,0.001,1.501236580207165e-06,1.5625479427715186e-06,,SWAP15,,,,,,,,,,,,,,,,,,,,,,
test_swap,nethermind,SWAP15,presets[stack_swap],1177,17.032357563506782,0.001,0.7179615800934838,0.717721547395691,5.019551455375557e-07,0.001,4.854532729500556e-07,5.178593355611921e-07,,SWAP15,,,,,,,,,,,,,,,,,,,,,,
test_swap,reth,SWAP15,presets[stack_swap],110,11.168694874653703,0.001,0.7903677595155194,0.7884267202517742,4.781320113082204e-07,0.001,4.2935040894556905e-07,5.239160228059114e-07,,SWAP15,,,,,,,,,,,,,,,,,,,,,,
test_swap,besu,SWAP16,presets[stack_swap],3773,59.66339918673019,0.001,0.4794925647273818,0.4793545357071557,3.0455438057215025e-06,0.001,2.9499198824526606e-06,3.1445914892597713e-06,,SWAP16,,,,,,,,,,,,,,,,,,,,,,
test_swap,erigon,SWAP16,presets[stack_swap],253,54.54164185255562,0.001,0.1172862546761323,0.11376946684615674,9.334154387889903e-07,0.001,5.067396483722088e-07,1.2622068331035744e-06,,SWAP16,,,,,,,,,,,,,,,,,,,,,,
test_swap,ethrex,SWAP16,presets[stack_swap],1606,15.911628910181292,0.001,0.8209400790955806,0.8208284457284333,7.06145645672972e-07,0.001,6.883602874467266e-07,7.240432866350595e-07,,SWAP16,,,,,,,,,,,,,,,,,,,,,,
test_swap,geth,SWAP16,presets[stack_swap],4224,31.47977488442463,0.001,0.726415005320139,0.7263502054635119,1.540418068743274e-06,0.001,1.5109404389435595e-06,1.571459755792272e-06,,SWAP16,,,,,,,,,,,,,,,,,,,,,,
test_swap,nethermind,SWAP16,presets[stack_swap],1177,15.731911630532842,0.001,0.44387741982819484,0.4434041240152826,5.272241465998192e-07,0.001,4.9813637903037e-07,5.665207442117286e-07,,SWAP16,,,,,,,,,,,,,,,,,,,,,,
test_swap,reth,SWAP16,presets[stack_swap],110,11.11036666589063,0.001,0.7794372724124008,0.7773950249347379,4.7473233520396105e-07,0.001,4.316489403014921e-07,5.212997576232438e-07,,SWAP16,,,,,,,,,,,,,,,,,,,,,,
test_swap,besu,SWAP2,presets[stack_swap],3773,63.8409801294741,0.001,0.47851356391767064,0.47837527528439505,3.0676704269187707e-06,0.001,2.967061506203924e-06,3.168283699369324e-06,,SWAP2,,,,,,,,,,,,,,,,,,,,,,
test_swap,erigon,SWAP2,presets[stack_swap],253,25.260466844493248,0.001,0.9518904605349148,0.9516987890629424,1.271504647013085e-06,0.001,1.235247099838102e-06,1.3073154771052634e-06,,SWAP2,,,,,,,,,,,,,,,,,,,,,,
test_swap,ethrex,SWAP2,presets[stack_swap],1606,16.2734262532512,0.001,0.8018233153390576,0.8016997637900172,6.951710398746774e-07,0.001,6.762158441223381e-07,7.136747568995423e-07,,SWAP2,,,,,,,,,,,,,,,,,,,,,,
test_swap,geth,SWAP2,presets[stack_swap],4224,33.757606506727406,0.001,0.6544732345666218,0.6543913949727247,1.5472049553337685e-06,0.001,1.5102918471338451e-06,1.5813319409583117e-06,,SWAP2,,,,,,,,,,,,,,,,,,,,,,
test_swap,nethermind,SWAP2,presets[stack_swap],1177,10.89185804876011,0.001,0.613606219539605,0.6132773737690005,5.70204042650377e-07,0.001,5.450333210589015e-07,5.966277888712245e-07,,SWAP2,,,,,,,,,,,,,,,,,,,,,,
test_swap,reth,SWAP2,presets[stack_swap],110,9.391137805633798,0.001,0.7912679447296495,0.7893352405141832,5.08123438560741e-07,0.001,4.499162629402967e-07,5.672381662617781e-07,,SWAP2,,,,,,,,,,,,,,,,,,,,,,
test_swap,besu,SWAP3,presets[stack_swap],3773,59.34912402253617,0.001,0.4838520287081076,0.4837151557377306,3.049154035281556e-06,0.001,2.949463146991636e-06,3.152963816891749e-06,,SWAP3,,,,,,,,,,,,,,,,,,,,,,
test_swap,erigon,SWAP3,presets[stack_swap],253,28.222828434681496,0.001,0.5322796520129154,0.5304162243316919,1.2272375914208114e-06,0.001,1.1078947300978098e-06,1.295617642549724e-06,,SWAP3,,,,,,,,,,,,,,,,,,,,,,
test_swap,ethrex,SWAP3,presets[stack_swap],1606,15.77351557922009,0.001,0.8144698506978125,0.814354183522437,7.081726124469831e-07,0.001,6.890446719750163e-07,7.262725166740504e-07,,SWAP3,,,,,,,,,,,,,,,,,,,,,,
test_swap,geth,SWAP3,presets[stack_swap],4224,35.01504280862696,0.001,0.6647106150367742,0.6646312002132395,1.5494344647063086e-06,0.001,1.5134686675191085e-06,1.5868246649979335e-06,,SWAP3,,,,,,,,,,,,,,,,,,,,,,
test_swap,nethermind,SWAP3,presets[stack_swap],1177,10.84681470897909,0.001,0.4754625452026857,0.4750161303475391,5.776829754748034e-07,0.001,5.424430326613799e-07,6.318006445640785e-07,,SWAP3,,,,,,,,,,,,,,,,,,,,,,
test_swap,reth,SWAP3,presets[stack_swap],110,11.688315982179374,0.001,0.7748069125637073,0.7727217913837416,4.6005857835944365e-07,0.001,4.0713354761913616e-07,5.108204499789245e-07,,SWAP3,,,,,,,,,,,,,,,,,,,,,,
test_swap,besu,SWAP4,presets[stack_swap],3773,52.48444926205244,0.001,0.49395881644255013,0.4938246236068149,3.168585877185588e-06,0.001,3.0620886657773956e-06,3.2787168749354645e-06,,SWAP4,,,,,,,,,,,,,,,,,,,,,,
test_swap,erigon,SWAP4,presets[stack_swap],253,20.321121275731507,0.001,0.6519652644971126,0.6505786719253879,1.3659398461562342e-06,0.001,1.238968314563704e-06,1.5825459900873844e-06,,SWAP4,,,,,,,,,,,,,,,,,,,,,,
test_swap,ethrex,SWAP4,presets[stack_swap],1606,14.692380767768604,0.001,0.8101569477078903,0.8100385916902517,7.275672621425201e-07,0.001,7.098710891795636e-07,7.461037925896837e-07,,SWAP4,,,,,,,,,,,,,,,,,,,,,,
test_swap,geth,SWAP4,presets[stack_swap],4224,34.337018825643206,0.001,0.659508112350162,0.659427465290084,1.5830162230966327e-06,0.001,1.5495183730914846e-06,1.6204224165650328e-06,,SWAP4,,,,,,,,,,,,,,,,,,,,,,
test_swap,nethermind,SWAP4,presets[stack_swap],1177,16.91882822969703,0.001,0.45158001201258924,0.45111327159728076,5.11531627191761e-07,0.001,4.877192547970659e-07,5.410283570263778e-07,,SWAP4,,,,,,,,,,,,,,,,,,,,,,
test_swap,reth,SWAP4,presets[stack_swap],110,12.822091806255088,0.001,0.7965052830293852,0.7946210726870646,4.406945326964228e-07,0.001,3.9840021325650704e-07,4.880085345960221e-07,,SWAP4,,,,,,,,,,,,,,,,,,,,,,
test_swap,besu,SWAP5,presets[stack_swap],3773,89.86101753797728,0.001,0.43250473658880373,0.43235424725880867,2.875440939574917e-06,0.001,2.7681106153568472e-06,2.9832056409135142e-06,,SWAP5,,,,,,,,,,,,,,,,,,,,,,
test_swap,erigon,SWAP5,presets[stack_swap],253,27.516343151000374,0.001,0.6474619322860835,0.6460573981517651,1.2311588414952335e-06,0.001,1.0954850131154579e-06,1.3085298475962434e-06,,SWAP5,,,,,,,,,,,,,,,,,,,,,,
test_swap,ethrex,SWAP5,presets[stack_swap],1606,15.785806639506983,0.001,0.8008664425398166,0.800742294436662,7.082213680671882e-07,0.001,6.888038184564139e-07,7.279962975955536e-07,,SWAP5,,,,,,,,,,,,,,,,,,,,,,
test_swap,geth,SWAP5,presets[stack_swap],4224,33.737252472366464,0.001,0.6255655718210843,0.6254768853151205,1.5985955490435454e-06,0.001,1.5598955987710797e-06,1.639848804149057e-06,,SWAP5,,,,,,,,,,,,,,,,,,,,,,
test_swap,nethermind,SWAP5,presets[stack_swap],1177,16.092959335638373,0.001,0.6839258416615659,0.6836568423778736,5.12613009442495e-07,0.001,4.92266352292342e-07,5.359846348000869e-07,,SWAP5,,,,,,,,,,,,,,,,,,,,,,
test_swap,reth,SWAP5,presets[stack_swap],110,8.091413896831655,0.001,0.8283006189218154,0.8267108098377581,5.228773524072378e-07,0.001,4.7285151122301105e-07,5.723392418145909e-07,,SWAP5,,,,,,,,,,,,,,,,,,,,,,
test_swap,besu,SWAP6,presets[stack_swap],3773,63.85249636770757,0.001,0.4881501791104156,0.4880144459306517,3.036242774571312e-06,0.001,2.942408187814411e-06,3.13161204354839e-06,,SWAP6,,,,,,,,,,,,,,,,,,,,,,
test_swap,erigon,SWAP6,presets[stack_swap],253,26.410093898214708,0.001,0.608631279302662,0.6070720413715969,1.2758333641778414e-06,0.001,1.21097269361589e-06,1.3225222644505645e-06,,SWAP6,,,,,,,,,,,,,,,,,,,,,,
test_swap,ethrex,SWAP6,presets[stack_swap],1606,16.091921693263448,0.001,0.8169914774605268,0.8168773823716617,7.015716003384449e-07,0.001,6.841389646822943e-07,7.195826214014953e-07,,SWAP6,,,,,,,,,,,,,,,,,,,,,,
test_swap,geth,SWAP6,presets[stack_swap],4224,32.265909113952276,0.001,0.735214178609759,0.7351514628775491,1.5346897918040192e-06,0.001,1.5044434427834303e-06,1.5638354586816178e-06,,SWAP6,,,,,,,,,,,,,,,,,,,,,,
test_swap,nethermind,SWAP6,presets[stack_swap],1177,17.881673834297924,0.001,0.5514334800372616,0.5510517212968677,4.886946316252191e-07,0.001,4.6115732904300596e-07,5.120793155467069e-07,,SWAP6,,,,,,,,,,,,,,,,,,,,,,
test_swap,reth,SWAP6,presets[stack_swap],110,11.601491473921582,0.001,0.7395919205002953,0.7371807345790018,4.77332943468867e-07,0.001,4.291251659048302e-07,5.28124947678026e-07,,SWAP6,,,,,,,,,,,,,,,,,,,,,,
test_swap,besu,SWAP7,presets[stack_swap],3773,60.11638056705174,0.001,0.47969815806226024,0.4795601835616138,3.0357966670362226e-06,0.001,2.932113247900701e-06,3.1347434668259094e-06,,SWAP7,,,,,,,,,,,,,,,,,,,,,,
test_swap,erigon,SWAP7,presets[stack_swap],253,28.634621343737805,0.001,0.4228679822161109,0.42056865146796785,1.2462959702598011e-06,0.001,1.137695033742303e-06,1.3136419548185616e-06,,SWAP7,,,,,,,,,,,,,,,,,,,,,,
test_swap,ethrex,SWAP7,presets[stack_swap],1606,16.235439879584614,0.001,0.8089041193987296,0.8087849823160604,6.973747633290582e-07,0.001,6.797397963727889e-07,7.154797895069402e-07,,SWAP7,,,,,,,,,,,,,,,,,,,,,,
test_swap,geth,SWAP7,presets[stack_swap],4224,32.825791018128065,0.001,0.740726197577018,0.7406647873916975,1.5290649186024805e-06,0.001,1.498090141825384e-06,1.559823327489365e-06,,SWAP7,,,,,,,,,,,,,,,,,,,,,,
test_swap,nethermind,SWAP7,presets[stack_swap],1177,16.492342576251854,0.001,0.4399027275123154,0.43942604898253856,5.116646047165954e-07,0.001,4.838623837814946e-07,5.369836994454464e-07,,SWAP7,,,,,,,,,,,,,,,,,,,,,,
test_swap,reth,SWAP7,presets[stack_swap],110,12.444853282453476,0.001,0.7888236005327387,0.7868682635006344,4.5965781656529464e-07,0.001,4.17349253690889e-07,5.030493332120997e-07,,SWAP7,,,,,,,,,,,,,,,,,,,,,,
test_swap,besu,SWAP8,presets[stack_swap],3773,58.25303134156449,0.001,0.47728429891599855,0.47714568430420223,3.0714549642573204e-06,0.001,2.974586853131296e-06,3.1701338077581642e-06,,SWAP8,,,,,,,,,,,,,,,,,,,,,,
test_swap,erigon,SWAP8,presets[stack_swap],253,32.11028490251285,0.001,0.5143848185846684,0.5124500967463603,1.219262748919124e-06,0.001,1.0005325169385885e-06,1.339153397614339e-06,,SWAP8,,,,,,,,,,,,,,,,,,,,,,
test_swap,ethrex,SWAP8,presets[stack_swap],1606,14.192959209348109,0.001,0.8214158531557585,0.8213045164058557,7.317300907267607e-07,0.001,7.131044567455503e-07,7.493214784886475e-07,,SWAP8,,,,,,,,,,,,,,,,,,,,,,
test_swap,geth,SWAP8,presets[stack_swap],4224,30.462702427227914,0.001,0.7596680018082549,0.7596110780758552,1.5493047843898053e-06,0.001,1.521241004838856e-06,1.5818460428448842e-06,,SWAP8,,,,,,,,,,,,,,,,,,,,,,
test_swap,nethermind,SWAP8,presets[stack_swap],1177,17.57430419795495,0.001,0.5349876087837934,0.5345918535572264,4.962176350648006e-07,0.001,4.672260651589446e-07,5.232557768770951e-07,,SWAP8,,,,,,,,,,,,,,,,,,,,,,
test_swap,reth,SWAP8,presets[stack_swap],110,9.917545725862166,0.001,0.7882747518245531,0.7863143328599657,5.054788008606052e-07,0.001,4.544900140498861e-07,5.586513599242291e-07,,SWAP8,,,,,,,,,,,,,,,,,,,,,,
test_swap,besu,SWAP9,presets[stack_swap],3773,59.83803521094597,0.001,0.47880541437299173,0.4786672031331012,3.040874240115724e-06,0.001,2.932057874048953e-06,3.1401125898147284e-06,,SWAP9,,,,,,,,,,,,,,,,,,,,,,
test_swap,erigon,SWAP9,presets[stack_swap],253,23.948968239092846,0.001,0.9501133867867317,0.9499146353396669,1.261928441301733e-06,0.001,1.2260724805585768e-06,1.2977814560756326e-06,,SWAP9,,,,,,,,,,,,,,,,,,,,,,
test_swap,ethrex,SWAP9,presets[stack_swap],1606,15.967479220791601,0.001,0.8036811443871962,0.803558751085692,7.029391517965853e-07,0.001,6.845926862957452e-07,7.20726691956166e-07,,SWAP9,,,,,,,,,,,,,,,,,,,,,,
test_swap,geth,SWAP9,presets[stack_swap],4224,31.30889298267245,0.001,0.7370324289144538,0.7369701438431402,1.5498961782681792e-06,0.001,1.518459029194477e-06,1.580563898334522e-06,,SWAP9,,,,,,,,,,,,,,,,,,,,,,
test_swap,nethermind,SWAP9,presets[stack_swap],1177,16.615039588518005,0.001,0.47922279099334686,0.47877957634738366,5.156135232383013e-07,0.001,4.906814046282338e-07,5.449183954819685e-07,,SWAP9,,,,,,,,,,,,,,,,,,,,,,
test_swap,reth,SWAP9,presets[stack_swap],110,11.193377925202483,0.001,0.788868017724677,0.7869130919628684,4.7331351519505484e-07,0.001,4.200010524295765e-07,5.274269945769535e-07,,SWAP9,,,,,,,,,,,,,,,,,,,,,,
